dependency_id,classification,route,path_or_source,pinned_revision_or_version,license_status,availability,role
mini_runner,project_owned_source,mini_replay,mini_replay/replay.py,current_publication,MIT,published,NumPy validation and saved-weight multiplication
entrypoint,project_owned_source,mini_replay,run.py,current_publication,MIT,published,Dispatches before external artifact access
mini_numpy,package_dependency,mini_replay,numpy,1.26.4,BSD-3-Clause,external_package,Only default numerical dependency
mini_payload,derived_artifact,mini_replay,mini_replay/bundle/,split0_q0_half1,derived_redistribution_unresolved_under_CC-BY-NC-ND-4.0,withheld_private_validation_only,Exact source features labels masks coefficients mappings and expected per-split scores
exporter,project_owned_source,export,scripts/export_mini_replay.py,current_publication,MIT,published,Exact indexing and safe-format export without fitting
registry,derived_artifact,export,integration/artifact_registry.csv,original_scientific_hashes,project_provenance_metadata,published,Checks every original parent before export
source_latents,derived_artifact,export,source_pilot://trajectory_project/trial_endpoint_fa_gpfa_v1/representations/{animal}/round_000/latents.npz,original_manifest,derived_redistribution_unresolved_under_CC-BY-NC-ND-4.0,external_verified,Original half1 FA50 and GPFA50 features
source_labels,derived_artifact,export,source_pilot://trajectory_project/condition_endpoint_fa_gpfa_v1/artifacts/{animal}_condition_labels.npz,original_manifest,derived_data_rights_review,external_verified,Original current condition-mean targets masks time and identities
source_split,derived_artifact,export,source_pilot://trajectory_project/condition_endpoint_fa_gpfa_v1/configs/condition_splits_100.json,seed0_iteration0,project_provenance_metadata,external_verified,Original nominal 39/40 split
source_heads,derived_artifact,export,source_pilot://trajectory_project/condition_endpoint_fa_gpfa_v1/readouts/models/{animal}_{representation}_r000_ols.npz,original_manifest,derived_redistribution_unresolved_under_CC-BY-NC-ND-4.0,external_verified,Objective and actual candidate coefficients
source_b,derived_artifact,export,source_pilot://trajectory_project/closeout_v1/artifacts/B/,q0_split0,derived_redistribution_unresolved_under_CC-BY-NC-ND-4.0,external_verified,Condition mappings paired coverage and original 2x2 scores
source_c,derived_artifact,export,source_pilot://trajectory_project/closeout_v1/artifacts/C/,q0_split0,derived_redistribution_unresolved_under_CC-BY-NC-ND-4.0,external_verified,Endpoint assignments geometry basis and random OLS coefficients
source_c_scores,derived_artifact,export,source_pilot://trajectory_project/closeout_v1/results/C/*_all_scores.npz,q0_split0,derived_redistribution_unresolved_under_CC-BY-NC-ND-4.0,external_verified,Per-split random metrics and row counts
optional_refit,package_dependency,optional_ols_refit,scikit-learn;scipy,1.5.2;1.14.1,BSD-3-Clause,external_package,Exact recorded dense OLS with intercept and no regularization
raw_loader,project_owned_source,full_analysis,data_pipeline.py,current_English_publication,MIT,published,Verified release-member loading with relocation support
gpfa,project_owned_source,full_analysis,gpfa_shared.py,current_English_publication,MIT,published,Actual shared learnable RBF GPFA and prefix inference
representation_entry,project_owned_source,full_analysis,trajectory_project/trial_endpoint_fa_gpfa_v1/representations.py,current_English_publication,MIT,published,Training-side preprocessing FA50 GPFA50 fitting and prefix audits
endpoint_constructor,project_owned_source,full_analysis,trajectory_project/trial_endpoint_fa_gpfa_v1/trial_data.py,current_English_publication,MIT,published,Original physical-anchor and endpoint construction
condition_mean_labels,project_owned_source,full_analysis,trajectory_project/condition_endpoint_fa_gpfa_v1/condition_data.py,current_English_publication,MIT,published,Actual condition averaging from retained behavioral members
split_and_ols,project_owned_source,full_analysis,trajectory_project/condition_endpoint_fa_gpfa_v1/,current_English_publication,MIT,published,Fixed split handling original OLS fitting scoring and current entry point
null_implementations,project_owned_source,full_analysis,trajectory_project/closeout_v1/null_condition.py;trajectory_project/closeout_v1/null_endpoint.py,current_English_publication,MIT,published,Actual B fixed-head and C endpoint-refit implementations
historical_capacity_fingerprint,project_owned_source,full_provenance_only,source_pilot://capacity_position_baselines.py,2871aa8d7a2350583e8485397b503ca49bfee3fbe9baf934f7bed7e170abf426,project_owned_not_vendored,external_verified,Fingerprint only in final configuration; no functions imported by final fitting pipeline
historical_fingerprints,project_owned_source,full_provenance_only,source_pilot://official_reproduction.py;source_pilot://gpfa_config.json;historical manifests,original_records,project_owned,external_verified,Historical provenance and unchanged scientific configuration
upstream_code,unmodified_upstream_source,full_provenance_only,https://github.com/jazlab/MentalPong,b976255be73140c759d8f8db0fd8ff551a4e2d73,MIT_code_notice_separate_from_data,external_pinned,PhysDataset.py and phys_utils.py recorded source identities; not needed by numeric mini replay
raw_release,raw_data,full_analysis,https://zenodo.org/records/13952210,v1_archive_md5_382e420c6f053d8ac2bdd4acd2fb02b2,CC-BY-NC-ND-4.0,external_provider,Published neural condition means physical metadata and behavior records
prepared_physics,derived_artifact,full_analysis,source_pilot://trajectory_project/configs/frozen_representation.json;source_pilot://trajectory_project/results/condition_event_table.csv;prepared physical arrays,original_manifest,derived_data_rights_review,external_verified,Earlier fixed physical audit and time support consumed by endpoint construction
historical_full_packages,derived_artifact,full_analysis,source_pilot://trajectory_project/{trial_endpoint_fa_gpfa_v1;condition_endpoint_fa_gpfa_v1;closeout_v1}/,original_manifest,derived_data_rights_review,external_verified,All source manifests fitted representations and saved records required by historical lock checks
scientific_packages,package_dependency,full_analysis,requirements.lock.txt,recorded_versions,multiple_external_licenses,external_packages,NumPy SciPy sklearn pandas joblib threadpoolctl matplotlib pytest and optional report/PDF tools
