animal,epoch,metric,mean_of_q_means,q025,q975,minimum_over_all_q_splits,maximum_over_all_q_splits,n_zero_support_q_splits,interpretation
mahler,full,shared_n_bins,1474.30573,1469.7694999999999,1478.9105000000002,1313,1694,0,support varies by mapping; not a fixed-support exact permutation test
mahler,full,shared_n_conditions,39.57,39.57,39.57,39,40,0,support varies by mapping; not a fixed-support exact permutation test
mahler,full,shared_bins_fraction,0.86677685245802016,0.86412612590269589,0.86948806604955153,0.79401408450704225,0.93306863301191156,0,support varies by mapping; not a fixed-support exact permutation test
mahler,visible,shared_n_bins,826.35397999999998,823.30824999999993,829.32225000000005,694,979,0,support varies by mapping; not a fixed-support exact permutation test
mahler,visible,shared_n_conditions,39.57,39.57,39.57,39,40,0,support varies by mapping; not a fixed-support exact permutation test
mahler,visible,shared_bins_fraction,0.84627100558287782,0.84313852511794463,0.84934291896294256,0.76086956521739135,0.91926803013993541,0,support varies by mapping; not a fixed-support exact permutation test
mahler,hidden,shared_n_bins,324.20356000000004,317.67700000000002,330.98124999999999,177,488,0,support varies by mapping; not a fixed-support exact permutation test
mahler,hidden,shared_n_conditions,33.387920000000001,33,33.789999999999999,23,40,0,support varies by mapping; not a fixed-support exact permutation test
mahler,hidden,shared_bins_fraction,0.47331370107385912,0.46392576167440669,0.48321248688576812,0.26610644257703081,0.70014347202295557,0,support varies by mapping; not a fixed-support exact permutation test
mahler,bounce,shared_n_bins,179.79967000000002,168.56700000000001,191.54075,0,578,1249,support varies by mapping; not a fixed-support exact permutation test
mahler,bounce,shared_n_conditions,4.3480400000000001,4.0800000000000001,4.6399999999999997,0,14,1249,support varies by mapping; not a fixed-support exact permutation test
mahler,bounce,shared_bins_fraction,0.29138098143900415,0.27162151116267819,0.31131504224255963,0,0.72120200333889817,1249,support varies by mapping; not a fixed-support exact permutation test
mahler,no_bounce,shared_n_bins,645.08275000000003,634.72675000000004,655.67099999999994,167,1075,0,support varies by mapping; not a fixed-support exact permutation test
mahler,no_bounce,shared_n_conditions,18.038040000000002,17.77,18.329999999999998,5,28,0,support varies by mapping; not a fixed-support exact permutation test
mahler,no_bounce,shared_bins_fraction,0.58257128908956901,0.57298920766348826,0.59227595796155474,0.20217917675544794,0.80584707646176912,0,support varies by mapping; not a fixed-support exact permutation test
mahler,post_bounce,shared_n_bins,57.553309999999996,52.467999999999996,62.890749999999997,0,232,1955,support varies by mapping; not a fixed-support exact permutation test
mahler,post_bounce,shared_n_conditions,3.8069999999999999,3.54,4.0899999999999999,0,14,1955,support varies by mapping; not a fixed-support exact permutation test
mahler,post_bounce,shared_bins_fraction,0.17585559917421315,0.15987416466020479,0.19339676232115993,0,0.58630952380952384,1955,support varies by mapping; not a fixed-support exact permutation test
perle,full,shared_n_bins,1474.1977800000002,1469.9694999999999,1478.271,1309,1687,0,support varies by mapping; not a fixed-support exact permutation test
perle,full,shared_n_conditions,39.57,39.57,39.57,39,40,0,support varies by mapping; not a fixed-support exact permutation test
perle,full,shared_bins_fraction,0.86671241243084818,0.86425211673858604,0.86910264887607103,0.79676674364896072,0.9331698344573881,0,support varies by mapping; not a fixed-support exact permutation test
perle,visible,shared_n_bins,826.28537999999992,823.49000000000001,829.26999999999998,689,978,0,support varies by mapping; not a fixed-support exact permutation test
perle,visible,shared_n_conditions,39.57,39.57,39.57,39,40,0,support varies by mapping; not a fixed-support exact permutation test
perle,visible,shared_bins_fraction,0.84619801790910809,0.84336551206179144,0.84926936493255101,0.7639751552795031,0.91972249752229929,0,support varies by mapping; not a fixed-support exact permutation test
perle,hidden,shared_n_bins,324.06065999999998,318.03975000000003,330.25,177,510,0,support varies by mapping; not a fixed-support exact permutation test
perle,hidden,shared_n_conditions,33.37426,33.009999999999998,33.759999999999998,22,40,0,support varies by mapping; not a fixed-support exact permutation test
perle,hidden,shared_bins_fraction,0.47310201560996928,0.46424631049184467,0.48218597604655483,0.26666666666666666,0.70153846153846156,0,support varies by mapping; not a fixed-support exact permutation test
perle,bounce,shared_n_bins,179.52600000000001,168.19449999999998,191.34,0,606,1229,support varies by mapping; not a fixed-support exact permutation test
perle,bounce,shared_n_conditions,4.3412199999999999,4.0800000000000001,4.6200000000000001,0,14,1229,support varies by mapping; not a fixed-support exact permutation test
perle,bounce,shared_bins_fraction,0.29106079075455832,0.27190397184113141,0.31179167202468344,0,0.73088235294117643,1229,support varies by mapping; not a fixed-support exact permutation test
perle,no_bounce,shared_n_bins,644.69710000000009,634.78999999999996,654.95175000000006,169,1083,0,support varies by mapping; not a fixed-support exact permutation test
perle,no_bounce,shared_n_conditions,18.031220000000001,17.77,18.309999999999999,5,29,0,support varies by mapping; not a fixed-support exact permutation test
perle,no_bounce,shared_bins_fraction,0.58220048527496182,0.57294167872252832,0.59183822606160752,0.20460048426150121,0.82409638554216869,0,support varies by mapping; not a fixed-support exact permutation test
perle,post_bounce,shared_n_bins,57.57114,52.399749999999997,63.030749999999998,0,280,1894,support varies by mapping; not a fixed-support exact permutation test
perle,post_bounce,shared_n_conditions,3.8034599999999998,3.54,4.0800000000000001,0,14,1894,support varies by mapping; not a fixed-support exact permutation test
perle,post_bounce,shared_bins_fraction,0.17590224707591168,0.16044943642082918,0.19291265181420159,0,0.62,1894,support varies by mapping; not a fixed-support exact permutation test
