metric,direction,null,observed_mean,observed_ci_low,observed_ci_high,null_mean,null_ci_low,null_ci_high,paired_superiority,paired_p_value,standardized_separation,n_splits
acceleration_direction_cosine,higher,block_shuffle_16,0.6163235243984331,0.5824205926388956,0.6547566534813098,0.004402599821642738,-0.10262981620725117,0.11629855455761445,1.0,0.004975124378109453,13.996914322362512,200
acceleration_direction_cosine,higher,block_shuffle_32,0.6163235243984331,0.5824205926388956,0.6547566534813098,0.0814123976015676,-0.023919932125415804,0.2405889387065366,1.0,0.004975124378109453,11.12850720761724,200
acceleration_direction_cosine,higher,block_shuffle_4,0.6163235243984331,0.5824205926388956,0.6547566534813098,-0.0017009746595799619,-0.10506075277397492,0.09442088398811808,1.0,0.004975124378109453,15.908882414502386,200
acceleration_direction_cosine,higher,block_shuffle_8,0.6163235243984331,0.5824205926388956,0.6547566534813098,0.0014078761382892732,-0.09572408252158406,0.08902568410834495,1.0,0.004975124378109453,16.41921296334125,200
acceleration_direction_cosine,higher,circular_shift,0.6163235243984331,0.5824205926388956,0.6547566534813098,-0.0055931996859574385,-0.10509020666270281,0.08727093429482394,1.0,0.004975124378109453,16.480362327894635,200
acceleration_direction_cosine,higher,condition_shuffle,0.6163235243984331,0.5824205926388956,0.6547566534813098,0.017105731343933346,-0.05085900913456838,0.09232253161584823,1.0,0.004975124378109453,19.522931166093667,200
acceleration_direction_cosine,higher,frame_shuffle,0.6163235243984331,0.5824205926388956,0.6547566534813098,-0.003921304015881939,-0.08346851283459383,0.07636582773256838,1.0,0.004975124378109453,17.63866865348159,200
acceleration_direction_cosine,higher,independent_neuron_shift,0.6163235243984331,0.5824205926388956,0.6547566534813098,-0.005023116292527129,-0.0824741690176357,0.08245366530425116,1.0,0.004975124378109453,18.22368419385417,200
acceleration_direction_cosine,higher,time_reversal,0.6163235243984331,0.5824205926388956,0.6547566534813098,0.07778383916391568,0.04852633633476869,0.10815953272869491,1.0,0.004975124378109453,31.044873536792334,200
best_lag_correlation,higher,block_shuffle_16,0.8594369670812386,0.8216285634757761,0.8904648400852516,0.30455537472582545,0.19113568765483305,0.4317083198048285,1.0,0.004975124378109453,11.392027722046208,200
best_lag_correlation,higher,block_shuffle_32,0.8594369670812386,0.8216285634757761,0.8904648400852516,0.2961586919293295,0.15606465912866366,0.48949837141941954,1.0,0.004975124378109453,8.803074647022342,200
best_lag_correlation,higher,block_shuffle_4,0.8594369670812386,0.8216285634757761,0.8904648400852516,0.3672562505352491,0.29112760195643267,0.4498619924222447,1.0,0.004975124378109453,15.352758090479773,200
best_lag_correlation,higher,block_shuffle_8,0.8594369670812386,0.8216285634757761,0.8904648400852516,0.3275475603930415,0.21736887279432537,0.43146784600751026,1.0,0.004975124378109453,13.283288933787903,200
best_lag_correlation,higher,circular_shift,0.8594369670812386,0.8216285634757761,0.8904648400852516,0.20743840019853377,0.10901046979102434,0.34766737637825007,1.0,0.004975124378109453,13.673512495836196,200
best_lag_correlation,higher,condition_shuffle,0.8594369670812386,0.8216285634757761,0.8904648400852516,-0.02041703138855979,-0.12174386434649928,0.11516550257278074,1.0,0.004975124378109453,19.222884205591754,200
best_lag_correlation,higher,frame_shuffle,0.8594369670812386,0.8216285634757761,0.8904648400852516,0.36030263902252535,0.2871104794946173,0.4384816480034221,1.0,0.004975124378109453,16.96281161563728,200
best_lag_correlation,higher,independent_neuron_shift,0.8594369670812386,0.8216285634757761,0.8904648400852516,0.41950969984907693,0.34937382561410085,0.4820594278124082,1.0,0.004975124378109453,16.08832875449272,200
best_lag_correlation,higher,time_reversal,0.8594369670812386,0.8216285634757761,0.8904648400852516,0.2173456692665514,0.20049762135027405,0.23183543050219318,1.0,0.004975124378109453,46.097518077473985,200
normalized_position_rmse,lower,block_shuffle_16,0.5427705733321793,0.47893081218343564,0.6526907346656975,1.1971124130474136,1.0624057880936353,1.3319595387635734,1.0,0.004975124378109453,11.364581726877494,200
normalized_position_rmse,lower,block_shuffle_32,0.5427705733321793,0.47893081218343564,0.6526907346656975,1.1972008840683461,1.0323825920768663,1.3360403783313155,1.0,0.004975124378109453,9.777955941306324,200
normalized_position_rmse,lower,block_shuffle_4,0.5427705733321793,0.47893081218343564,0.6526907346656975,1.0484015669363254,0.9792433787199987,1.1303709664470352,1.0,0.004975124378109453,12.375506978979702,200
normalized_position_rmse,lower,block_shuffle_8,0.5427705733321793,0.47893081218343564,0.6526907346656975,1.1308363698546922,1.025259439648304,1.2438928471644184,1.0,0.004975124378109453,12.111102298861255,200
normalized_position_rmse,lower,circular_shift,0.5427705733321793,0.47893081218343564,0.6526907346656975,1.311983780392407,1.1780751403016578,1.4465218388003518,1.0,0.004975124378109453,13.479738872996172,200
normalized_position_rmse,lower,condition_shuffle,0.5427705733321793,0.47893081218343564,0.6526907346656975,1.455429363564606,1.325135138267895,1.5943188843752278,1.0,0.004975124378109453,16.42151881643969,200
normalized_position_rmse,lower,frame_shuffle,0.5427705733321793,0.47893081218343564,0.6526907346656975,1.0526934161055461,0.9793277978315436,1.1170556744301068,1.0,0.004975124378109453,12.388730290450484,200
normalized_position_rmse,lower,independent_neuron_shift,0.5427705733321793,0.47893081218343564,0.6526907346656975,0.9603072933217106,0.9088109734003992,1.0127554806418335,1.0,0.004975124378109453,11.682052906522705,200
normalized_position_rmse,lower,time_reversal,0.5427705733321793,0.47893081218343564,0.6526907346656975,1.2723936864099687,1.1949387555881552,1.3666429884551128,1.0,0.004975124378109453,16.570200823277883,200
path_length_similarity,higher,block_shuffle_16,0.9449108838172044,0.8584232625678644,0.9978087531850751,0.8375843648831156,0.7350549560710605,0.9618514487847992,0.91,0.0945273631840796,2.0300771112117424,200
path_length_similarity,higher,block_shuffle_32,0.9449108838172044,0.8584232625678644,0.9978087531850751,0.9045444178088963,0.7875877133659793,0.9955386982411238,0.75,0.2537313432835821,0.8027858568728893,200
path_length_similarity,higher,block_shuffle_4,0.9449108838172044,0.8584232625678644,0.9978087531850751,0.931179089664331,0.8334203088559106,0.9964465324825562,0.585,0.417910447761194,0.31590260627912825,200
path_length_similarity,higher,block_shuffle_8,0.9449108838172044,0.8584232625678644,0.9978087531850751,0.8162360296987444,0.7004813730541801,0.9275222960979939,0.96,0.04477611940298507,2.486567612208221,200
path_length_similarity,higher,circular_shift,0.9449108838172044,0.8584232625678644,0.9978087531850751,0.9396869335927459,0.8446724504508422,0.9964265311320446,0.63,0.373134328358209,0.12747143628330693,200
path_length_similarity,higher,condition_shuffle,0.9449108838172044,0.8584232625678644,0.9978087531850751,0.8797288429562315,0.7592013296580887,0.9917529644429185,0.825,0.1791044776119403,1.2081702125202456,200
path_length_similarity,higher,frame_shuffle,0.9449108838172044,0.8584232625678644,0.9978087531850751,0.9346662760810125,0.8331549575119422,0.9961380715354247,0.56,0.4427860696517413,0.23907633072480075,200
path_length_similarity,higher,independent_neuron_shift,0.9449108838172044,0.8584232625678644,0.9978087531850751,0.5283444564143174,0.47120075869876804,0.5972544777828708,1.0,0.004975124378109453,11.00355257721854,200
path_length_similarity,higher,time_reversal,0.9449108838172044,0.8584232625678644,0.9978087531850751,0.9451623355197691,0.8595530434027373,0.9985419380330766,0.445,0.5572139303482587,-0.0063903598651716435,200
position_correlation,higher,block_shuffle_16,0.8565876633053474,0.8184342999732868,0.8885257049365544,0.24330614041028703,0.1132484728629635,0.37351122681770643,1.0,0.004975124378109453,11.843588353329842,200
position_correlation,higher,block_shuffle_32,0.8565876633053474,0.8184342999732868,0.8885257049365544,0.26580528646973867,0.10744624457493857,0.46068226890232555,1.0,0.004975124378109453,8.95452197073475,200
position_correlation,higher,block_shuffle_4,0.8565876633053474,0.8184342999732868,0.8885257049365544,0.3084750477282244,0.22507440092924344,0.3941666809939901,1.0,0.004975124378109453,16.285388253216574,200
position_correlation,higher,block_shuffle_8,0.8565876633053474,0.8184342999732868,0.8885257049365544,0.2693853058023326,0.1717172754060505,0.3741821407330274,1.0,0.004975124378109453,14.638762781710666,200
position_correlation,higher,circular_shift,0.8565876633053474,0.8184342999732868,0.8885257049365544,0.13845921214314244,0.025073052426097364,0.28256712282695395,1.0,0.004975124378109453,14.592009888724291,200
position_correlation,higher,condition_shuffle,0.8565876633053474,0.8184342999732868,0.8885257049365544,-0.05380121192093045,-0.15292346932410536,0.0728791560916019,1.0,0.004975124378109453,20.572167689430547,200
position_correlation,higher,frame_shuffle,0.8565876633053474,0.8184342999732868,0.8885257049365544,0.30722117047338743,0.22188999472835338,0.38817504487179694,1.0,0.004975124378109453,16.5530461513679,200
position_correlation,higher,independent_neuron_shift,0.8565876633053474,0.8184342999732868,0.8885257049365544,0.3732641810811913,0.30312893502454047,0.43944016934837465,1.0,0.004975124378109453,16.863962298324193,200
position_correlation,higher,time_reversal,0.8565876633053474,0.8184342999732868,0.8885257049365544,0.1949279154157507,0.17724133178622603,0.20861384312351208,1.0,0.004975124378109453,46.519044718551605,200
position_cosine,higher,block_shuffle_16,0.8432196052650172,0.8100612555492979,0.8741449894112298,0.28528508870695773,0.16832508852781738,0.39942921911278734,1.0,0.004975124378109453,11.825000311986804,200
position_cosine,higher,block_shuffle_32,0.8432196052650172,0.8100612555492979,0.8741449894112298,0.2994198791240045,0.15123865866604552,0.47322779629519335,1.0,0.004975124378109453,8.791623495482852,200
position_cosine,higher,block_shuffle_4,0.8432196052650172,0.8100612555492979,0.8741449894112298,0.3431241405884377,0.2649979905620426,0.42267617112989647,1.0,0.004975124378109453,16.10692457491618,200
position_cosine,higher,block_shuffle_8,0.8432196052650172,0.8100612555492979,0.8741449894112298,0.30959632890684835,0.22475274584689772,0.3974731628869991,1.0,0.004975124378109453,15.219528959400066,200
position_cosine,higher,circular_shift,0.8432196052650172,0.8100612555492979,0.8741449894112298,0.18895313250967308,0.07345129429776856,0.32848053051269793,1.0,0.004975124378109453,13.537683614019935,200
position_cosine,higher,condition_shuffle,0.8432196052650172,0.8100612555492979,0.8741449894112298,-0.042517875142979326,-0.1664078261038731,0.09709688931601114,1.0,0.004975124378109453,17.63077115478455,200
position_cosine,higher,frame_shuffle,0.8432196052650172,0.8100612555492979,0.8741449894112298,0.34216076664656464,0.2690872921354006,0.41345802730540454,1.0,0.004975124378109453,16.89302531726013,200
position_cosine,higher,independent_neuron_shift,0.8432196052650172,0.8100612555492979,0.8741449894112298,0.3939746809472768,0.3267833522213208,0.45907279489271774,1.0,0.004975124378109453,17.002843758344042,200
position_cosine,higher,time_reversal,0.8432196052650172,0.8100612555492979,0.8741449894112298,0.20968643385110033,0.1868109447725619,0.22732622128476415,1.0,0.004975124378109453,42.553617697545505,200
speed_profile_correlation,higher,block_shuffle_16,0.743404371360889,0.6791444584934965,0.7950622117535684,0.19315266016614202,0.07985476441943372,0.3360397076180288,1.0,0.004975124378109453,10.35091502356371,200
speed_profile_correlation,higher,block_shuffle_32,0.743404371360889,0.6791444584934965,0.7950622117535684,0.20055305886217734,0.06854955453174594,0.3896376944663117,1.0,0.004975124378109453,9.31807864580665,200
speed_profile_correlation,higher,block_shuffle_4,0.743404371360889,0.6791444584934965,0.7950622117535684,0.20173582355132766,0.08944243133213334,0.3147998437536017,1.0,0.004975124378109453,11.019597344716523,200
speed_profile_correlation,higher,block_shuffle_8,0.743404371360889,0.6791444584934965,0.7950622117535684,0.20774260785030435,0.08632107468508997,0.3135942084892096,1.0,0.004975124378109453,11.061240783375384,200
speed_profile_correlation,higher,circular_shift,0.743404371360889,0.6791444584934965,0.7950622117535684,0.13748752070910053,-0.0016583843368821764,0.2834732566845113,1.0,0.004975124378109453,10.685551182424884,200
speed_profile_correlation,higher,condition_shuffle,0.743404371360889,0.6791444584934965,0.7950622117535684,-0.06294281956384101,-0.24162499564964848,0.13601909725371766,1.0,0.004975124378109453,11.110946683010773,200
speed_profile_correlation,higher,frame_shuffle,0.743404371360889,0.6791444584934965,0.7950622117535684,0.19819580972586706,0.09119265622506337,0.30837448019004404,1.0,0.004975124378109453,11.20185077214478,200
speed_profile_correlation,higher,independent_neuron_shift,0.743404371360889,0.6791444584934965,0.7950622117535684,0.2085561263743973,0.0971910812439784,0.3132067815012058,1.0,0.004975124378109453,11.314036329421041,200
speed_profile_correlation,higher,time_reversal,0.743404371360889,0.6791444584934965,0.7950622117535684,0.11794216086930503,0.08364950980333777,0.14991733549853797,1.0,0.004975124378109453,24.504737050632166,200
velocity_direction_cosine,higher,block_shuffle_16,0.6627189185917025,0.6250204334899521,0.6948931858211927,0.004186510560508183,-0.08830331236393141,0.10642675676362527,1.0,0.004975124378109453,17.319203621031246,200
velocity_direction_cosine,higher,block_shuffle_32,0.6627189185917025,0.6250204334899521,0.6948931858211927,0.09390543166992352,-0.006623556712464253,0.24267680269425637,1.0,0.004975124378109453,11.712321924994173,200
velocity_direction_cosine,higher,block_shuffle_4,0.6627189185917025,0.6250204334899521,0.6948931858211927,0.0005938712499355603,-0.08730957254756405,0.08243442780836459,1.0,0.004975124378109453,19.1914236136999,200
velocity_direction_cosine,higher,block_shuffle_8,0.6627189185917025,0.6250204334899521,0.6948931858211927,0.0034870617050091635,-0.07598790411840652,0.09107247489373153,1.0,0.004975124378109453,19.25806695572393,200
velocity_direction_cosine,higher,circular_shift,0.6627189185917025,0.6250204334899521,0.6948931858211927,-0.008748488777829242,-0.09728915915082456,0.07863069458849117,1.0,0.004975124378109453,18.61387495567169,200
velocity_direction_cosine,higher,condition_shuffle,0.6627189185917025,0.6250204334899521,0.6948931858211927,0.023985989599846436,-0.03370923023219055,0.08155692181711409,1.0,0.004975124378109453,25.00850417739718,200
velocity_direction_cosine,higher,frame_shuffle,0.6627189185917025,0.6250204334899521,0.6948931858211927,0.003280325114902348,-0.06762700852106267,0.08078657755126027,1.0,0.004975124378109453,20.385990557133354,200
velocity_direction_cosine,higher,independent_neuron_shift,0.6627189185917025,0.6250204334899521,0.6948931858211927,0.0038251856819105077,-0.07925182097997138,0.0756717588368935,1.0,0.004975124378109453,20.39278709799176,200
velocity_direction_cosine,higher,time_reversal,0.6627189185917025,0.6250204334899521,0.6948931858211927,0.06846789440795686,0.045039084533258576,0.09194112613406717,1.0,0.004975124378109453,37.63820432817965,200
zero_lag_correlation,higher,block_shuffle_16,0.8593982307455426,0.8216285634757761,0.8904648400852516,0.2573866294368756,0.1302839157048153,0.3859969596871886,1.0,0.004975124378109453,11.835418379920458,200
zero_lag_correlation,higher,block_shuffle_32,0.8593982307455426,0.8216285634757761,0.8904648400852516,0.2790896967354344,0.1226967313636762,0.46930234184251685,1.0,0.004975124378109453,8.960291434504269,200
zero_lag_correlation,higher,block_shuffle_4,0.8593982307455426,0.8216285634757761,0.8904648400852516,0.3244441969955417,0.24432802464334896,0.40716410223297744,1.0,0.004975124378109453,16.274464937813477,200
zero_lag_correlation,higher,block_shuffle_8,0.8593982307455426,0.8216285634757761,0.8904648400852516,0.28426695416164927,0.18834264426641711,0.38750334159271077,1.0,0.004975124378109453,14.634616873263955,200
zero_lag_correlation,higher,circular_shift,0.8593982307455426,0.8216285634757761,0.8904648400852516,0.15362030378179017,0.04274530050589007,0.2971053316131647,1.0,0.004975124378109453,14.597208542410192,200
zero_lag_correlation,higher,condition_shuffle,0.8593982307455426,0.8216285634757761,0.8904648400852516,-0.035424035162077726,-0.1328244710217983,0.08951750102635735,1.0,0.004975124378109453,20.583387525815816,200
zero_lag_correlation,higher,frame_shuffle,0.8593982307455426,0.8216285634757761,0.8904648400852516,0.3233160836488226,0.24042696576159087,0.40431400653816746,1.0,0.004975124378109453,16.514657307462567,200
zero_lag_correlation,higher,independent_neuron_shift,0.8593982307455426,0.8216285634757761,0.8904648400852516,0.3899224876524396,0.3209499160338389,0.45454777315327777,1.0,0.004975124378109453,16.93514998209365,200
zero_lag_correlation,higher,time_reversal,0.8593982307455426,0.8216285634757761,0.8904648400852516,0.20909183714194757,0.19229602997237802,0.22231810552987838,1.0,0.004975124378109453,46.64900337732485,200
