animal,condition_id,condition_index,n_all_source_behavior_records,n_valid_terminal_endpoints,n_behavior_trials_in_mean,n_condition_time_rows,candidate_status,n_neural_trials,data_mode
mahler,29337,0,123,109,109,50,valid_condition_mean,0,condition_mean_neural_and_behavior
mahler,55062,1,104,102,102,50,valid_condition_mean,0,condition_mean_neural_and_behavior
mahler,58244,2,101,96,96,50,valid_condition_mean,0,condition_mean_neural_and_behavior
mahler,59920,3,100,95,0,0,unknown_geometry_or_no_valid_trial,0,condition_mean_neural_and_behavior
mahler,68220,4,107,104,104,52,valid_condition_mean,0,condition_mean_neural_and_behavior
mahler,72780,5,106,98,98,49,valid_condition_mean,0,condition_mean_neural_and_behavior
mahler,77046,6,100,97,97,47,valid_condition_mean,0,condition_mean_neural_and_behavior
mahler,77944,7,101,96,96,45,valid_condition_mean,0,condition_mean_neural_and_behavior
mahler,90751,8,97,94,94,53,valid_condition_mean,0,condition_mean_neural_and_behavior
mahler,93053,9,90,84,84,50,valid_condition_mean,0,condition_mean_neural_and_behavior
mahler,99902,10,104,98,98,49,valid_condition_mean,0,condition_mean_neural_and_behavior
mahler,105802,11,101,97,97,46,valid_condition_mean,0,condition_mean_neural_and_behavior
mahler,118879,12,94,92,92,42,valid_condition_mean,0,condition_mean_neural_and_behavior
mahler,122957,13,108,99,99,42,valid_condition_mean,0,condition_mean_neural_and_behavior
mahler,126479,14,95,88,88,44,valid_condition_mean,0,condition_mean_neural_and_behavior
mahler,158705,15,98,92,92,48,valid_condition_mean,0,condition_mean_neural_and_behavior
mahler,159613,16,108,101,101,50,valid_condition_mean,0,condition_mean_neural_and_behavior
mahler,163248,17,101,98,98,36,valid_condition_mean,0,condition_mean_neural_and_behavior
mahler,167848,18,101,90,90,44,valid_condition_mean,0,condition_mean_neural_and_behavior
mahler,179553,19,108,95,95,39,valid_condition_mean,0,condition_mean_neural_and_behavior
mahler,182748,20,87,82,82,49,valid_condition_mean,0,condition_mean_neural_and_behavior
mahler,183171,21,102,99,99,39,valid_condition_mean,0,condition_mean_neural_and_behavior
mahler,184642,22,89,86,86,44,valid_condition_mean,0,condition_mean_neural_and_behavior
mahler,187617,23,104,90,90,38,valid_condition_mean,0,condition_mean_neural_and_behavior
mahler,197632,24,99,95,95,47,valid_condition_mean,0,condition_mean_neural_and_behavior
mahler,199564,25,98,97,97,42,valid_condition_mean,0,condition_mean_neural_and_behavior
mahler,204372,26,103,97,97,45,valid_condition_mean,0,condition_mean_neural_and_behavior
mahler,204678,27,105,91,91,40,valid_condition_mean,0,condition_mean_neural_and_behavior
mahler,206128,28,97,91,91,34,valid_condition_mean,0,condition_mean_neural_and_behavior
mahler,217817,29,100,94,94,39,valid_condition_mean,0,condition_mean_neural_and_behavior
mahler,218791,30,104,97,97,44,valid_condition_mean,0,condition_mean_neural_and_behavior
mahler,226533,31,116,103,103,36,valid_condition_mean,0,condition_mean_neural_and_behavior
mahler,232533,32,103,101,101,36,valid_condition_mean,0,condition_mean_neural_and_behavior
mahler,241919,33,88,80,80,46,valid_condition_mean,0,condition_mean_neural_and_behavior
mahler,242380,34,98,93,93,44,valid_condition_mean,0,condition_mean_neural_and_behavior
mahler,244437,35,104,97,97,36,valid_condition_mean,0,condition_mean_neural_and_behavior
mahler,245662,36,104,95,95,47,valid_condition_mean,0,condition_mean_neural_and_behavior
mahler,248856,37,98,88,88,31,valid_condition_mean,0,condition_mean_neural_and_behavior
mahler,251629,38,107,98,98,50,valid_condition_mean,0,condition_mean_neural_and_behavior
mahler,258471,39,103,92,92,44,valid_condition_mean,0,condition_mean_neural_and_behavior
mahler,269179,40,93,90,90,36,valid_condition_mean,0,condition_mean_neural_and_behavior
mahler,270569,41,93,87,87,49,valid_condition_mean,0,condition_mean_neural_and_behavior
mahler,273073,42,102,97,97,33,valid_condition_mean,0,condition_mean_neural_and_behavior
mahler,273515,43,101,89,89,34,valid_condition_mean,0,condition_mean_neural_and_behavior
mahler,287936,44,112,99,99,35,valid_condition_mean,0,condition_mean_neural_and_behavior
mahler,297652,45,100,94,94,33,valid_condition_mean,0,condition_mean_neural_and_behavior
mahler,301600,46,108,96,96,32,valid_condition_mean,0,condition_mean_neural_and_behavior
mahler,320246,47,112,100,100,33,valid_condition_mean,0,condition_mean_neural_and_behavior
mahler,325813,48,78,76,76,37,valid_condition_mean,0,condition_mean_neural_and_behavior
mahler,328386,49,104,102,102,32,valid_condition_mean,0,condition_mean_neural_and_behavior
mahler,330797,50,95,93,93,36,valid_condition_mean,0,condition_mean_neural_and_behavior
mahler,332165,51,96,81,81,63,valid_condition_mean,0,condition_mean_neural_and_behavior
mahler,340684,52,185,173,173,65,valid_condition_mean,0,condition_mean_neural_and_behavior
mahler,351612,53,106,94,94,40,valid_condition_mean,0,condition_mean_neural_and_behavior
mahler,356164,54,112,104,104,30,valid_condition_mean,0,condition_mean_neural_and_behavior
mahler,356765,55,103,95,95,31,valid_condition_mean,0,condition_mean_neural_and_behavior
mahler,370777,56,104,99,99,31,valid_condition_mean,0,condition_mean_neural_and_behavior
mahler,377134,57,100,95,95,36,valid_condition_mean,0,condition_mean_neural_and_behavior
mahler,379400,58,97,87,87,70,valid_condition_mean,0,condition_mean_neural_and_behavior
mahler,381514,59,94,82,82,65,valid_condition_mean,0,condition_mean_neural_and_behavior
mahler,388571,60,101,96,96,70,valid_condition_mean,0,condition_mean_neural_and_behavior
mahler,394672,61,89,83,83,63,valid_condition_mean,0,condition_mean_neural_and_behavior
mahler,396358,62,114,99,99,30,valid_condition_mean,0,condition_mean_neural_and_behavior
mahler,400995,63,106,97,97,32,valid_condition_mean,0,condition_mean_neural_and_behavior
mahler,401673,64,101,96,96,32,valid_condition_mean,0,condition_mean_neural_and_behavior
mahler,406460,65,110,101,101,65,valid_condition_mean,0,condition_mean_neural_and_behavior
mahler,413189,66,106,96,96,40,valid_condition_mean,0,condition_mean_neural_and_behavior
mahler,413513,67,109,96,96,31,valid_condition_mean,0,condition_mean_neural_and_behavior
mahler,420020,68,101,100,100,28,valid_condition_mean,0,condition_mean_neural_and_behavior
mahler,428615,69,106,93,93,65,valid_condition_mean,0,condition_mean_neural_and_behavior
mahler,435203,70,99,92,92,28,valid_condition_mean,0,condition_mean_neural_and_behavior
mahler,448412,71,114,105,105,33,valid_condition_mean,0,condition_mean_neural_and_behavior
mahler,454477,72,89,89,89,35,valid_condition_mean,0,condition_mean_neural_and_behavior
mahler,456038,73,89,87,87,38,valid_condition_mean,0,condition_mean_neural_and_behavior
mahler,460651,74,115,93,93,31,valid_condition_mean,0,condition_mean_neural_and_behavior
mahler,463174,75,90,81,81,65,valid_condition_mean,0,condition_mean_neural_and_behavior
mahler,464785,76,94,89,89,54,valid_condition_mean,0,condition_mean_neural_and_behavior
mahler,465431,77,105,102,102,55,valid_condition_mean,0,condition_mean_neural_and_behavior
mahler,469268,78,89,83,83,36,valid_condition_mean,0,condition_mean_neural_and_behavior
perle,29337,0,1134,1048,1048,50,valid_condition_mean,0,condition_mean_neural_and_behavior
perle,55062,1,1144,1095,1095,50,valid_condition_mean,0,condition_mean_neural_and_behavior
perle,58244,2,1174,1151,1151,50,valid_condition_mean,0,condition_mean_neural_and_behavior
perle,59920,3,1111,1087,0,0,unknown_geometry_or_no_valid_trial,0,condition_mean_neural_and_behavior
perle,68220,4,1081,1043,1043,52,valid_condition_mean,0,condition_mean_neural_and_behavior
perle,72780,5,1103,1064,1064,49,valid_condition_mean,0,condition_mean_neural_and_behavior
perle,77046,6,1106,1081,1081,47,valid_condition_mean,0,condition_mean_neural_and_behavior
perle,77944,7,1156,1123,1123,45,valid_condition_mean,0,condition_mean_neural_and_behavior
perle,90751,8,1123,1095,1095,53,valid_condition_mean,0,condition_mean_neural_and_behavior
perle,93053,9,1077,1034,1034,50,valid_condition_mean,0,condition_mean_neural_and_behavior
perle,99902,10,1166,1125,1125,49,valid_condition_mean,0,condition_mean_neural_and_behavior
perle,105802,11,1097,1025,1025,46,valid_condition_mean,0,condition_mean_neural_and_behavior
perle,118879,12,1129,1096,1096,42,valid_condition_mean,0,condition_mean_neural_and_behavior
perle,122957,13,1098,1024,1024,42,valid_condition_mean,0,condition_mean_neural_and_behavior
perle,126479,14,1105,1066,1066,44,valid_condition_mean,0,condition_mean_neural_and_behavior
perle,158705,15,1143,1090,1090,48,valid_condition_mean,0,condition_mean_neural_and_behavior
perle,159613,16,1152,1120,1120,50,valid_condition_mean,0,condition_mean_neural_and_behavior
perle,163248,17,1142,1078,1078,36,valid_condition_mean,0,condition_mean_neural_and_behavior
perle,167848,18,1107,1058,1058,44,valid_condition_mean,0,condition_mean_neural_and_behavior
perle,179553,19,1171,1084,1084,39,valid_condition_mean,0,condition_mean_neural_and_behavior
perle,182748,20,1115,1091,1091,49,valid_condition_mean,0,condition_mean_neural_and_behavior
perle,183171,21,1158,1124,1124,39,valid_condition_mean,0,condition_mean_neural_and_behavior
perle,184642,22,1090,1057,1057,44,valid_condition_mean,0,condition_mean_neural_and_behavior
perle,187617,23,1150,1123,1123,38,valid_condition_mean,0,condition_mean_neural_and_behavior
perle,197632,24,1147,1110,1110,47,valid_condition_mean,0,condition_mean_neural_and_behavior
perle,199564,25,1136,1095,1095,42,valid_condition_mean,0,condition_mean_neural_and_behavior
perle,204372,26,1114,1078,1078,45,valid_condition_mean,0,condition_mean_neural_and_behavior
perle,204678,27,1083,1040,1040,40,valid_condition_mean,0,condition_mean_neural_and_behavior
perle,206128,28,1119,1076,1076,34,valid_condition_mean,0,condition_mean_neural_and_behavior
perle,217817,29,1141,1095,1095,39,valid_condition_mean,0,condition_mean_neural_and_behavior
perle,218791,30,1116,1063,1063,44,valid_condition_mean,0,condition_mean_neural_and_behavior
perle,226533,31,1140,1105,1105,36,valid_condition_mean,0,condition_mean_neural_and_behavior
perle,232533,32,1156,1129,1129,36,valid_condition_mean,0,condition_mean_neural_and_behavior
perle,241919,33,1066,1008,1008,46,valid_condition_mean,0,condition_mean_neural_and_behavior
perle,242380,34,1183,1148,1148,44,valid_condition_mean,0,condition_mean_neural_and_behavior
perle,244437,35,1113,1085,1085,36,valid_condition_mean,0,condition_mean_neural_and_behavior
perle,245662,36,1120,1090,1090,47,valid_condition_mean,0,condition_mean_neural_and_behavior
perle,248856,37,1125,1101,1101,31,valid_condition_mean,0,condition_mean_neural_and_behavior
perle,251629,38,1148,1069,1069,50,valid_condition_mean,0,condition_mean_neural_and_behavior
perle,258471,39,1143,1118,1118,44,valid_condition_mean,0,condition_mean_neural_and_behavior
perle,269179,40,1055,1032,1032,36,valid_condition_mean,0,condition_mean_neural_and_behavior
perle,270569,41,1171,1139,1139,49,valid_condition_mean,0,condition_mean_neural_and_behavior
perle,273073,42,1096,1066,1066,33,valid_condition_mean,0,condition_mean_neural_and_behavior
perle,273515,43,1066,1051,1051,34,valid_condition_mean,0,condition_mean_neural_and_behavior
perle,287936,44,1081,1049,1049,35,valid_condition_mean,0,condition_mean_neural_and_behavior
perle,297652,45,1174,1145,1145,33,valid_condition_mean,0,condition_mean_neural_and_behavior
perle,301600,46,1176,1130,1130,32,valid_condition_mean,0,condition_mean_neural_and_behavior
perle,320246,47,1146,1115,1115,33,valid_condition_mean,0,condition_mean_neural_and_behavior
perle,325813,48,1021,983,983,37,valid_condition_mean,0,condition_mean_neural_and_behavior
perle,328386,49,1141,1124,1124,32,valid_condition_mean,0,condition_mean_neural_and_behavior
perle,330797,50,1048,1016,1016,36,valid_condition_mean,0,condition_mean_neural_and_behavior
perle,332165,51,955,879,879,63,valid_condition_mean,0,condition_mean_neural_and_behavior
perle,340684,52,2194,2073,2073,65,valid_condition_mean,0,condition_mean_neural_and_behavior
perle,351612,53,1099,1066,1066,40,valid_condition_mean,0,condition_mean_neural_and_behavior
perle,356164,54,1128,1105,1105,30,valid_condition_mean,0,condition_mean_neural_and_behavior
perle,356765,55,1137,1096,1096,31,valid_condition_mean,0,condition_mean_neural_and_behavior
perle,370777,56,1106,1044,1044,31,valid_condition_mean,0,condition_mean_neural_and_behavior
perle,377134,57,1103,1038,1038,36,valid_condition_mean,0,condition_mean_neural_and_behavior
perle,379400,58,1094,1031,1031,70,valid_condition_mean,0,condition_mean_neural_and_behavior
perle,381514,59,1148,1086,1086,65,valid_condition_mean,0,condition_mean_neural_and_behavior
perle,388571,60,1156,1079,1079,70,valid_condition_mean,0,condition_mean_neural_and_behavior
perle,394672,61,1148,992,992,63,valid_condition_mean,0,condition_mean_neural_and_behavior
perle,396358,62,1105,1039,1039,30,valid_condition_mean,0,condition_mean_neural_and_behavior
perle,400995,63,1179,1147,1147,32,valid_condition_mean,0,condition_mean_neural_and_behavior
perle,401673,64,1063,1042,1042,32,valid_condition_mean,0,condition_mean_neural_and_behavior
perle,406460,65,1113,1043,1043,65,valid_condition_mean,0,condition_mean_neural_and_behavior
perle,413189,66,1148,1099,1099,40,valid_condition_mean,0,condition_mean_neural_and_behavior
perle,413513,67,1104,1069,1069,31,valid_condition_mean,0,condition_mean_neural_and_behavior
perle,420020,68,1138,1104,1104,28,valid_condition_mean,0,condition_mean_neural_and_behavior
perle,428615,69,1155,1074,1074,65,valid_condition_mean,0,condition_mean_neural_and_behavior
perle,435203,70,1060,1034,1034,28,valid_condition_mean,0,condition_mean_neural_and_behavior
perle,448412,71,1126,1092,1092,33,valid_condition_mean,0,condition_mean_neural_and_behavior
perle,454477,72,1111,1084,1084,35,valid_condition_mean,0,condition_mean_neural_and_behavior
perle,456038,73,1161,1118,1118,38,valid_condition_mean,0,condition_mean_neural_and_behavior
perle,460651,74,1136,1084,1084,31,valid_condition_mean,0,condition_mean_neural_and_behavior
perle,463174,75,1096,949,949,65,valid_condition_mean,0,condition_mean_neural_and_behavior
perle,464785,76,1113,1067,1067,54,valid_condition_mean,0,condition_mean_neural_and_behavior
perle,465431,77,1146,1101,1101,55,valid_condition_mean,0,condition_mean_neural_and_behavior
perle,469268,78,1122,1083,1083,36,valid_condition_mean,0,condition_mean_neural_and_behavior
