animal,representation,epoch,n_valid_conditions,candidate_lower_RMSE,candidate_higher_r
mahler,FA50,bounce,26,10,9
mahler,FA50,full,78,45,27
mahler,FA50,hidden,78,51,44
mahler,FA50,no_bounce,52,35,18
mahler,FA50,post_bounce,26,11,4
mahler,FA50,visible,78,33,17
mahler,GPFA50,bounce,26,8,11
mahler,GPFA50,full,78,42,29
mahler,GPFA50,hidden,78,47,47
mahler,GPFA50,no_bounce,52,34,18
mahler,GPFA50,post_bounce,26,10,6
mahler,GPFA50,visible,78,33,22
perle,FA50,bounce,26,12,17
perle,FA50,full,78,43,43
perle,FA50,hidden,78,47,45
perle,FA50,no_bounce,52,31,26
perle,FA50,post_bounce,26,13,12
perle,FA50,visible,78,34,26
perle,GPFA50,bounce,26,12,17
perle,GPFA50,full,78,43,43
perle,GPFA50,hidden,78,45,43
perle,GPFA50,no_bounce,52,31,26
perle,GPFA50,post_bounce,26,13,11
perle,GPFA50,visible,78,35,31
