animal,representation,epoch,coordinate,r_obj_condition_mean,r_beh_condition_mean,RMSE_obj_condition_mean,RMSE_beh_condition_mean,Delta_r_condition_mean,Delta_RMSE_condition_mean,r_obj_trial_version,r_beh_trial_version,RMSE_obj_trial_version,RMSE_beh_trial_version,Delta_r_trial_version,Delta_RMSE_trial_version,r_obj_new_minus_old,r_beh_new_minus_old,RMSE_obj_new_minus_old,RMSE_beh_new_minus_old,Delta_r_new_minus_old,Delta_RMSE_new_minus_old
mahler,FA50,full,x,0.92738808028575226,0.92738808028575226,1.3745681068546065,1.3745681068546065,0,0,0.92757318432608005,0.92757318432608005,1.3760785303823635,1.3760785303823635,0,0,-0.00018510404032778816,-0.00018510404032778816,-0.0015104235277569877,-0.0015104235277569877,0,0
mahler,FA50,visible,x,0.78232372563466446,0.78232372563466446,1.5310902504642856,1.5310902504642856,0,0,0.78315212047645644,0.78315212047645644,1.5342080083266498,1.5342080083266498,0,0,-0.00082839484179197953,-0.00082839484179197953,-0.0031177578623642344,-0.0031177578623642344,0,0
mahler,FA50,hidden,x,0.73642215372574005,0.73642215372574005,1.1191721765583229,1.1191721765583229,0,0,0.73836022689601,0.73836022689601,1.117110923619453,1.117110923619453,0,0,-0.0019380731702699494,-0.0019380731702699494,0.0020612529388699397,0.0020612529388699397,0,0
mahler,FA50,bounce,x,0.92581248485788492,0.92581248485788492,1.4216524614302444,1.4216524614302444,0,0,0.92616257824134163,0.92616257824134163,1.42212253458964,1.42212253458964,0,0,-0.0003500933834567066,-0.0003500933834567066,-0.00047007315939562311,-0.00047007315939562311,0,0
mahler,FA50,no_bounce,x,0.93017995494239003,0.93017995494239003,1.3460096827636179,1.3460096827636179,0,0,0.93040820115873757,0.93040820115873757,1.3484186742156552,1.3484186742156552,0,0,-0.0002282462163475385,-0.0002282462163475385,-0.0024089914520373235,-0.0024089914520373235,0,0
mahler,FA50,post_bounce,x,0.90702646837434608,0.90702646837434608,1.2255171583386741,1.2255171583386741,0,0,0.9062967418839436,0.9062967418839436,1.229552352332191,1.229552352332191,0,0,0.0007297264904024825,0.0007297264904024825,-0.0040351939935168168,-0.0040351939935168168,0,0
mahler,FA50,full,y,0.49277287909596246,0.46959711576745106,4.5909401514015267,4.612900317848208,-0.023175763328511324,-0.021960166446681702,0.48340514606140389,0.45439501929303111,4.6535680505819581,4.7663258825776813,-0.0290101267683728,-0.1127578319957237,0.0093677330345585674,0.015202096474419946,-0.062627899180431434,-0.15342556472947333,0.0058343634398614758,0.090797665549042006
mahler,FA50,visible,y,0.42993233932285618,0.40966970134910369,4.7691491111618944,4.7964990116462403,-0.020262637973752412,-0.027349900484346414,0.42189093980757092,0.40248506567088088,4.8380867727665198,4.8806970928446063,-0.019405874136689798,-0.042610320078086003,0.0080413995152852635,0.007184635678222806,-0.068937661604625333,-0.084198081198366026,-0.00085676383706261364,0.01526041959373959
mahler,FA50,hidden,y,0.56443181748902493,0.5406495527232269,4.3630131620392198,4.3734864076433979,-0.023782264765798075,-0.010473245604178472,0.5535700969813192,0.5117998336081615,4.4187088163904642,4.6382637774748519,-0.041770263373157798,-0.2195549610843861,0.01086172050770573,0.028849719115065398,-0.05569565435124435,-0.26477736983145395,0.017987998607359723,0.20908171548020762
mahler,FA50,bounce,y,0.56600340316679132,0.55284983953736078,5.9282370601667242,6.0918996786606074,-0.013153563629430487,-0.1636626184938845,0.55453195828317925,0.54134495185055365,6.0367285722217661,6.2318458161059178,-0.013187006432625501,-0.19511724388415111,0.01147144488361207,0.01150488768680713,-0.10849151205504182,-0.13994613744531037,3.3442803195013818e-05,0.031454625390266611
mahler,FA50,no_bounce,y,0.45584087184540578,0.42610720245474859,3.6318989960435339,3.5249013756770209,-0.029733669390657295,0.10699762036651329,0.45303318613099453,0.4070167884709745,3.6549436310094978,3.7007175772136498,-0.0460163976600199,-0.0457739462041526,0.0028076857144112566,0.01909041398377409,-0.023044634965963873,-0.17581620153662891,0.016282728269362605,0.1527715665706659
mahler,FA50,post_bounce,y,0.61368586745818299,0.60196616144852921,5.8091476542885161,6.061824044257877,-0.011719706009653821,-0.25267638996935876,0.59961652247841901,0.58404981485221685,5.8957349484853072,6.2217462977665434,-0.015566707626202001,-0.32601134928123471,0.014069344979763976,0.01791634659631236,-0.08658729419679112,-0.1599222535086664,0.0038470016165481798,0.073334959311875947
mahler,GPFA50,full,x,0.93383050953293401,0.93383050953293401,1.31640242902115,1.31640242902115,0,0,0.93414592719025402,0.93414592719025402,1.3163074980145133,1.3163074980145133,0,0,-0.00031541765732001625,-0.00031541765732001625,9.4931006636711501e-05,9.4931006636711501e-05,0,0
mahler,GPFA50,visible,x,0.80120717287900955,0.80120717287900955,1.4736520455992461,1.4736520455992461,0,0,0.80225752273957718,0.80225752273957718,1.4756276018674439,1.4756276018674439,0,0,-0.0010503498605676231,-0.0010503498605676231,-0.0019755562681977867,-0.0019755562681977867,0,0
mahler,GPFA50,hidden,x,0.75817877932356292,0.75817877932356292,1.0593659451607302,1.0593659451607302,0,0,0.76058096389502505,0.76058096389502505,1.0549081828236715,1.0549081828236715,0,0,-0.0024021845714621293,-0.0024021845714621293,0.004457762337058746,0.004457762337058746,0,0
mahler,GPFA50,bounce,x,0.93116133313831118,0.93116133313831118,1.3779013421425739,1.3779013421425739,0,0,0.93186489118935956,0.93186489118935956,1.3739867504461485,1.3739867504461485,0,0,-0.00070355805104838076,-0.00070355805104838076,0.0039145916964253846,0.0039145916964253846,0,0
mahler,GPFA50,no_bounce,x,0.9377251048167361,0.9377251048167361,1.2777502064671624,1.2777502064671624,0,0,0.93785107963897596,0.93785107963897596,1.2807370913977851,1.2807370913977851,0,0,-0.00012597482223986045,-0.00012597482223986045,-0.002986884930622713,-0.002986884930622713,0,0
mahler,GPFA50,post_bounce,x,0.91727478119073158,0.91727478119073158,1.1527363317385484,1.1527363317385484,0,0,0.91688031776725365,0.91688031776725365,1.1541167139960009,1.1541167139960009,0,0,0.00039446342347793095,0.00039446342347793095,-0.0013803822574525171,-0.0013803822574525171,0,0
mahler,GPFA50,full,y,0.53736603945968364,0.51259503452834931,4.4458337514682835,4.478077894011661,-0.024771004931334245,-0.032244142543377617,0.52761605853404225,0.49644714024614561,4.5077335014430391,4.6327149681455246,-0.031168918287896499,-0.12498146670248569,0.0097499809256413883,0.016147894282203701,-0.061899749974755558,-0.15463707413386363,0.0063979133565622535,0.09273732415910807
mahler,GPFA50,visible,y,0.46851807199652745,0.4466049636881177,4.6603027015038059,4.6939872451032718,-0.021913108308409628,-0.033684543599465384,0.46225947478325458,0.4415567620992788,4.7200653721365873,4.7681296271644884,-0.020702712683975701,-0.0480642550279003,0.0062585972132728762,0.0050482015888388965,-0.059762670632781401,-0.074142382061216594,-0.0012103956244339277,0.014379711428434916
mahler,GPFA50,hidden,y,0.61773285372630793,0.59281059672002934,4.1563291531017663,4.1806250351688332,-0.024922257006278582,-0.02429588206706625,0.60416495786706914,0.55908542780457826,4.2234928562436895,4.4664890154731225,-0.0450795300624907,-0.2429961592294331,0.013567895859238788,0.033725168915451076,-0.067163703141923214,-0.28586398030428928,0.020157273056212118,0.21870027716236684
mahler,GPFA50,bounce,y,0.60755301481642077,0.59329879687125797,5.7253068760379726,5.8996773477729016,-0.014254217945162595,-0.17437047173493236,0.59459577986063028,0.58118063262242192,5.8358082416297066,6.03887876705355,-0.013415147238208301,-0.2030705254238436,0.012957234955790486,0.01211816424883605,-0.11050136559173396,-0.13920141928064833,-0.0008390707069542945,0.028700053688911237
mahler,GPFA50,no_bounce,y,0.49632792267233272,0.46316390186851464,3.5234836761774142,3.4288102251199621,-0.033164020803818049,0.094673451057452493,0.4939872383459003,0.44256028484480858,3.5418772891920201,3.60617753970276,-0.051426953501091499,-0.064300250510740606,0.0023406843264324184,0.020603617023706056,-0.018393613014605847,-0.17736731458279786,0.01826293269727345,0.1589737015681931
mahler,GPFA50,post_bounce,y,0.6706564678936775,0.65797480317928092,5.4888533832945896,5.751643567888741,-0.01268166471439627,-0.26279018459415143,0.6535311484949361,0.63731735715790705,5.5930553547006419,5.9298549123125728,-0.016213791337029,-0.33679955761192892,0.017125319398741401,0.020657446021373871,-0.10420197140605225,-0.1782113444238318,0.0035321266226327301,0.074009373017777491
perle,FA50,full,x,0.95487815919535335,0.95487815919535335,1.1012280873935152,1.1012280873935152,0,0,0.95512872988792197,0.95512872988792197,1.0982883947025299,1.0982883947025299,0,0,-0.00025057069256861908,-0.00025057069256861908,0.0029396926909852628,0.0029396926909852628,0,0
perle,FA50,visible,x,0.84933120160404441,0.84933120160404441,1.3054176005469622,1.3054176005469622,0,0,0.84905478163514014,0.84905478163514014,1.3040046308946598,1.3040046308946598,0,0,0.00027641996890426235,0.00027641996890426235,0.0014129696523024204,0.0014129696523024204,0,0
perle,FA50,hidden,x,0.88281982898148004,0.88281982898148004,0.73158142816035621,0.73158142816035621,0,0,0.88629259657353476,0.88629259657353476,0.72558084085090202,0.72558084085090202,0,0,-0.0034727675920547263,-0.0034727675920547263,0.0060005873094541862,0.0060005873094541862,0,0
perle,FA50,bounce,x,0.95280797973538511,0.95280797973538511,1.1622477082679812,1.1622477082679812,0,0,0.9532758101590908,0.9532758101590908,1.1567315190816687,1.1567315190816687,0,0,-0.00046783042370568406,-0.00046783042370568406,0.0055161891863124701,0.0055161891863124701,0,0
perle,FA50,no_bounce,x,0.95759103855554972,0.95759103855554972,1.0646624063376096,1.0646624063376096,0,0,0.95780955974509041,0.95780955974509041,1.0628369805620801,1.0628369805620801,0,0,-0.000218521189540688,-0.000218521189540688,0.0018254257755294656,0.0018254257755294656,0,0
perle,FA50,post_bounce,x,0.9407108579803668,0.9407108579803668,0.99234835654060916,0.99234835654060916,0,0,0.94170155351116436,0.94170155351116436,0.97932170764492943,0.97932170764492943,0,0,-0.00099069553079755845,-0.00099069553079755845,0.013026648895679727,0.013026648895679727,0,0
perle,FA50,full,y,0.70186173541760022,0.69103953116199246,3.8586265549022651,3.8828563889236851,-0.010822204255607893,-0.024229834021420479,0.69999854995034938,0.68305987029308846,3.9135449068522048,4.0008336066678432,-0.016938679657261101,-0.087288699815637902,0.0018631854672508386,0.0079796608689040038,-0.054918351949939659,-0.11797721774415804,0.0061164754016532086,0.06305886579421742
perle,FA50,visible,y,0.67167896349459966,0.66637644644319183,3.9777091517351129,3.991762812875626,-0.0053025170514080086,-0.014053661140513551,0.66940590980756964,0.66285096015095935,4.027260188098543,4.0578557435533522,-0.0065549496566103998,-0.030595555454809201,0.0022730536870300133,0.0035254862922324826,-0.049551036363430168,-0.066092930677726258,0.0012524326052023912,0.01654189431429565
perle,FA50,hidden,y,0.73910178401811988,0.7216378919090416,3.703782625336467,3.7421240253166856,-0.017463892109078286,-0.038341399980218932,0.73785441275298558,0.70650926437200845,3.7661871544264449,3.9386882437490329,-0.031345148380977003,-0.17250108932258679,0.0012473712651343005,0.015128627537033146,-0.062404529089977956,-0.19656421843234728,0.013881256271898717,0.13415968934236785
perle,FA50,bounce,y,0.78682984812839363,0.77758957402452955,5.1159198254569969,5.2585467849840271,-0.0092402741038641548,-0.142626959527029,0.78550231039370588,0.77507697666550834,5.1853803280704964,5.3375482059882975,-0.0104253337281974,-0.15216787791780001,0.0013275377346877448,0.002512597359021207,-0.069460502613499564,-0.079001421004270433,0.0011850596243332453,0.0095409183907710082
perle,FA50,no_bounce,y,0.65578791359095323,0.64878753858345972,2.9276976266199517,2.8384164196697466,-0.007000375007493345,0.089281206950206804,0.65606991990925745,0.63260684656873467,2.9327807179174097,2.9643151045535348,-0.0234630733405225,-0.031534386636124498,-0.00028200631830421763,0.016180692014725051,-0.0050830912974579867,-0.12589868488378819,0.016462698333029154,0.1208155935863313
perle,FA50,post_bounce,y,0.84100495623017923,0.82995945924355918,4.8967915135398803,5.1279530081237077,-0.011045496986619878,-0.23116149458382756,0.83905113218373628,0.82448882667369072,4.9715925044471048,5.2257614855948846,-0.0145623055100455,-0.25416898114778141,0.0019538240464429535,0.005470632569868461,-0.074800990907224474,-0.097808477471176936,0.003516808523425622,0.02300748656395385
perle,GPFA50,full,x,0.95640802603310648,0.95640802603310648,1.083828344266546,1.083828344266546,0,0,0.95664844028757323,0.95664844028757323,1.080867980550227,1.080867980550227,0,0,-0.00024041425446674758,-0.00024041425446674758,0.0029603637163189145,0.0029603637163189145,0,0
perle,GPFA50,visible,x,0.8527094550191151,0.8527094550191151,1.2926516380365802,1.2926516380365802,0,0,0.85243519153764657,0.85243519153764657,1.2910104319476776,1.2910104319476776,0,0,0.00027426348146852852,0.00027426348146852852,0.0016412060889026137,0.0016412060889026137,0,0
perle,GPFA50,hidden,x,0.89028096972570159,0.89028096972570159,0.69807383476132856,0.69807383476132856,0,0,0.89361260405593057,0.89361260405593057,0.69271622991382342,0.69271622991382342,0,0,-0.003331634330228983,-0.003331634330228983,0.0053576048475051374,0.0053576048475051374,0,0
perle,GPFA50,bounce,x,0.95445117518639877,0.95445117518639877,1.1440528240114975,1.1440528240114975,0,0,0.95488730121360277,0.95488730121360277,1.1385103673322037,1.1385103673322037,0,0,-0.00043612602720399796,-0.00043612602720399796,0.0055424566792938723,0.0055424566792938723,0,0
perle,GPFA50,no_bounce,x,0.95905816782157549,0.95905816782157549,1.04761277396902,1.04761277396902,0,0,0.95926596903776584,0.95926596903776584,1.0458228920475674,1.0458228920475674,0,0,-0.00020780121619035086,-0.00020780121619035086,0.0017898819214525741,0.0017898819214525741,0,0
perle,GPFA50,post_bounce,x,0.94333384603694848,0.94333384603694848,0.97441855722980675,0.97441855722980675,0,0,0.94432944024275445,0.94432944024275445,0.96118817824734881,0.96118817824734881,0,0,-0.00099559420580597191,-0.00099559420580597191,0.013230378982457935,0.013230378982457935,0,0
perle,GPFA50,full,y,0.72038614228752218,0.70938625385049559,3.8004724502741656,3.8265474711983734,-0.010999888437026451,-0.026075020924207232,0.71895471267399524,0.70153990834448576,3.8544371179506585,3.944887451139039,-0.017414804329509401,-0.090450333188379806,0.0014314296135269355,0.0078463455060098219,-0.053964667676492883,-0.1183399799406657,0.0064149158924829506,0.064375312264172577
perle,GPFA50,visible,y,0.67963295628543097,0.67415760174420281,3.9696094448918422,3.9850652942471059,-0.0054753545412279843,-0.015455849355263866,0.67808301341258925,0.67123645202606685,4.017226316965151,4.0493165029581579,-0.0068465613865223004,-0.032090185993007399,0.0015499428728417142,0.0029211497181359514,-0.04761687207330878,-0.064251208711052055,0.0013712068452943161,0.016634336637743531
perle,GPFA50,hidden,y,0.77049812354544689,0.7533628776850726,3.5718022318022844,3.6129680923604237,-0.017135245860373974,-0.041165860558138548,0.76930112812314211,0.73749069535618761,3.6346690402824215,3.8157520538007952,-0.031810432766954097,-0.1810830135183738,0.0011969954223047807,0.015872182328884987,-0.062866808480137149,-0.20278396144037147,0.014675186906580123,0.13991715296023527
perle,GPFA50,bounce,y,0.80302726756865572,0.79390079655140011,5.0658063941941229,5.2108034263058878,-0.0091264710172553175,-0.14499703211176562,0.80190490981599427,0.79134632192756471,5.1362559878304896,5.2912647746117161,-0.0105585878884298,-0.15500878678122471,0.0011223577526614514,0.002554474623835401,-0.070449593636366714,-0.080461348305828295,0.0014321168711744822,0.010011754669459083
perle,GPFA50,no_bounce,y,0.67682861804478112,0.66964523906666729,2.85714033178933,2.7679043902228586,-0.0071833789781136272,0.089235941566472063,0.67799310950557512,0.65377820144602516,2.8587132963202757,2.8936834034712682,-0.024214908059549799,-0.034970107150992698,-0.0011644914607940038,0.015867037620642122,-0.0015729645309456863,-0.12577901324840957,0.017031529081436174,0.12420604871746477
perle,GPFA50,post_bounce,y,0.86077036246794636,0.84991206229116645,4.8035569315998785,5.0392244438773801,-0.010858300176779696,-0.23566751227750338,0.85911755282803326,0.84441838713790052,4.8805148240980403,5.1400300024255099,-0.014699165690132901,-0.25951517832747001,0.0016528096399130998,0.0054936751532659311,-0.076957892498161762,-0.10080555854812978,0.0038408655133532043,0.023847666049966632
