animal,representation,epoch,metric,null_mean,null_sd,null_q025,null_q975,n_random_statistics,n_splits,n_conditions_mean,n_bins_mean,raw_preprocessing,objective_mean,objective_split_sd,objective_minus_null,objective_empirical_random_at_least_as_good_fraction,behavior_mean,behavior_split_sd,behavior_minus_null,behavior_empirical_random_at_least_as_good_fraction
mahler,GPFA50,full,r,0.25151690975995156,0.037317820069370129,0.18004073505973911,0.32436675656350011,1000,100,39.57,1701.1500000000001,fail,0.53736603945968353,0.052457563033898209,0.28584912969973197,0,0.51259503452834931,0.055116524013696974,0.26107812476839776,0
mahler,GPFA50,full,RMSE,5.251022211250187,0.15071860326004122,4.950674685249556,5.534301156580657,1000,100,39.57,1701.1500000000001,fail,4.4458337514682844,0.30738381226452394,-0.80518845978190257,0,4.478077894011661,0.3225762352256718,-0.77294431723852597,0
mahler,GPFA50,full,bias,-0.059710626577569315,0.073437281865975187,-0.20079251170901788,0.080726882896967528,1000,100,39.57,1701.1500000000001,fail,-0.087206115604527804,0.88949946096122912,-0.027495489026958489,,-0.080167464060919152,0.89509286187452797,-0.020456837483349838,
mahler,GPFA50,full,target_sd,5.1035612953013008,0.1014682534746891,4.9046193727132614,5.293367831842974,1000,100,39.57,1701.1500000000001,fail,5.1454801627851339,0.23392917975773717,0.041918867483833111,,5.0828876281464224,0.2456439176832568,-0.020673667154878395,
mahler,GPFA50,full,prediction_sd,2.7521553409465533,0.092170304549462387,2.570778418090796,2.9173712669120149,1000,100,39.57,1701.1500000000001,fail,3.1328255522781552,0.26455353192229997,0.38067021133160184,,3.0556753089163369,0.25365885504480207,0.30351996796978353,
mahler,GPFA50,full,amplitude_ratio,0.54058954910093648,0.01188290778816886,0.51915215486370858,0.56585800518948925,1000,100,39.57,1701.1500000000001,fail,0.61055330261281493,0.062757593181746271,0.069963753511878446,,0.60316215103962745,0.063322695869700907,0.062572601938690964,
mahler,GPFA50,full,target_min,-9.8446666635833271,0.0089668495975479615,-9.861203130811008,-9.8292244082385611,1000,100,39.57,1701.1500000000001,fail,-9.8440031137896113,0.035525949194295275,0.0006635497937157453,,-9.8556913040157994,0.040605629660398095,-0.01102464043247231,
mahler,GPFA50,full,target_max,9.8237650081534476,0.0048492017334718206,9.8152287638508184,9.8323939055932552,1000,100,39.57,1701.1500000000001,fail,9.8333834576094947,0.014186171776248573,0.0096184494560471734,,9.8322210401670649,0.012894461828605331,0.0084560320136173317,
mahler,GPFA50,full,SSE,47087.942814178023,2702.5301142498647,41793.982707434559,52277.453849848476,1000,100,39.57,1701.1500000000001,fail,33782.782435782894,4809.4316043347571,-13305.160378395129,,34292.215304371224,5109.2406436992569,-12795.727509806798,
mahler,GPFA50,full,baseline_SSE,12118.668733864111,376.89314954072472,11363.494259374904,12836.525351646218,1000,100,39.57,1701.1500000000001,fail,13300.977366787298,1655.8376174381408,1182.3086329231865,,11299.16192037092,1231.0754142014323,-819.50681349319166,
mahler,GPFA50,full,skill,-2.9314277578032799,0.23381074964295986,-3.4004092372738719,-2.4900229811081163,1000,100,39.57,1701.1500000000001,fail,-1.5883021453403436,0.54003108974808123,1.3431256124629363,0,-2.0766011749974531,0.60010661706343904,0.8548265828058268,0
mahler,GPFA50,full,objective_distance_RMSE,3.7758439880877468,0.22585248822974041,3.305492485037488,4.2214948077510339,1000,100,39.57,1701.1500000000001,fail,0,0,-3.7758439880877468,,0.67492805773336328,0.075674794942980433,-3.1009159303543834,
mahler,GPFA50,full,baseline_r,0.85728980830045065,0.0068956755242167945,0.84391513477307667,0.87022448510065109,1000,100,39.57,1701.1500000000001,fail,0.8434021302208532,0.02726972239984872,-0.013887678079597454,,0.86529712166290162,0.022715075124192199,0.008007313362450974,
mahler,GPFA50,full,baseline_RMSE,2.6649543386109791,0.041155371588686082,2.5811158817862698,2.7415959929534721,1000,100,39.57,1701.1500000000001,fail,2.7914628524720415,0.17304441738145482,0.12650851386106243,,2.5738642064588193,0.13645767897487165,-0.091090132152159775,
mahler,GPFA50,visible,r,0.32839937220760274,0.02980844199314276,0.27184560188971607,0.38520462095791402,1000,100,39.57,976.32000000000005,fail,0.4685180719965274,0.065295144300467178,0.14011869978892466,0,0.44660496368811775,0.066005942216936592,0.11820559148051502,0
mahler,GPFA50,visible,RMSE,5.1983199899483115,0.12075081907345549,4.9617851630423475,5.4331009722696182,1000,100,39.57,976.32000000000005,fail,4.6603027015038059,0.31221810423641522,-0.53801728844450558,0,4.6939872451032718,0.30630579888574472,-0.50433274484503965,0
mahler,GPFA50,visible,bias,0.021745913961719602,0.073854189113657598,-0.1161644398177972,0.16186425185523753,1000,100,39.57,976.32000000000005,fail,-0.057459836674048671,0.95127115364978843,-0.079205750635768277,,-0.047635145502863685,0.95924429184881987,-0.069381059464583283,
mahler,GPFA50,visible,target_sd,5.2855088450715941,0.096824008969286654,5.0992775224581601,5.4636968555080792,1000,100,39.57,976.32000000000005,fail,5.1380646824044707,0.27784774215602881,-0.14744416266712346,,5.1023216561004059,0.28220358605908991,-0.18318718897118824,
mahler,GPFA50,visible,prediction_sd,2.7362457209351798,0.092375270766329176,2.5486631872323704,2.9132687033718514,1000,100,39.57,976.32000000000005,fail,2.8598940027338999,0.26195564073107636,0.12364828179872012,,2.8051361819588982,0.25070524700715374,0.06889046102371843,
mahler,GPFA50,visible,amplitude_ratio,0.5194592542053581,0.01194691103409258,0.49653469436840508,0.54334572974015949,1000,100,39.57,976.32000000000005,fail,0.5588638735067657,0.065118081054846649,0.039404619301407595,,0.5521607716708441,0.064355598659650501,0.032701517465485996,
mahler,GPFA50,visible,target_min,-9.8146441438062251,0.0086470841133098504,-9.831226548828452,-9.8005143711559128,1000,100,39.57,976.32000000000005,fail,-9.8104411736637793,0.024087926635490829,0.00420297014244575,,-9.8178540715978837,0.016559715428058182,-0.0032099277916586288,
mahler,GPFA50,visible,target_max,9.8094859080322205,0.0051693642669916494,9.8008252962167433,9.8190866360797813,1000,100,39.57,976.32000000000005,fail,9.8166407995563247,0.030435882568317751,0.007154891524104201,,9.8176323430488832,0.02625262168072438,0.0081464350166626787,
mahler,GPFA50,visible,SSE,26483.060037627918,1226.5329481413544,24120.814083704001,28910.651007216449,1000,100,39.57,976.32000000000005,fail,21293.961987627968,2910.6520752897522,-5189.0980499999496,,21597.229748230591,2878.1667720660644,-4885.8302893973269,
mahler,GPFA50,visible,baseline_SSE,2116.0491005750018,130.33894432450001,1862.4912126033398,2382.4424218822828,1000,100,39.57,976.32000000000005,fail,2535.6227488282757,403.85334497150922,419.57364825327386,,1990.5973706438651,314.24570586086298,-125.4517299311367,
mahler,GPFA50,visible,skill,-11.886527591230079,0.9276586529101043,-13.77788696521894,-10.143300337969748,1000,100,39.57,976.32000000000005,fail,-7.6792658217298904,2.1315224721237147,4.2072617695001888,0,-10.211043950573876,2.7296181930631236,1.6754836406562035,0.035999999999999997
mahler,GPFA50,visible,objective_distance_RMSE,2.1285980262714705,0.15976760056497505,1.7979748854363546,2.4299275782826033,1000,100,39.57,976.32000000000005,fail,0,0,-2.1285980262714705,,0.28795327149865207,0.028381594183765693,-1.8406447547728184,
mahler,GPFA50,visible,baseline_r,0.96170397878694269,0.002688544424348445,0.95651193740193075,0.96701950833696537,1000,100,39.57,976.32000000000005,fail,0.9510845022551403,0.011266883798110368,-0.010619476531802396,,0.96133042398786639,0.0090040180621361061,-0.00037355479907630329,
mahler,GPFA50,visible,baseline_RMSE,1.4671313666495447,0.045120765295939225,1.3766288489785767,1.5570949206907418,1000,100,39.57,976.32000000000005,fail,1.606257861247762,0.12374144075190339,0.13912649459821735,,1.4232572755259809,0.10812361964458445,-0.043874091123563774,
mahler,GPFA50,hidden,r,0.12777176418499434,0.059045033737228851,0.011990581027636478,0.23997583018624674,1000,100,39.57,685.25999999999999,fail,0.61773285372630804,0.06989985770753894,0.48996108954131368,0,0.59281059672002945,0.081697580100561523,0.46503883253503508,0
mahler,GPFA50,hidden,RMSE,5.3400738489053214,0.21151647104648141,4.9227794759649059,5.7539969915465514,1000,100,39.57,685.25999999999999,fail,4.1563291531017672,0.44686339422342791,-1.1837446958035542,0,4.1806250351688341,0.51585159072029507,-1.1594488137364873,0
mahler,GPFA50,hidden,bias,-0.17860720996977,0.11134234000919303,-0.39762109216421193,0.040378639524187819,1000,100,39.57,685.25999999999999,fail,-0.13428076592570742,0.95839194344774092,0.04432644404406258,,-0.13092272958246345,0.96780319687750338,0.047684480387306549,
mahler,GPFA50,hidden,target_sd,4.8025270261819983,0.13759666074604682,4.5321371362361971,5.0703735018790859,1000,100,39.57,685.25999999999999,fail,5.1298013515296939,0.279512856271799,0.32727432534769552,,5.0326120915855048,0.30989497849739267,0.23008506540350648,
mahler,GPFA50,hidden,prediction_sd,2.7266014510951364,0.11180273397072263,2.5213822952808469,2.9468358986496388,1000,100,39.57,685.25999999999999,fail,3.4421028936069824,0.33667847577204985,0.715501442511846,,3.3414038900627445,0.3255384152074593,0.61480243896760811,
mahler,GPFA50,hidden,amplitude_ratio,0.56992197686874624,0.019261097433380558,0.5343152636046764,0.611572337109622,1000,100,39.57,685.25999999999999,fail,0.67368141190040787,0.080989586766542013,0.10375943503166163,,0.66735014041644802,0.083315329502591157,0.097428163547701785,
mahler,GPFA50,hidden,target_min,-9.7428178969825314,0.016869927468329906,-9.7744689473003969,-9.7102792809436735,1000,100,39.57,685.25999999999999,fail,-9.7943707482584941,0.155985061941502,-0.051552851275962652,,-9.7821184402978911,0.25808034714836314,-0.039300543315359704,
mahler,GPFA50,hidden,target_max,9.7208388079949319,0.020769819356503495,9.6729808214949671,9.7565374942409715,1000,100,39.57,685.25999999999999,fail,9.7566296805071477,0.28325303697659493,0.035790872512215799,,9.7587611616355918,0.28664444115597937,0.037922353640659878,
mahler,GPFA50,hidden,SSE,19693.091261854261,1559.3748428214765,16717.694061190861,22821.829718324494,1000,100,39.57,685.25999999999999,fail,11988.656691721342,2697.0993113951517,-7704.4345701329185,,12178.456851754194,3138.679732482829,-7514.6344101000668,
mahler,GPFA50,hidden,baseline_SSE,9729.7811803324039,284.64262974522052,9184.7031270232728,10252.253152511477,1000,100,39.57,685.25999999999999,fail,10451.48213385326,1274.2713996530133,721.70095352085627,,9063.9209547871669,949.78765974476835,-665.86022554523697,
mahler,GPFA50,hidden,skill,-1.0411059560215217,0.15868406780992061,-1.3574574488466919,-0.73736268219203971,1000,100,39.57,685.25999999999999,fail,-0.16455361038150479,0.30256909736596382,0.87655234564001683,0,-0.35473247172692085,0.36430726185496365,0.68637348429460077,0
mahler,GPFA50,hidden,objective_distance_RMSE,5.3015049753851127,0.30887484864509507,4.6560465044016954,5.9021620028357598,1000,100,39.57,685.25999999999999,fail,0,0,-5.3015049753851127,,0.99621919576957341,0.12455222011869492,-4.3052857796155397,
mahler,GPFA50,hidden,baseline_r,0.63965947554587321,0.025387834073884636,0.59048908071874129,0.68695330219995809,1000,100,39.57,685.25999999999999,fail,0.66561773674143654,0.062830488732821002,0.025958261195563326,,0.70944646448628401,0.057949482797135979,0.069786988940410799,
mahler,GPFA50,hidden,baseline_RMSE,3.7634569202055292,0.054486662177378652,3.6580983663147015,3.8616650452447043,1000,100,39.57,685.25999999999999,fail,3.9003502890448574,0.24313584212585146,0.13689336883932812,,3.6334765978125803,0.18827008194457262,-0.12998032239294899,
mahler,GPFA50,bounce,r,0.38837728520111814,0.041377963008232516,0.30960107245183699,0.46564573781963231,1000,100,12.94,600.99000000000001,fail,0.60755301481642054,0.072553073445241062,0.21917572961530241,0,0.59329879687125808,0.076161257699195906,0.20492151167013994,0
mahler,GPFA50,bounce,RMSE,6.2386219968475176,0.20231916591913895,5.8743082428008311,6.6385604492015426,1000,100,12.94,600.99000000000001,fail,5.7253068760379726,0.47901793100600448,-0.513315120809545,0.0040000000000000001,5.8996773477729016,0.49064390236001437,-0.33894464907461597,0.035999999999999997
mahler,GPFA50,bounce,bias,-0.56759806528709311,0.31022336352739954,-1.1715738126294872,0.020725632858105324,1000,100,12.94,600.99000000000001,fail,-0.65729540794292474,1.5337065576849185,-0.089697342655831624,,-0.58905484397348173,1.5982796369893324,-0.021456778686388622,
mahler,GPFA50,bounce,target_sd,6.5024468954605341,0.1401966121420701,6.2511468341644925,6.8020101281766916,1000,100,12.94,600.99000000000001,fail,6.8525676938960949,0.259397847365267,0.35012079843556076,,6.9700976820716702,0.23565660922263282,0.46765078661113613,
mahler,GPFA50,bounce,prediction_sd,3.0732272231322897,0.13977251401669524,2.8132062241494897,3.3720895326021298,1000,100,12.94,600.99000000000001,fail,3.4886578014382197,0.57388515261260153,0.41543057830593,,3.3881126337823946,0.53651290498069559,0.31488541065010489,
mahler,GPFA50,bounce,amplitude_ratio,0.47342453417452884,0.019830962624220284,0.43735611769183108,0.51464405166936988,1000,100,12.94,600.99000000000001,fail,0.50960201582914633,0.084667464741608064,0.036177481654617483,,0.48643015010451035,0.077091151875041508,0.013005615929981507,
mahler,GPFA50,bounce,target_min,-9.8446666635833271,0.0089668495975479615,-9.861203130811008,-9.8292244082385611,1000,100,12.94,600.99000000000001,fail,-9.8440031137896113,0.035525949194295275,0.0006635497937157453,,-9.8556913040157994,0.040605629660398095,-0.01102464043247231,
mahler,GPFA50,bounce,target_max,9.8237650081534476,0.0048492017334718206,9.8152287638508184,9.8323939055932552,1000,100,12.94,600.99000000000001,fail,9.8333834576094947,0.014186171776248573,0.0096184494560471734,,9.8322210401670649,0.012894461828605331,0.0084560320136173317,
mahler,GPFA50,bounce,SSE,23821.493634316852,1554.8684909974711,21094.261308017783,27003.305400234185,1000,100,12.94,600.99000000000001,fail,20063.043846972025,5598.0402804410051,-3758.4497873448272,,21291.528389595886,5915.8310198758854,-2529.9652447209664,
mahler,GPFA50,bounce,baseline_SSE,2654.4165759055459,361.47426660969438,1968.0468935508452,3367.9466799704383,1000,100,12.94,600.99000000000001,fail,1994.4952666364543,489.4216327043813,-659.92130926909158,,2367.270549281352,517.73648093964368,-287.14602662419384,
mahler,GPFA50,bounce,skill,-8.3653592990098069,1.4107256702200688,-11.500489925738677,-6.1148119424990188,1000,100,12.94,600.99000000000001,fail,-9.2289600034751462,2.1573605560355573,-0.86360070446533932,0.76500000000000001,-8.0156510414091411,1.5727970649959946,0.34970825760066582,0.433
mahler,GPFA50,bounce,objective_distance_RMSE,2.7070163548890078,0.28068387027763936,2.1398299402898799,3.2021887744665709,1000,100,12.94,600.99000000000001,fail,0,0,-2.7070163548890078,,0.82377687340731209,0.18301397353292695,-1.8832394814816957,
mahler,GPFA50,bounce,baseline_r,0.94939166043550394,0.0068949674854577843,0.93549023005695942,0.96204239917038603,1000,100,12.94,600.99000000000001,fail,0.96747093161819631,0.0052685340385313856,0.018079271182692369,,0.96273979145118682,0.0052293645100911076,0.013348131015682885,
mahler,GPFA50,bounce,baseline_RMSE,2.0886894410930936,0.14554666657725582,1.7993211488237832,2.3640899174190118,1000,100,12.94,600.99000000000001,fail,1.8127205861237856,0.16969373256635259,-0.27596885496930801,,1.9778979049656278,0.13593364733761568,-0.11079153612746584,
mahler,GPFA50,no_bounce,r,0.1301708604971292,0.05582877874409535,0.025186865869736653,0.25252523349257561,1000,100,26.629999999999999,1100.1600000000001,fail,0.49632792267233272,0.062930609310331162,0.3661570621752035,0,0.46316390186851486,0.064785589853057199,0.33299304137138563,0
mahler,GPFA50,no_bounce,RMSE,4.577232302061792,0.17376506943278336,4.2169238544999308,4.9203402890307126,1000,100,26.629999999999999,1100.1600000000001,fail,3.5234836761774138,0.20953743563493032,-1.0537486258843782,0,3.4288102251199621,0.20466811935809673,-1.1484220769418299,0
mahler,GPFA50,no_bounce,bias,0.23237945258115328,0.16974127120577168,-0.098521405035228937,0.57500508963750208,1000,100,26.629999999999999,1100.1600000000001,fail,0.23997866651198557,0.67700424043711882,0.0075992139308322937,,0.21419506405120103,0.65672370112563461,-0.018184388529952245,
mahler,GPFA50,no_bounce,target_sd,4.0513368116134414,0.16803872911100312,3.711544558263189,4.3689565856795998,1000,100,26.629999999999999,1100.1600000000001,fail,3.8107821245431479,0.15374103590127761,-0.24055468707029348,,3.5540625511010013,0.1318818794866804,-0.49727426051244006,
mahler,GPFA50,no_bounce,prediction_sd,2.504303452216583,0.076708061390519708,2.3607788746495548,2.6498393514505234,1000,100,26.629999999999999,1100.1600000000001,fail,2.877814207101995,0.22144244193307813,0.37351075488541197,,2.8177737305939661,0.22802897921353019,0.31347027837738306,
mahler,GPFA50,no_bounce,amplitude_ratio,0.62147589191171659,0.020673055371307172,0.58449259850983637,0.66368060418131369,1000,100,26.629999999999999,1100.1600000000001,fail,0.75626507207356264,0.064362212040768377,0.13478918016184605,,0.79382867200217588,0.069734994173214757,0.17235278009045929,
mahler,GPFA50,no_bounce,target_min,-8.7077531845907146,0.096927235057320496,-8.8606365518877119,-8.4993110685742845,1000,100,26.629999999999999,1100.1600000000001,fail,-9.2818078399229709,0.38000363666097858,-0.5740546553322563,,-8.6684195456152011,0.12662019082529735,0.039333638975513452,
mahler,GPFA50,no_bounce,target_max,7.5485878296717903,0.099252117420225133,7.3844616158311442,7.7270003698433491,1000,100,26.629999999999999,1100.1600000000001,fail,8.1536693864588017,0.38399512783044398,0.60508155678701137,,7.4991031024052033,0.49669843314351569,-0.049484727266587036,
mahler,GPFA50,no_bounce,SSE,23266.449179861174,1766.3966278455273,19688.336128675368,26863.277105534522,1000,100,26.629999999999999,1100.1600000000001,fail,13719.738588810867,2203.3123805252558,-9546.7105910503069,,13000.68691477533,2152.8859216707165,-10265.762265085845,
mahler,GPFA50,no_bounce,baseline_SSE,9464.2521579585664,583.37348618016563,8294.7217352842472,10645.543763361173,1000,100,26.629999999999999,1100.1600000000001,fail,11306.482100150846,1734.6395988721561,1842.2299421922799,,8931.8913710895704,1348.1562586755197,-532.360786868996,
mahler,GPFA50,no_bounce,skill,-1.4765316808960163,0.19657167703393458,-1.8749140999874521,-1.0773225695446802,1000,100,26.629999999999999,1100.1600000000001,fail,-0.22755864319810301,0.19151619404173742,1.2489730376979133,0,-0.47231353217912492,0.23685174613341498,1.0042181487168913,0
mahler,GPFA50,no_bounce,objective_distance_RMSE,4.2341074775171421,0.30307773013846712,3.6042403960711296,4.8011364351509327,1000,100,26.629999999999999,1100.1600000000001,fail,0,0,-4.2341074775171421,,0.56437561400189329,0.059268280248571691,-3.6697318635152487,
mahler,GPFA50,no_bounce,baseline_r,0.70847887957135613,0.027995857043957691,0.64854932303203361,0.76130083463430209,1000,100,26.629999999999999,1100.1600000000001,fail,0.59049560254964528,0.052563022328494739,-0.11798327702171085,,0.64201745310451785,0.050380171926755597,-0.06646142646683828,
mahler,GPFA50,no_bounce,baseline_RMSE,2.9270002938474273,0.090589685156637526,2.7416639017078701,3.1079856798208647,1000,100,26.629999999999999,1100.1600000000001,fail,3.200073391133563,0.19581281009443494,0.27307309728613571,,2.844019937815176,0.16316046896110514,-0.08298035603225129,
mahler,GPFA50,post_bounce,r,0.43771446990109975,0.051102460966163561,0.33943316350512165,0.53368438872981039,1000,100,12.94,318.60000000000002,fail,0.67065646789367717,0.08233629195030745,0.23294199799257742,0,0.65797480317928092,0.086479801304542983,0.22026033327818118,0
mahler,GPFA50,post_bounce,RMSE,5.8499369318385908,0.33389941826315045,5.252816678028263,6.5589338862342306,1000,100,12.94,318.60000000000002,fail,5.4888533832945896,0.59932031865413604,-0.36108354854400115,0.13200000000000001,5.751643567888741,0.64124440355086743,-0.098293363949849777,0.40600000000000003
mahler,GPFA50,post_bounce,bias,-0.62946790967339183,0.48897916206206626,-1.5671308282943626,0.29715066261082468,1000,100,12.94,318.60000000000002,fail,-0.81363329812033169,1.6009883833301042,-0.18416538844693986,,-0.72542298765466595,1.6898426044389692,-0.095955077981274117,
mahler,GPFA50,post_bounce,target_sd,6.2121436219251533,0.27164081115945227,5.7153560746562473,6.7842638318701969,1000,100,12.94,318.60000000000002,fail,6.9215387224500819,0.29935053187826333,0.7093951005249286,,7.1396354993392901,0.2867146605570251,0.92749187741413675,
mahler,GPFA50,post_bounce,prediction_sd,3.1203794072705646,0.14045825096884898,2.8683792991612598,3.4064349691608116,1000,100,12.94,318.60000000000002,fail,3.665022596953603,0.54868363115071417,0.54464318968303838,,3.5807232411119747,0.53061607390040888,0.46034383384141009,
mahler,GPFA50,post_bounce,amplitude_ratio,0.5047502491494259,0.024814018878036883,0.45734886391244123,0.55518198031716492,1000,100,12.94,318.60000000000002,fail,0.5297423328961437,0.077211942368877781,0.024992083746717797,,0.50182497891764166,0.072955350436715444,-0.0029252702317842383,
mahler,GPFA50,post_bounce,target_min,-9.8441348242499451,0.0091036672419646716,-9.8609790549368732,-9.8285852519585948,1000,100,12.94,318.60000000000002,fail,-9.8439826761680234,0.03556366074911875,0.00015214808192176577,,-9.8556565781132459,0.040672265839016682,-0.011521753863300788,
mahler,GPFA50,post_bounce,target_max,9.8198477000280278,0.0052970084352439873,9.8101447119813834,9.8293721260354925,1000,100,12.94,318.60000000000002,fail,9.8300066114547686,0.02188655356868149,0.010158911426740858,,9.829658911431018,0.018386004449215933,0.0098112114029902386,
mahler,GPFA50,post_bounce,SSE,11162.198566537038,1289.3154083218938,8941.9722623507823,13969.314463694642,1000,100,12.94,318.60000000000002,fail,9813.5684740288871,3087.7223192208121,-1348.6300925081505,,10769.800548621439,3405.1218710409221,-392.39801791559876,
mahler,GPFA50,post_bounce,baseline_SSE,2654.4165759055459,361.47426660969438,1968.0468935508452,3367.9466799704383,1000,100,12.94,318.60000000000002,fail,1994.4952666364543,489.4216327043813,-659.92130926909158,,2367.270549281352,517.7364809396438,-287.14602662419384,
mahler,GPFA50,post_bounce,skill,-3.3453957569894355,0.69249744345930109,-4.8118120051887887,-2.1392459290898587,1000,100,12.94,318.60000000000002,fail,-4.0243990852960785,1.3742412321183648,-0.67900332830664301,0.83799999999999997,-3.5711488820818107,1.0986137974755563,-0.22575312509237522,0.65400000000000003
mahler,GPFA50,post_bounce,objective_distance_RMSE,3.7212488724906883,0.38582948326277478,2.9393058795811644,4.4026508516854399,1000,100,12.94,318.60000000000002,fail,0,0,-3.7212488724906883,,1.1327500752103044,0.25482383523133068,-2.5884987972803839,
mahler,GPFA50,post_bounce,baseline_r,0.89827704414664067,0.015388752511090153,0.867756861427048,0.92659039186630132,1000,100,12.94,318.60000000000002,fail,0.94666258843731976,0.0091464963552223763,0.048385544290679094,,0.94146604222195773,0.0090937594067490649,0.043188998075317064,
mahler,GPFA50,post_bounce,baseline_RMSE,2.8684328344754477,0.19933026662480235,2.4731634284917003,3.2454376359383703,1000,100,12.94,318.60000000000002,fail,2.4950640968481483,0.26849771801719424,-0.37336873762729939,,2.7229168457622648,0.24071546742133065,-0.14551598871318294,
mahler,GPFA50,endpoint_influence,r,0.23076475683539943,0.042085502079041853,0.1487385267709557,0.31144168677064521,1000,100,39.57,1418.76,fail,0.54905623902631251,0.055923740886045847,0.31829148219091308,0,0.52333638810187455,0.059811344652901832,0.29257163126647512,0
mahler,GPFA50,endpoint_influence,RMSE,4.9173641429668882,0.17127594516087175,4.5691772698082085,5.2469671995183482,1000,100,39.57,1418.76,fail,4.0695245583098885,0.26490005233410868,-0.84783958465699971,0,4.0892088751326403,0.28589884891922068,-0.82815526783424787,0
mahler,GPFA50,endpoint_influence,bias,0.028280357314586096,0.079702922886991642,-0.13331858608884306,0.18219493537610423,1000,100,39.57,1418.76,fail,-0.0088910793096690435,0.79273327895706613,-0.037171436624255136,,-0.0086222681787594679,0.78915096271895657,-0.036902625493345567,
mahler,GPFA50,endpoint_influence,target_sd,4.6751646378117897,0.13309535987893648,4.4123367214949862,4.921105135200766,1000,100,39.57,1418.76,fail,4.7413993878119838,0.20824063132866,0.066234750000194076,,4.6585045914573433,0.221912509852562,-0.016660046354446401,
mahler,GPFA50,endpoint_influence,prediction_sd,2.6900069056910683,0.084983323250165319,2.5260671710791214,2.8459131444032084,1000,100,39.57,1418.76,fail,3.0989985801523612,0.20671809020405948,0.40899167446129292,,3.0322186294910383,0.20737129857181599,0.34221172379997,
mahler,GPFA50,endpoint_influence,amplitude_ratio,0.57730249215118234,0.011196664397439694,0.55616744236985449,0.6006106049603781,1000,100,39.57,1418.76,fail,0.65524707336602683,0.056526831938081203,0.077944581214844488,,0.65294827913665898,0.060269872690581441,0.075645786985476637,
mahler,GPFA50,endpoint_influence,target_min,-9.8441348242499451,0.0091036672419646716,-9.8609790549368732,-9.8285852519585948,1000,100,39.57,1418.76,fail,-9.8439826761680234,0.03556366074911875,0.00015214808192176577,,-9.8556565781132459,0.040672265839016682,-0.011521753863300788,
mahler,GPFA50,endpoint_influence,target_max,9.8198477000280278,0.0052970084352439873,9.8101447119813834,9.8293721260354925,1000,100,39.57,1418.76,fail,9.8300066114547686,0.02188655356868149,0.010158911426740858,,9.829658911431018,0.018386004449215933,0.0098112114029902386,
mahler,GPFA50,endpoint_influence,SSE,34428.647746398208,2395.8701122624634,29673.037738270719,39155.596804429326,1000,100,39.57,1418.76,fail,23533.307062839755,2842.8283642939637,-10895.340683558454,,23770.487463396774,3064.7870567750497,-10658.160283001434,
mahler,GPFA50,endpoint_influence,baseline_SSE,12118.668733864111,376.89314954072472,11363.494259374904,12836.525351646218,1000,100,39.57,1418.76,fail,13300.977366787298,1655.8376174381413,1182.3086329231865,,11299.16192037092,1231.0754142014323,-819.50681349319166,
mahler,GPFA50,endpoint_influence,skill,-1.86365728457825,0.20183663495321363,-2.2707958390572514,-1.4703107728953713,1000,100,39.57,1418.76,fail,-0.79847353162702572,0.3209116002658115,1.0651837529512242,0,-1.1291990201889284,0.35989013975746498,0.7344582643893216,0
mahler,GPFA50,endpoint_influence,objective_distance_RMSE,4.1355108119577766,0.24723180561258329,3.6210855028892737,4.6229966079058569,1000,100,39.57,1418.76,fail,0,0,-4.1355108119577766,,0.74005951835210426,0.088550155099405323,-3.3954512936056722,
mahler,GPFA50,endpoint_influence,baseline_r,0.79057509032725526,0.013694107327202831,0.76314765119403138,0.81562463878039682,1000,100,39.57,1418.76,fail,0.77241585592245454,0.03411510411570421,-0.018159234404800717,,0.80317093833643016,0.029050943949144543,0.012595848009174904,
mahler,GPFA50,endpoint_influence,baseline_RMSE,2.9188345231345947,0.0449070976117001,2.8266079631212802,3.0021142045717824,1000,100,39.57,1418.76,fail,3.057427386350664,0.18042848215253071,0.13859286321606934,,2.8194717385824997,0.14668918107585099,-0.099362784552095018,
