split,metric,value
0,position_correlation,0.8988631842007597
0,position_cosine,0.8704043480621674
0,normalized_position_rmse,0.44958923271689627
0,velocity_direction_cosine,0.6491039008717719
0,speed_profile_correlation,0.8360500525986352
0,path_length_similarity,0.9984030500228943
0,acceleration_direction_cosine,0.5448210019590664
0,zero_lag_correlation,0.9025241213325415
0,best_lag_correlation,0.9025241213325415
1,position_correlation,0.8859045972931263
1,position_cosine,0.8519101050789638
1,normalized_position_rmse,0.4750771548691479
1,velocity_direction_cosine,0.6501680706339799
1,speed_profile_correlation,0.8000398571936388
1,path_length_similarity,0.8975949378381716
1,acceleration_direction_cosine,0.5639228926145442
1,zero_lag_correlation,0.889799720078552
1,best_lag_correlation,0.889799720078552
2,position_correlation,0.817749433792581
2,position_cosine,0.7871986958475586
2,normalized_position_rmse,0.5799084073933375
2,velocity_direction_cosine,0.6105504941856366
2,speed_profile_correlation,0.7118614789000672
2,path_length_similarity,0.8839817027280512
2,acceleration_direction_cosine,0.5497166253629611
2,zero_lag_correlation,0.826335258374258
2,best_lag_correlation,0.826335258374258
3,position_correlation,0.8958222166070005
3,position_cosine,0.866531485653952
3,normalized_position_rmse,0.45242975905668203
3,velocity_direction_cosine,0.6319293285944712
3,speed_profile_correlation,0.8231886089292637
3,path_length_similarity,0.9268299180948194
3,acceleration_direction_cosine,0.5627572040652539
3,zero_lag_correlation,0.8991144349112745
3,best_lag_correlation,0.8991144349112745
4,position_correlation,0.8715339301560685
4,position_cosine,0.8469332985341134
4,normalized_position_rmse,0.5450713831411437
4,velocity_direction_cosine,0.6423860081634207
4,speed_profile_correlation,0.7939156265706299
4,path_length_similarity,0.9284738550627224
4,acceleration_direction_cosine,0.569612938707382
4,zero_lag_correlation,0.8761212742615352
4,best_lag_correlation,0.8761212742615352
5,position_correlation,0.8686525978246448
5,position_cosine,0.8469020398878989
5,normalized_position_rmse,0.5406218971666139
5,velocity_direction_cosine,0.6601280722201444
5,speed_profile_correlation,0.7904215017947122
5,path_length_similarity,0.9440332990662191
5,acceleration_direction_cosine,0.5525184605586364
5,zero_lag_correlation,0.8740978508730545
5,best_lag_correlation,0.8740978508730545
6,position_correlation,0.8751158234203456
6,position_cosine,0.8391625626929842
6,normalized_position_rmse,0.48985710179702757
6,velocity_direction_cosine,0.6548593228823147
6,speed_profile_correlation,0.7641839350809361
6,path_length_similarity,0.9880226695330244
6,acceleration_direction_cosine,0.5699782558963066
6,zero_lag_correlation,0.8801288601986109
6,best_lag_correlation,0.8801288601986109
7,position_correlation,0.8451618607546342
7,position_cosine,0.8188288580003344
7,normalized_position_rmse,0.5439353438178861
7,velocity_direction_cosine,0.6178957403815529
7,speed_profile_correlation,0.7482775854815978
7,path_length_similarity,0.9205237514860606
7,acceleration_direction_cosine,0.5496644540177664
7,zero_lag_correlation,0.850854956924123
7,best_lag_correlation,0.850854956924123
8,position_correlation,0.8684867023354144
8,position_cosine,0.8201720403321193
8,normalized_position_rmse,0.49921046541215236
8,velocity_direction_cosine,0.6079709200621726
8,speed_profile_correlation,0.8140306530750838
8,path_length_similarity,0.9797186084461118
8,acceleration_direction_cosine,0.5576897231905091
8,zero_lag_correlation,0.8743214535860804
8,best_lag_correlation,0.8743214535860804
9,position_correlation,0.8875813640593146
9,position_cosine,0.8396951211913228
9,normalized_position_rmse,0.5402556337136188
9,velocity_direction_cosine,0.6297769994259307
9,speed_profile_correlation,0.8168679331426628
9,path_length_similarity,0.9345400236651247
9,acceleration_direction_cosine,0.5627894671308422
9,zero_lag_correlation,0.891273741948168
9,best_lag_correlation,0.891273741948168
10,position_correlation,0.8577040794085213
10,position_cosine,0.8362338788970516
10,normalized_position_rmse,0.5266117654272083
10,velocity_direction_cosine,0.6446643083340066
10,speed_profile_correlation,0.7501009155207398
10,path_length_similarity,0.9396455175584537
10,acceleration_direction_cosine,0.5542517985999369
10,zero_lag_correlation,0.862214908485049
10,best_lag_correlation,0.862214908485049
11,position_correlation,0.8507159711230831
11,position_cosine,0.8150208496612326
11,normalized_position_rmse,0.5266277751022195
11,velocity_direction_cosine,0.6435412767037316
11,speed_profile_correlation,0.7615301679741823
11,path_length_similarity,0.879874781942144
11,acceleration_direction_cosine,0.5647198538821867
11,zero_lag_correlation,0.859304683981057
11,best_lag_correlation,0.859304683981057
12,position_correlation,0.8578509813207953
12,position_cosine,0.8204054074270674
12,normalized_position_rmse,0.5345421804436993
12,velocity_direction_cosine,0.6780569029659624
12,speed_profile_correlation,0.7917492832586711
12,path_length_similarity,0.9562017489042504
12,acceleration_direction_cosine,0.5815129380661926
12,zero_lag_correlation,0.8621953817093608
12,best_lag_correlation,0.8621953817093608
13,position_correlation,0.858934865833499
13,position_cosine,0.7928912110952324
13,normalized_position_rmse,0.5263058206393859
13,velocity_direction_cosine,0.6466450614492838
13,speed_profile_correlation,0.8015847279732123
13,path_length_similarity,0.9821420926217814
13,acceleration_direction_cosine,0.5987049883451575
13,zero_lag_correlation,0.8640847767178519
13,best_lag_correlation,0.8640847767178519
14,position_correlation,0.8561472602740078
14,position_cosine,0.8350425055525432
14,normalized_position_rmse,0.531780724207673
14,velocity_direction_cosine,0.6587508343028149
14,speed_profile_correlation,0.7927605546213959
14,path_length_similarity,0.91668387174774
14,acceleration_direction_cosine,0.5732046508539835
14,zero_lag_correlation,0.8609664375069508
14,best_lag_correlation,0.8609664375069508
15,position_correlation,0.8469700087128313
15,position_cosine,0.835275055865637
15,normalized_position_rmse,0.5780188666201851
15,velocity_direction_cosine,0.638505130152213
15,speed_profile_correlation,0.785782000636385
15,path_length_similarity,0.9675612668565956
15,acceleration_direction_cosine,0.5597733856744657
15,zero_lag_correlation,0.8524662842698136
15,best_lag_correlation,0.8524662842698136
16,position_correlation,0.8769602427911911
16,position_cosine,0.8515372979386509
16,normalized_position_rmse,0.4875664162412003
16,velocity_direction_cosine,0.6753150101887069
16,speed_profile_correlation,0.7836595607867971
16,path_length_similarity,0.9245638709597571
16,acceleration_direction_cosine,0.5801845057195815
16,zero_lag_correlation,0.8814737378307466
16,best_lag_correlation,0.8814737378307466
17,position_correlation,0.8582189698363873
17,position_cosine,0.8112083478201207
17,normalized_position_rmse,0.5554120724325672
17,velocity_direction_cosine,0.6621880378044009
17,speed_profile_correlation,0.7882104409045867
17,path_length_similarity,0.952492275587661
17,acceleration_direction_cosine,0.5646213277565929
17,zero_lag_correlation,0.8629829929797547
17,best_lag_correlation,0.8629829929797547
18,position_correlation,0.8967616220114472
18,position_cosine,0.850584216560671
18,normalized_position_rmse,0.4534538484913796
18,velocity_direction_cosine,0.6581378329958525
18,speed_profile_correlation,0.8552251445372985
18,path_length_similarity,0.988650109966168
18,acceleration_direction_cosine,0.5844905508810608
18,zero_lag_correlation,0.8997182017205698
18,best_lag_correlation,0.8997182017205698
19,position_correlation,0.8615486085569044
19,position_cosine,0.8392107682736433
19,normalized_position_rmse,0.532375055442995
19,velocity_direction_cosine,0.5969208402008194
19,speed_profile_correlation,0.7784444078370535
19,path_length_similarity,0.960018560113835
19,acceleration_direction_cosine,0.5312676515670053
19,zero_lag_correlation,0.866151807261726
19,best_lag_correlation,0.866151807261726
20,position_correlation,0.8541429689513006
20,position_cosine,0.8031601549871572
20,normalized_position_rmse,0.5275664289488647
20,velocity_direction_cosine,0.6310191969538378
20,speed_profile_correlation,0.797113135714736
20,path_length_similarity,0.9757517024384479
20,acceleration_direction_cosine,0.5415463417113617
20,zero_lag_correlation,0.8585974647254412
20,best_lag_correlation,0.8585974647254412
21,position_correlation,0.8655432315050946
21,position_cosine,0.8332566784883315
21,normalized_position_rmse,0.5114659279764147
21,velocity_direction_cosine,0.6313974996479972
21,speed_profile_correlation,0.8224047012840124
21,path_length_similarity,0.9624843454333069
21,acceleration_direction_cosine,0.5429880387799487
21,zero_lag_correlation,0.8698320379590113
21,best_lag_correlation,0.8698320379590113
22,position_correlation,0.8270741728607223
22,position_cosine,0.8088882803046165
22,normalized_position_rmse,0.5711209057180502
22,velocity_direction_cosine,0.647594042624275
22,speed_profile_correlation,0.7550979034701704
22,path_length_similarity,0.8988291642218552
22,acceleration_direction_cosine,0.5765038489261871
22,zero_lag_correlation,0.8335712590689122
22,best_lag_correlation,0.8335712590689122
23,position_correlation,0.8597095534315351
23,position_cosine,0.84107282738905
23,normalized_position_rmse,0.5172337108248504
23,velocity_direction_cosine,0.6707298498764679
23,speed_profile_correlation,0.7979053060855865
23,path_length_similarity,0.989719870077891
23,acceleration_direction_cosine,0.5865251480454489
23,zero_lag_correlation,0.8637446116547185
23,best_lag_correlation,0.8637446116547185
24,position_correlation,0.885016600758257
24,position_cosine,0.8503361546930138
24,normalized_position_rmse,0.4681606339641359
24,velocity_direction_cosine,0.6393905056521024
24,speed_profile_correlation,0.7843188799762139
24,path_length_similarity,0.9428204634040408
24,acceleration_direction_cosine,0.5741434229571897
24,zero_lag_correlation,0.88919667127042
24,best_lag_correlation,0.88919667127042
25,position_correlation,0.8576000589744917
25,position_cosine,0.8223471270312822
25,normalized_position_rmse,0.5652498345607105
25,velocity_direction_cosine,0.611193605561562
25,speed_profile_correlation,0.7473550606874806
25,path_length_similarity,0.9439745129122321
25,acceleration_direction_cosine,0.5554046160302809
25,zero_lag_correlation,0.863258772876905
25,best_lag_correlation,0.863258772876905
26,position_correlation,0.8509973330905921
26,position_cosine,0.8213650938713914
26,normalized_position_rmse,0.5937262736475672
26,velocity_direction_cosine,0.6330709506792612
26,speed_profile_correlation,0.730131395707229
26,path_length_similarity,0.9300760928934413
26,acceleration_direction_cosine,0.5513031459617771
26,zero_lag_correlation,0.8578779627435549
26,best_lag_correlation,0.8578779627435549
27,position_correlation,0.8604743018274819
27,position_cosine,0.8093811585427269
27,normalized_position_rmse,0.5198012297883448
27,velocity_direction_cosine,0.6235121529642986
27,speed_profile_correlation,0.7936364967949155
27,path_length_similarity,0.9977693062871361
27,acceleration_direction_cosine,0.5399776456965055
27,zero_lag_correlation,0.8649535299997249
27,best_lag_correlation,0.8649535299997249
28,position_correlation,0.8588379993961088
28,position_cosine,0.836004097929426
28,normalized_position_rmse,0.5714872355587581
28,velocity_direction_cosine,0.6537767062770096
28,speed_profile_correlation,0.7778816497497777
28,path_length_similarity,0.8921649520808238
28,acceleration_direction_cosine,0.5460622293043915
28,zero_lag_correlation,0.8641075022593576
28,best_lag_correlation,0.8641075022593576
29,position_correlation,0.8562856531632593
29,position_cosine,0.8259679371492397
29,normalized_position_rmse,0.5691507137528796
29,velocity_direction_cosine,0.6187820474571908
29,speed_profile_correlation,0.7904511367965389
29,path_length_similarity,0.937649487018964
29,acceleration_direction_cosine,0.5526902473883566
29,zero_lag_correlation,0.8607086287780585
29,best_lag_correlation,0.8607086287780585
30,position_correlation,0.8429105015193151
30,position_cosine,0.8155325023862942
30,normalized_position_rmse,0.5396325524948415
30,velocity_direction_cosine,0.6354658768350316
30,speed_profile_correlation,0.7760480928572956
30,path_length_similarity,0.8580854093717126
30,acceleration_direction_cosine,0.5677274811266046
30,zero_lag_correlation,0.8514537571951264
30,best_lag_correlation,0.8514537571951264
31,position_correlation,0.8550589047876238
31,position_cosine,0.820271115419841
31,normalized_position_rmse,0.5871080349820255
31,velocity_direction_cosine,0.6270828066980756
31,speed_profile_correlation,0.7614846513930872
31,path_length_similarity,0.979649002906005
31,acceleration_direction_cosine,0.5418718710547679
31,zero_lag_correlation,0.8595135768742627
31,best_lag_correlation,0.8595135768742627
32,position_correlation,0.8375424916331887
32,position_cosine,0.8038162870594284
32,normalized_position_rmse,0.5589616822822543
32,velocity_direction_cosine,0.6144686405876564
32,speed_profile_correlation,0.7831230200274693
32,path_length_similarity,0.9702753169572026
32,acceleration_direction_cosine,0.5346405555004817
32,zero_lag_correlation,0.8424848542492877
32,best_lag_correlation,0.8424848542492877
33,position_correlation,0.8928840079126121
33,position_cosine,0.8622974270766739
33,normalized_position_rmse,0.49347705510434015
33,velocity_direction_cosine,0.6435043443263572
33,speed_profile_correlation,0.7924168303184697
33,path_length_similarity,0.9376991951435941
33,acceleration_direction_cosine,0.5345331076190113
33,zero_lag_correlation,0.8972448914252762
33,best_lag_correlation,0.8972448914252762
34,position_correlation,0.8466788995963421
34,position_cosine,0.8319075847730173
34,normalized_position_rmse,0.5334371424774961
34,velocity_direction_cosine,0.6635110982611059
34,speed_profile_correlation,0.7383181115842022
34,path_length_similarity,0.9806032102804572
34,acceleration_direction_cosine,0.568568702899378
34,zero_lag_correlation,0.8525324935688503
34,best_lag_correlation,0.8525324935688503
35,position_correlation,0.8740057553045868
35,position_cosine,0.8188960025894133
35,normalized_position_rmse,0.4899235653862514
35,velocity_direction_cosine,0.6632795740156493
35,speed_profile_correlation,0.8046997619346807
35,path_length_similarity,0.9838994757827599
35,acceleration_direction_cosine,0.577497502930487
35,zero_lag_correlation,0.8795285251638827
35,best_lag_correlation,0.8795285251638827
36,position_correlation,0.8722253644373157
36,position_cosine,0.8179773950680937
36,normalized_position_rmse,0.5602251500901054
36,velocity_direction_cosine,0.6239042331430599
36,speed_profile_correlation,0.7699645701834712
36,path_length_similarity,0.9268773502781322
36,acceleration_direction_cosine,0.5323666703924661
36,zero_lag_correlation,0.8753513204833394
36,best_lag_correlation,0.8753513204833394
37,position_correlation,0.8762305601487914
37,position_cosine,0.845333772880421
37,normalized_position_rmse,0.5744219612406741
37,velocity_direction_cosine,0.6355748467144601
37,speed_profile_correlation,0.8245171550906817
37,path_length_similarity,0.9097839692185251
37,acceleration_direction_cosine,0.5560456459259591
37,zero_lag_correlation,0.8832137386394484
37,best_lag_correlation,0.8832137386394484
38,position_correlation,0.8394975879343465
38,position_cosine,0.814084846391604
38,normalized_position_rmse,0.5571591948520337
38,velocity_direction_cosine,0.6467555968527211
38,speed_profile_correlation,0.741708464036904
38,path_length_similarity,0.9750176923810936
38,acceleration_direction_cosine,0.5616208377527238
38,zero_lag_correlation,0.8453646859796784
38,best_lag_correlation,0.8453646859796784
39,position_correlation,0.8627095531352443
39,position_cosine,0.8348310265399368
39,normalized_position_rmse,0.5614608643485841
39,velocity_direction_cosine,0.634621434491429
39,speed_profile_correlation,0.8059712314893634
39,path_length_similarity,0.8783346659804555
39,acceleration_direction_cosine,0.5433865351857037
39,zero_lag_correlation,0.8682311602842084
39,best_lag_correlation,0.8682311602842084
40,position_correlation,0.8481422359163221
40,position_cosine,0.8031048998126131
40,normalized_position_rmse,0.5486343421467521
40,velocity_direction_cosine,0.65677354956136
40,speed_profile_correlation,0.7630209206450588
40,path_length_similarity,0.9815274324937393
40,acceleration_direction_cosine,0.5610137835144883
40,zero_lag_correlation,0.853418364113554
40,best_lag_correlation,0.853418364113554
41,position_correlation,0.855118266999739
41,position_cosine,0.8311652412974604
41,normalized_position_rmse,0.5454091420335777
41,velocity_direction_cosine,0.6244692217783668
41,speed_profile_correlation,0.7744746130552967
41,path_length_similarity,0.9541322776572497
41,acceleration_direction_cosine,0.5332472821998393
41,zero_lag_correlation,0.8602065932069366
41,best_lag_correlation,0.8602065932069366
42,position_correlation,0.8717705000528313
42,position_cosine,0.8515201483977186
42,normalized_position_rmse,0.5250523946040109
42,velocity_direction_cosine,0.6719993960162844
42,speed_profile_correlation,0.8269683528412284
42,path_length_similarity,0.9969311028680222
42,acceleration_direction_cosine,0.5806278930777935
42,zero_lag_correlation,0.8758755994564303
42,best_lag_correlation,0.8758755994564303
43,position_correlation,0.862799817764514
43,position_cosine,0.8154658487918994
43,normalized_position_rmse,0.5232917374710265
43,velocity_direction_cosine,0.6256208464513191
43,speed_profile_correlation,0.7838565159976265
43,path_length_similarity,0.9325805821446528
43,acceleration_direction_cosine,0.5396298573960686
43,zero_lag_correlation,0.8675706885897316
43,best_lag_correlation,0.8675706885897316
44,position_correlation,0.8211142381004785
44,position_cosine,0.7760619903602528
44,normalized_position_rmse,0.7166397116061811
44,velocity_direction_cosine,0.6063958132241072
44,speed_profile_correlation,0.7162085605822504
44,path_length_similarity,0.8063304025298216
44,acceleration_direction_cosine,0.5314340871635883
44,zero_lag_correlation,0.8302000189865947
44,best_lag_correlation,0.8302000189865947
45,position_correlation,0.8502936972113748
45,position_cosine,0.8115526595229479
45,normalized_position_rmse,0.5589780794656666
45,velocity_direction_cosine,0.6543318436847898
45,speed_profile_correlation,0.7735761874474768
45,path_length_similarity,0.913460276344754
45,acceleration_direction_cosine,0.5708535390595715
45,zero_lag_correlation,0.8562464636234279
45,best_lag_correlation,0.8562464636234279
46,position_correlation,0.8305371719421939
46,position_cosine,0.7907171027775569
46,normalized_position_rmse,0.6033484257196163
46,velocity_direction_cosine,0.6440301876742243
46,speed_profile_correlation,0.7233537492307093
46,path_length_similarity,0.9510833292635329
46,acceleration_direction_cosine,0.5547155511548841
46,zero_lag_correlation,0.8357655158537666
46,best_lag_correlation,0.8358496977937219
47,position_correlation,0.8732028732274733
47,position_cosine,0.8140454307708536
47,normalized_position_rmse,0.5186808785192791
47,velocity_direction_cosine,0.6598828032816477
47,speed_profile_correlation,0.7942731605695467
47,path_length_similarity,0.9988437505580842
47,acceleration_direction_cosine,0.5658380836203348
47,zero_lag_correlation,0.877810224205753
47,best_lag_correlation,0.877810224205753
48,position_correlation,0.8606196609167017
48,position_cosine,0.8237396442090673
48,normalized_position_rmse,0.5166905432437614
48,velocity_direction_cosine,0.6540965303854379
48,speed_profile_correlation,0.7611073448225633
48,path_length_similarity,0.983386281230613
48,acceleration_direction_cosine,0.561970917242008
48,zero_lag_correlation,0.8655022759049296
48,best_lag_correlation,0.8655022759049296
49,position_correlation,0.8766634314590322
49,position_cosine,0.8327761925500904
49,normalized_position_rmse,0.5103333706140769
49,velocity_direction_cosine,0.6335296494470917
49,speed_profile_correlation,0.7765499469717535
49,path_length_similarity,0.9996546845794442
49,acceleration_direction_cosine,0.5592512792192663
49,zero_lag_correlation,0.8810363877741634
49,best_lag_correlation,0.8810363877741634
50,position_correlation,0.8509536222789147
50,position_cosine,0.8159504212387809
50,normalized_position_rmse,0.5941617920544043
50,velocity_direction_cosine,0.6080643844587694
50,speed_profile_correlation,0.7747780606627775
50,path_length_similarity,0.9483084127996197
50,acceleration_direction_cosine,0.5502979853990111
50,zero_lag_correlation,0.8561141731569739
50,best_lag_correlation,0.8561141731569739
51,position_correlation,0.8695913464697655
51,position_cosine,0.8311631230045353
51,normalized_position_rmse,0.5397996042111955
51,velocity_direction_cosine,0.638485400720313
51,speed_profile_correlation,0.7987258920641196
51,path_length_similarity,0.9344478304671838
51,acceleration_direction_cosine,0.5561971350975979
51,zero_lag_correlation,0.8749175110160643
51,best_lag_correlation,0.8749175110160643
52,position_correlation,0.828247615897153
52,position_cosine,0.8116197822377816
52,normalized_position_rmse,0.5722595026029728
52,velocity_direction_cosine,0.5966174413438801
52,speed_profile_correlation,0.742758731853828
52,path_length_similarity,0.995224472935878
52,acceleration_direction_cosine,0.5181033003061716
52,zero_lag_correlation,0.8346145033583332
52,best_lag_correlation,0.8346145033583332
53,position_correlation,0.8418650784646073
53,position_cosine,0.8305140477680916
53,normalized_position_rmse,0.6148993817720005
53,velocity_direction_cosine,0.6079415371632286
53,speed_profile_correlation,0.7755396161536585
53,path_length_similarity,0.8367884504731895
53,acceleration_direction_cosine,0.5258721555232042
53,zero_lag_correlation,0.8496164889006723
53,best_lag_correlation,0.8496164889006723
54,position_correlation,0.8440706699082592
54,position_cosine,0.8170169346019538
54,normalized_position_rmse,0.5604497988375363
54,velocity_direction_cosine,0.6568522434974938
54,speed_profile_correlation,0.7348078727853831
54,path_length_similarity,0.8855327705481076
54,acceleration_direction_cosine,0.5750689485106101
54,zero_lag_correlation,0.8492322212862723
54,best_lag_correlation,0.8492322212862723
55,position_correlation,0.8788672195668699
55,position_cosine,0.8536282159296004
55,normalized_position_rmse,0.4828778623358588
55,velocity_direction_cosine,0.6489955530395483
55,speed_profile_correlation,0.8073730518145789
55,path_length_similarity,0.9589757980889353
55,acceleration_direction_cosine,0.5581206984092144
55,zero_lag_correlation,0.8831397374766579
55,best_lag_correlation,0.8840805996930244
56,position_correlation,0.8350578151594396
56,position_cosine,0.7993063729105907
56,normalized_position_rmse,0.6495059220581688
56,velocity_direction_cosine,0.6056736602058523
56,speed_profile_correlation,0.7449130409007768
56,path_length_similarity,0.8822822710065561
56,acceleration_direction_cosine,0.5364936796931797
56,zero_lag_correlation,0.8432639595428673
56,best_lag_correlation,0.8432639595428673
57,position_correlation,0.8392937452531772
57,position_cosine,0.7833232192545684
57,normalized_position_rmse,0.5545378714260731
57,velocity_direction_cosine,0.6420271371086749
57,speed_profile_correlation,0.7914724844095051
57,path_length_similarity,0.9063199990213214
57,acceleration_direction_cosine,0.5584164187433235
57,zero_lag_correlation,0.8451380184210364
57,best_lag_correlation,0.8451380184210364
58,position_correlation,0.8705744697606008
58,position_cosine,0.830400361051592
58,normalized_position_rmse,0.5130442364502493
58,velocity_direction_cosine,0.6101156049998142
58,speed_profile_correlation,0.781098537671476
58,path_length_similarity,0.984724496647644
58,acceleration_direction_cosine,0.5540322381813584
58,zero_lag_correlation,0.8751077426745866
58,best_lag_correlation,0.8751077426745866
59,position_correlation,0.853746098093302
59,position_cosine,0.8505435680627694
59,normalized_position_rmse,0.5329671244754047
59,velocity_direction_cosine,0.638756789489345
59,speed_profile_correlation,0.7980550222538872
59,path_length_similarity,0.9802000499353666
59,acceleration_direction_cosine,0.5589755669476758
59,zero_lag_correlation,0.8590290133546571
59,best_lag_correlation,0.8590290133546571
60,position_correlation,0.8792616186643065
60,position_cosine,0.8519083121393022
60,normalized_position_rmse,0.4867773772612913
60,velocity_direction_cosine,0.640586229787444
60,speed_profile_correlation,0.7721823379657071
60,path_length_similarity,0.9993929019485738
60,acceleration_direction_cosine,0.5608389447585023
60,zero_lag_correlation,0.8834470339078699
60,best_lag_correlation,0.8834470339078699
61,position_correlation,0.8491232291622304
61,position_cosine,0.8153193803610561
61,normalized_position_rmse,0.5486795378612392
61,velocity_direction_cosine,0.625866397656407
61,speed_profile_correlation,0.7550752701768217
61,path_length_similarity,0.9976407738083403
61,acceleration_direction_cosine,0.5501345630088273
61,zero_lag_correlation,0.8538754084198656
61,best_lag_correlation,0.8538754084198656
62,position_correlation,0.8325870596804501
62,position_cosine,0.7880973234032822
62,normalized_position_rmse,0.5874382806891003
62,velocity_direction_cosine,0.6085751367038059
62,speed_profile_correlation,0.6976345777306588
62,path_length_similarity,0.8964153631404711
62,acceleration_direction_cosine,0.5252818330627913
62,zero_lag_correlation,0.8384727313075505
62,best_lag_correlation,0.8384727313075505
63,position_correlation,0.826406088649341
63,position_cosine,0.7927789444149974
63,normalized_position_rmse,0.6341876932453812
63,velocity_direction_cosine,0.6314724252676914
63,speed_profile_correlation,0.7257938540545241
63,path_length_similarity,0.8679705316284642
63,acceleration_direction_cosine,0.5432552117392426
63,zero_lag_correlation,0.8317985899435422
63,best_lag_correlation,0.8317985899435422
64,position_correlation,0.882736841290068
64,position_cosine,0.8502189317007752
64,normalized_position_rmse,0.4708718012944204
64,velocity_direction_cosine,0.649791686411477
64,speed_profile_correlation,0.7964171417877816
64,path_length_similarity,0.9295269733272559
64,acceleration_direction_cosine,0.5716856828828409
64,zero_lag_correlation,0.8876938496704738
64,best_lag_correlation,0.8876938496704738
65,position_correlation,0.8814418325915382
65,position_cosine,0.8334914219210362
65,normalized_position_rmse,0.4880643579232756
65,velocity_direction_cosine,0.6579568587305811
65,speed_profile_correlation,0.79357233873739
65,path_length_similarity,0.9580008936728177
65,acceleration_direction_cosine,0.5798407736246904
65,zero_lag_correlation,0.8853687054243359
65,best_lag_correlation,0.8853687054243359
66,position_correlation,0.8571446762601721
66,position_cosine,0.8215270340904198
66,normalized_position_rmse,0.5573057201302749
66,velocity_direction_cosine,0.6216965263941201
66,speed_profile_correlation,0.7703751656759361
66,path_length_similarity,0.9895523416100653
66,acceleration_direction_cosine,0.5434605260145914
66,zero_lag_correlation,0.8620370238670327
66,best_lag_correlation,0.8620370238670327
67,position_correlation,0.8558517719516621
67,position_cosine,0.8391370677810919
67,normalized_position_rmse,0.5272197511561274
67,velocity_direction_cosine,0.6420755583990142
67,speed_profile_correlation,0.7909739580782541
67,path_length_similarity,0.900140081242646
67,acceleration_direction_cosine,0.5623081742133226
67,zero_lag_correlation,0.8615141144439727
67,best_lag_correlation,0.8615141144439727
68,position_correlation,0.8692524585102321
68,position_cosine,0.825719481184425
68,normalized_position_rmse,0.4989618012804916
68,velocity_direction_cosine,0.6776453065225059
68,speed_profile_correlation,0.7932789753032575
68,path_length_similarity,0.93952923879795
68,acceleration_direction_cosine,0.5768292428831041
68,zero_lag_correlation,0.8744222937999145
68,best_lag_correlation,0.8744222937999145
69,position_correlation,0.8493141214147392
69,position_cosine,0.8040352734699374
69,normalized_position_rmse,0.5540469914780436
69,velocity_direction_cosine,0.6376321775554722
69,speed_profile_correlation,0.7846956300625417
69,path_length_similarity,0.9818034932453342
69,acceleration_direction_cosine,0.5418110972806386
69,zero_lag_correlation,0.8539689508337696
69,best_lag_correlation,0.8539689508337696
70,position_correlation,0.8579136009757686
70,position_cosine,0.8103424165699609
70,normalized_position_rmse,0.541030684036954
70,velocity_direction_cosine,0.6431462415890363
70,speed_profile_correlation,0.7949492308542806
70,path_length_similarity,0.9712713133078618
70,acceleration_direction_cosine,0.5618111554421493
70,zero_lag_correlation,0.8625318089895517
70,best_lag_correlation,0.8627671880544017
71,position_correlation,0.8437477394636609
71,position_cosine,0.8104032073489361
71,normalized_position_rmse,0.5545881459274713
71,velocity_direction_cosine,0.6603887741755761
71,speed_profile_correlation,0.7815794412953907
71,path_length_similarity,0.9739553590270296
71,acceleration_direction_cosine,0.5894427891997691
71,zero_lag_correlation,0.8484910760028352
71,best_lag_correlation,0.8484910760028352
72,position_correlation,0.8426461020111898
72,position_cosine,0.8024355560239516
72,normalized_position_rmse,0.545318973721969
72,velocity_direction_cosine,0.6119931999134758
72,speed_profile_correlation,0.7622299230578385
72,path_length_similarity,0.9769416630083899
72,acceleration_direction_cosine,0.5437116040235457
72,zero_lag_correlation,0.8496221235093245
72,best_lag_correlation,0.8496221235093245
73,position_correlation,0.8115032534050208
73,position_cosine,0.7690376026544291
73,normalized_position_rmse,0.6735025846177235
73,velocity_direction_cosine,0.6730885219793051
73,speed_profile_correlation,0.7420936134364732
73,path_length_similarity,0.8878723304075794
73,acceleration_direction_cosine,0.5983999546953209
73,zero_lag_correlation,0.8186932127935433
73,best_lag_correlation,0.8186932127935433
74,position_correlation,0.868960576900949
74,position_cosine,0.8473666391022558
74,normalized_position_rmse,0.49800826268087506
74,velocity_direction_cosine,0.6195620171342935
74,speed_profile_correlation,0.7861089047548641
74,path_length_similarity,0.9722343023811825
74,acceleration_direction_cosine,0.542819088496773
74,zero_lag_correlation,0.8724373402562005
74,best_lag_correlation,0.8724373402562005
75,position_correlation,0.8638644198467635
75,position_cosine,0.8065204837824839
75,normalized_position_rmse,0.5356727182545035
75,velocity_direction_cosine,0.6218374637058
75,speed_profile_correlation,0.8157970291446651
75,path_length_similarity,0.9527828204615544
75,acceleration_direction_cosine,0.5283396469292376
75,zero_lag_correlation,0.8681632480492634
75,best_lag_correlation,0.8681632480492634
76,position_correlation,0.840895286763105
76,position_cosine,0.8166658803667275
76,normalized_position_rmse,0.6198099058716215
76,velocity_direction_cosine,0.6261278417107592
76,speed_profile_correlation,0.7461937945583834
76,path_length_similarity,0.9601005187312829
76,acceleration_direction_cosine,0.5386479477208035
76,zero_lag_correlation,0.8467281445406127
76,best_lag_correlation,0.8467281445406127
77,position_correlation,0.8722811248633588
77,position_cosine,0.8415763319051833
77,normalized_position_rmse,0.5271754527922294
77,velocity_direction_cosine,0.6428682730083155
77,speed_profile_correlation,0.786477161127084
77,path_length_similarity,0.9068759813244325
77,acceleration_direction_cosine,0.5741450996235844
77,zero_lag_correlation,0.8772784763035908
77,best_lag_correlation,0.8772784763035908
78,position_correlation,0.8479883017507267
78,position_cosine,0.788913520623917
78,normalized_position_rmse,0.5394056207468901
78,velocity_direction_cosine,0.62065699428258
78,speed_profile_correlation,0.8089315642521462
78,path_length_similarity,0.9008669187028767
78,acceleration_direction_cosine,0.5389881122621918
78,zero_lag_correlation,0.8549323154260275
78,best_lag_correlation,0.8549323154260275
79,position_correlation,0.8239620019541295
79,position_cosine,0.831965271968042
79,normalized_position_rmse,0.5883395724932633
79,velocity_direction_cosine,0.6616357271754001
79,speed_profile_correlation,0.7170014686657421
79,path_length_similarity,0.9315301344955682
79,acceleration_direction_cosine,0.5807140487225319
79,zero_lag_correlation,0.8299848128573168
79,best_lag_correlation,0.8299848128573168
80,position_correlation,0.8757391912890389
80,position_cosine,0.8261452155119008
80,normalized_position_rmse,0.48790224312643204
80,velocity_direction_cosine,0.6437861580773476
80,speed_profile_correlation,0.8173378116330563
80,path_length_similarity,0.9578746379731093
80,acceleration_direction_cosine,0.5727949327808242
80,zero_lag_correlation,0.880561637402929
80,best_lag_correlation,0.880561637402929
81,position_correlation,0.861273490333367
81,position_cosine,0.8289626799187081
81,normalized_position_rmse,0.5389357284452054
81,velocity_direction_cosine,0.6088811156657138
81,speed_profile_correlation,0.7742983615918304
81,path_length_similarity,0.9097449275010181
81,acceleration_direction_cosine,0.554719377021818
81,zero_lag_correlation,0.8657944360182324
81,best_lag_correlation,0.8657944360182324
82,position_correlation,0.8448701316974879
82,position_cosine,0.8144643683111852
82,normalized_position_rmse,0.610572324368142
82,velocity_direction_cosine,0.6384078976709553
82,speed_profile_correlation,0.8025050739144527
82,path_length_similarity,0.9290658750249986
82,acceleration_direction_cosine,0.552824067859721
82,zero_lag_correlation,0.8521362264824432
82,best_lag_correlation,0.8521362264824432
83,position_correlation,0.8464856841132946
83,position_cosine,0.8204499964554927
83,normalized_position_rmse,0.55510078712172
83,velocity_direction_cosine,0.6671812055323293
83,speed_profile_correlation,0.8015906732698973
83,path_length_similarity,0.9451963141077718
83,acceleration_direction_cosine,0.6028715595644335
83,zero_lag_correlation,0.8516250929779663
83,best_lag_correlation,0.8516250929779663
84,position_correlation,0.8292705629114363
84,position_cosine,0.8254057605280086
84,normalized_position_rmse,0.6292527424394699
84,velocity_direction_cosine,0.6224160152535603
84,speed_profile_correlation,0.7144411363676757
84,path_length_similarity,0.894304141832797
84,acceleration_direction_cosine,0.5250707000555588
84,zero_lag_correlation,0.8351674938923259
84,best_lag_correlation,0.8351674938923259
85,position_correlation,0.8482430695834786
85,position_cosine,0.831049509810405
85,normalized_position_rmse,0.5367072151483193
85,velocity_direction_cosine,0.6403601011478003
85,speed_profile_correlation,0.7533545563641137
85,path_length_similarity,0.9060328134613606
85,acceleration_direction_cosine,0.562201885602086
85,zero_lag_correlation,0.8530047115017623
85,best_lag_correlation,0.8530047115017623
86,position_correlation,0.8534671048719501
86,position_cosine,0.8265040378285421
86,normalized_position_rmse,0.5502139114251873
86,velocity_direction_cosine,0.6587047558342276
86,speed_profile_correlation,0.785683202610406
86,path_length_similarity,0.9963491923292342
86,acceleration_direction_cosine,0.5815323187032447
86,zero_lag_correlation,0.8583458166233042
86,best_lag_correlation,0.858771156287239
87,position_correlation,0.8717535858905613
87,position_cosine,0.8392505787913845
87,normalized_position_rmse,0.5468680862219683
87,velocity_direction_cosine,0.6728066639137928
87,speed_profile_correlation,0.7959237002138593
87,path_length_similarity,0.8936793205047726
87,acceleration_direction_cosine,0.6001816025341915
87,zero_lag_correlation,0.8768684247654336
87,best_lag_correlation,0.8768684247654336
88,position_correlation,0.8477344065773467
88,position_cosine,0.8160166538444822
88,normalized_position_rmse,0.5524717239555865
88,velocity_direction_cosine,0.6644299427299376
88,speed_profile_correlation,0.7858428799376238
88,path_length_similarity,0.9667812038707218
88,acceleration_direction_cosine,0.6053416397856144
88,zero_lag_correlation,0.852269243157121
88,best_lag_correlation,0.852269243157121
89,position_correlation,0.8804993054083898
89,position_cosine,0.8477145198865513
89,normalized_position_rmse,0.5034424478640975
89,velocity_direction_cosine,0.6352416094679901
89,speed_profile_correlation,0.8056429915094778
89,path_length_similarity,0.9703124427451852
89,acceleration_direction_cosine,0.5597606713989879
89,zero_lag_correlation,0.8847431236205598
89,best_lag_correlation,0.8847431236205598
90,position_correlation,0.8469324627878907
90,position_cosine,0.8002932150908245
90,normalized_position_rmse,0.551394989838593
90,velocity_direction_cosine,0.5997923269027416
90,speed_profile_correlation,0.7726533675895753
90,path_length_similarity,0.8924227276234485
90,acceleration_direction_cosine,0.5364818465938325
90,zero_lag_correlation,0.8519584363428043
90,best_lag_correlation,0.852148349814359
91,position_correlation,0.859560096567114
91,position_cosine,0.831584483275899
91,normalized_position_rmse,0.512101688556544
91,velocity_direction_cosine,0.6461292518737001
91,speed_profile_correlation,0.7850175715505799
91,path_length_similarity,0.8976371430863486
91,acceleration_direction_cosine,0.5757349504550944
91,zero_lag_correlation,0.86550926434248
91,best_lag_correlation,0.86550926434248
92,position_correlation,0.8740655539130737
92,position_cosine,0.8328136681236579
92,normalized_position_rmse,0.4972444102378349
92,velocity_direction_cosine,0.6390123428266096
92,speed_profile_correlation,0.7962217563106512
92,path_length_similarity,0.9497870732974988
92,acceleration_direction_cosine,0.5617232166485926
92,zero_lag_correlation,0.8782877825386305
92,best_lag_correlation,0.8799884349344472
93,position_correlation,0.8598772650690678
93,position_cosine,0.8356583016796054
93,normalized_position_rmse,0.5670924009337762
93,velocity_direction_cosine,0.6356361606698283
93,speed_profile_correlation,0.7717517352199109
93,path_length_similarity,0.8740856298586346
93,acceleration_direction_cosine,0.5472100650280787
93,zero_lag_correlation,0.864514788843624
93,best_lag_correlation,0.864514788843624
94,position_correlation,0.8711261602069008
94,position_cosine,0.8456155377934277
94,normalized_position_rmse,0.5171690903321706
94,velocity_direction_cosine,0.6679237943399592
94,speed_profile_correlation,0.8397637699236324
94,path_length_similarity,0.9203303812883067
94,acceleration_direction_cosine,0.6149939915396224
94,zero_lag_correlation,0.875187717677302
94,best_lag_correlation,0.875187717677302
95,position_correlation,0.8303466937617077
95,position_cosine,0.797973134018609
95,normalized_position_rmse,0.6012458405243076
95,velocity_direction_cosine,0.639719332222404
95,speed_profile_correlation,0.7601571651999323
95,path_length_similarity,0.9376283754466788
95,acceleration_direction_cosine,0.5714237249041477
95,zero_lag_correlation,0.8358437007456424
95,best_lag_correlation,0.8361944416492103
96,position_correlation,0.8543444250240688
96,position_cosine,0.8199000473162164
96,normalized_position_rmse,0.5543869156530649
96,velocity_direction_cosine,0.6561375799868033
96,speed_profile_correlation,0.754697923422053
96,path_length_similarity,0.9770721481959422
96,acceleration_direction_cosine,0.5747478005792798
96,zero_lag_correlation,0.8586130332050157
96,best_lag_correlation,0.8586130332050157
97,position_correlation,0.8250250459374626
97,position_cosine,0.8161819048740948
97,normalized_position_rmse,0.5784784109567791
97,velocity_direction_cosine,0.6278797305951275
97,speed_profile_correlation,0.7292662249662576
97,path_length_similarity,0.9903701790191656
97,acceleration_direction_cosine,0.5574846456560317
97,zero_lag_correlation,0.8315195287753484
97,best_lag_correlation,0.8315195287753484
98,position_correlation,0.8776895281291865
98,position_cosine,0.8542144421463551
98,normalized_position_rmse,0.4973324455677573
98,velocity_direction_cosine,0.6706605977572248
98,speed_profile_correlation,0.7949035743924753
98,path_length_similarity,0.9999276096746564
98,acceleration_direction_cosine,0.6094943658161963
98,zero_lag_correlation,0.8819245272443953
98,best_lag_correlation,0.8819245272443953
99,position_correlation,0.8714544086642068
99,position_cosine,0.8389581686366434
99,normalized_position_rmse,0.5105597658770975
99,velocity_direction_cosine,0.6391902288881967
99,speed_profile_correlation,0.7909512093388621
99,path_length_similarity,0.994537702277964
99,acceleration_direction_cosine,0.549956363896321
99,zero_lag_correlation,0.8756961448252562
99,best_lag_correlation,0.8756961448252562
100,position_correlation,0.8752029655391449
100,position_cosine,0.8247760829456195
100,normalized_position_rmse,0.515922742411368
100,velocity_direction_cosine,0.648880069271356
100,speed_profile_correlation,0.8353695991063695
100,path_length_similarity,0.9594601935179371
100,acceleration_direction_cosine,0.5799319797048624
100,zero_lag_correlation,0.8798077495200698
100,best_lag_correlation,0.8798077495200698
101,position_correlation,0.8744263621834449
101,position_cosine,0.834885905540729
101,normalized_position_rmse,0.49559715337853427
101,velocity_direction_cosine,0.6286402060373838
101,speed_profile_correlation,0.7864246316645088
101,path_length_similarity,0.8974149594946762
101,acceleration_direction_cosine,0.5416968330536069
101,zero_lag_correlation,0.878980687815568
101,best_lag_correlation,0.878980687815568
102,position_correlation,0.884172697335265
102,position_cosine,0.8461315515336537
102,normalized_position_rmse,0.48465719280184194
102,velocity_direction_cosine,0.6327766465244796
102,speed_profile_correlation,0.7608369569823619
102,path_length_similarity,0.9652998186218028
102,acceleration_direction_cosine,0.5399790944016465
102,zero_lag_correlation,0.8878373137577383
102,best_lag_correlation,0.8878373137577383
103,position_correlation,0.8550280496050594
103,position_cosine,0.8040764914756294
103,normalized_position_rmse,0.529103063510779
103,velocity_direction_cosine,0.6471135252853514
103,speed_profile_correlation,0.7820452302897271
103,path_length_similarity,0.9696638433661016
103,acceleration_direction_cosine,0.5486693550051184
103,zero_lag_correlation,0.8608900928478641
103,best_lag_correlation,0.8608900928478641
104,position_correlation,0.8539619352300236
104,position_cosine,0.8359705070936745
104,normalized_position_rmse,0.5610592394685954
104,velocity_direction_cosine,0.6366475621177474
104,speed_profile_correlation,0.741719477404231
104,path_length_similarity,0.9253946898504927
104,acceleration_direction_cosine,0.5640805010534747
104,zero_lag_correlation,0.8584935329462486
104,best_lag_correlation,0.8584935329462486
105,position_correlation,0.8377921392882712
105,position_cosine,0.799461780059288
105,normalized_position_rmse,0.5503895110804848
105,velocity_direction_cosine,0.634274529656486
105,speed_profile_correlation,0.7586283511050101
105,path_length_similarity,0.9273516158254639
105,acceleration_direction_cosine,0.54981155249817
105,zero_lag_correlation,0.8447076010647594
105,best_lag_correlation,0.8447076010647594
106,position_correlation,0.8528237572071524
106,position_cosine,0.8106514998155852
106,normalized_position_rmse,0.5828760778408475
106,velocity_direction_cosine,0.6600324641329951
106,speed_profile_correlation,0.7833668687866607
106,path_length_similarity,0.9990083779165287
106,acceleration_direction_cosine,0.5918263777978263
106,zero_lag_correlation,0.8583266585416749
106,best_lag_correlation,0.8583266585416749
107,position_correlation,0.8672324176671005
107,position_cosine,0.8276609088339425
107,normalized_position_rmse,0.5666699084198382
107,velocity_direction_cosine,0.6211510590028753
107,speed_profile_correlation,0.7738372027796561
107,path_length_similarity,0.8795331795116665
107,acceleration_direction_cosine,0.5360928288492087
107,zero_lag_correlation,0.8712625105843064
107,best_lag_correlation,0.8712625105843064
108,position_correlation,0.8511450195394377
108,position_cosine,0.8212057989660719
108,normalized_position_rmse,0.5359406087357954
108,velocity_direction_cosine,0.6274906925359117
108,speed_profile_correlation,0.7571739935000676
108,path_length_similarity,0.961268730066562
108,acceleration_direction_cosine,0.5340404766882287
108,zero_lag_correlation,0.8571561290047776
108,best_lag_correlation,0.8571561290047776
109,position_correlation,0.8624056102418332
109,position_cosine,0.8047905161836857
109,normalized_position_rmse,0.5149303380873754
109,velocity_direction_cosine,0.6059779586502811
109,speed_profile_correlation,0.793514099801219
109,path_length_similarity,0.9771185545234942
109,acceleration_direction_cosine,0.510320698895372
109,zero_lag_correlation,0.8665298834487714
109,best_lag_correlation,0.8665298834487714
110,position_correlation,0.854222289624589
110,position_cosine,0.8127126174239596
110,normalized_position_rmse,0.6308557171217936
110,velocity_direction_cosine,0.6334312105384398
110,speed_profile_correlation,0.8063482529465136
110,path_length_similarity,0.8456869981789966
110,acceleration_direction_cosine,0.5768647484361232
110,zero_lag_correlation,0.8614472204395919
110,best_lag_correlation,0.8614472204395919
111,position_correlation,0.8736813674452897
111,position_cosine,0.851333922504094
111,normalized_position_rmse,0.4951327714353245
111,velocity_direction_cosine,0.6350721131363491
111,speed_profile_correlation,0.8085841477208738
111,path_length_similarity,0.9678654231929601
111,acceleration_direction_cosine,0.5618677456829078
111,zero_lag_correlation,0.8788180047029681
111,best_lag_correlation,0.8788180047029681
112,position_correlation,0.8859404806814262
112,position_cosine,0.8645236259603677
112,normalized_position_rmse,0.49754601011344285
112,velocity_direction_cosine,0.6501940466697871
112,speed_profile_correlation,0.7782398446829916
112,path_length_similarity,0.9817130268101399
112,acceleration_direction_cosine,0.567790900874109
112,zero_lag_correlation,0.8898122617728003
112,best_lag_correlation,0.8898122617728003
113,position_correlation,0.8469835359744807
113,position_cosine,0.8148095722768405
113,normalized_position_rmse,0.5543080133878917
113,velocity_direction_cosine,0.6034275407273724
113,speed_profile_correlation,0.7287483825773954
113,path_length_similarity,0.9886277086279849
113,acceleration_direction_cosine,0.5406609175737824
113,zero_lag_correlation,0.8524539095101507
113,best_lag_correlation,0.8524539095101507
114,position_correlation,0.8463047009607092
114,position_cosine,0.8045683724560064
114,normalized_position_rmse,0.5760752023521364
114,velocity_direction_cosine,0.625094805295956
114,speed_profile_correlation,0.7947383161197649
114,path_length_similarity,0.8356784744376139
114,acceleration_direction_cosine,0.538017624355358
114,zero_lag_correlation,0.8514551896544238
114,best_lag_correlation,0.8514551896544238
115,position_correlation,0.8594055290058773
115,position_cosine,0.8220791880561322
115,normalized_position_rmse,0.5154225696131416
115,velocity_direction_cosine,0.6504270797687883
115,speed_profile_correlation,0.825262331953057
115,path_length_similarity,0.9168440123274778
115,acceleration_direction_cosine,0.5814673959748072
115,zero_lag_correlation,0.864785282573459
115,best_lag_correlation,0.864785282573459
116,position_correlation,0.8719589028056881
116,position_cosine,0.8473678119874543
116,normalized_position_rmse,0.49660314742794026
116,velocity_direction_cosine,0.6382873193595945
116,speed_profile_correlation,0.7747530619986763
116,path_length_similarity,0.9119959693453367
116,acceleration_direction_cosine,0.5683531651183297
116,zero_lag_correlation,0.8762963037750203
116,best_lag_correlation,0.8762963037750203
117,position_correlation,0.8517776855768244
117,position_cosine,0.8309333112220256
117,normalized_position_rmse,0.5411268761985475
117,velocity_direction_cosine,0.6448635929623382
117,speed_profile_correlation,0.7611876078213198
117,path_length_similarity,0.9252254086061062
117,acceleration_direction_cosine,0.5465700661975538
117,zero_lag_correlation,0.8565280686421414
117,best_lag_correlation,0.8565280686421414
118,position_correlation,0.8701278471906452
118,position_cosine,0.8344210130108062
118,normalized_position_rmse,0.5179669040839336
118,velocity_direction_cosine,0.6190027968031697
118,speed_profile_correlation,0.7959868361732547
118,path_length_similarity,0.9801699981112547
118,acceleration_direction_cosine,0.5390766712583226
118,zero_lag_correlation,0.8751125808040674
118,best_lag_correlation,0.8751125808040674
119,position_correlation,0.8597516567869575
119,position_cosine,0.8069709208265202
119,normalized_position_rmse,0.5331090860695129
119,velocity_direction_cosine,0.6351891285913153
119,speed_profile_correlation,0.814140222775478
119,path_length_similarity,0.998625608856862
119,acceleration_direction_cosine,0.5528619729065504
119,zero_lag_correlation,0.8639862791098343
119,best_lag_correlation,0.8639862791098343
120,position_correlation,0.8037258076404494
120,position_cosine,0.799559072983603
120,normalized_position_rmse,0.6011113126475653
120,velocity_direction_cosine,0.6361294419808605
120,speed_profile_correlation,0.6878395186560056
120,path_length_similarity,0.9702621297735928
120,acceleration_direction_cosine,0.5627283288099261
120,zero_lag_correlation,0.8118802953126807
120,best_lag_correlation,0.8118802953126807
121,position_correlation,0.8586088150250835
121,position_cosine,0.8171007140975095
121,normalized_position_rmse,0.5215756351916505
121,velocity_direction_cosine,0.6328609607497675
121,speed_profile_correlation,0.7764564670850215
121,path_length_similarity,0.9672661360559479
121,acceleration_direction_cosine,0.5832266842451123
121,zero_lag_correlation,0.8634281841318545
121,best_lag_correlation,0.8634281841318545
122,position_correlation,0.8465982212219779
122,position_cosine,0.8102572793453819
122,normalized_position_rmse,0.5637319758293327
122,velocity_direction_cosine,0.6508447240470151
122,speed_profile_correlation,0.7921104597755573
122,path_length_similarity,0.9690550569397051
122,acceleration_direction_cosine,0.5607728913530657
122,zero_lag_correlation,0.8512009738048079
122,best_lag_correlation,0.8512009738048079
123,position_correlation,0.8717224403698356
123,position_cosine,0.8430072133756955
123,normalized_position_rmse,0.5000316719456742
123,velocity_direction_cosine,0.649424788488613
123,speed_profile_correlation,0.7812997964314332
123,path_length_similarity,0.9101928523006807
123,acceleration_direction_cosine,0.5894583306785169
123,zero_lag_correlation,0.8772794517407834
123,best_lag_correlation,0.8772794517407834
124,position_correlation,0.8510973292472536
124,position_cosine,0.8099500245989504
124,normalized_position_rmse,0.5954850106607678
124,velocity_direction_cosine,0.6296714081854854
124,speed_profile_correlation,0.750181009577002
124,path_length_similarity,0.8688964364696361
124,acceleration_direction_cosine,0.5534600531738489
124,zero_lag_correlation,0.8580724208593049
124,best_lag_correlation,0.8585194640977107
125,position_correlation,0.8687365761393224
125,position_cosine,0.824460321298806
125,normalized_position_rmse,0.5229521106844918
125,velocity_direction_cosine,0.6414089303147638
125,speed_profile_correlation,0.7751015731861655
125,path_length_similarity,0.9261275943267229
125,acceleration_direction_cosine,0.5580463343519682
125,zero_lag_correlation,0.8732653158950227
125,best_lag_correlation,0.8732653158950227
126,position_correlation,0.8570598434702312
126,position_cosine,0.8142470694260641
126,normalized_position_rmse,0.6165658795229805
126,velocity_direction_cosine,0.6256594428743031
126,speed_profile_correlation,0.7724254337215449
126,path_length_similarity,0.86199099728663
126,acceleration_direction_cosine,0.5476753470113599
126,zero_lag_correlation,0.8613309019983553
126,best_lag_correlation,0.8613309019983553
127,position_correlation,0.8193011492982997
127,position_cosine,0.7849430984818658
127,normalized_position_rmse,0.6304522195385803
127,velocity_direction_cosine,0.6368322850850384
127,speed_profile_correlation,0.7784647724642619
127,path_length_similarity,0.9351756897349458
127,acceleration_direction_cosine,0.5422009108306647
127,zero_lag_correlation,0.8254873808991712
127,best_lag_correlation,0.8254873808991712
128,position_correlation,0.8292653408520219
128,position_cosine,0.8037025488349459
128,normalized_position_rmse,0.5615971108146792
128,velocity_direction_cosine,0.636056530425898
128,speed_profile_correlation,0.7724697180875713
128,path_length_similarity,0.996033080972064
128,acceleration_direction_cosine,0.5438102914615522
128,zero_lag_correlation,0.8360209438481081
128,best_lag_correlation,0.8360209438481081
129,position_correlation,0.8497584498760269
129,position_cosine,0.8187417439933463
129,normalized_position_rmse,0.5374007609851066
129,velocity_direction_cosine,0.6436443303067344
129,speed_profile_correlation,0.8107618062082864
129,path_length_similarity,0.9243173074152939
129,acceleration_direction_cosine,0.580236181990354
129,zero_lag_correlation,0.8566647999916621
129,best_lag_correlation,0.8566647999916621
130,position_correlation,0.8734330239350803
130,position_cosine,0.8192539551296917
130,normalized_position_rmse,0.519886387775224
130,velocity_direction_cosine,0.6232226147372041
130,speed_profile_correlation,0.8404530730020605
130,path_length_similarity,0.9276937070288628
130,acceleration_direction_cosine,0.5499341884001014
130,zero_lag_correlation,0.8779328087153013
130,best_lag_correlation,0.8779328087153013
131,position_correlation,0.862231023332065
131,position_cosine,0.8113261436626904
131,normalized_position_rmse,0.5924100247477319
131,velocity_direction_cosine,0.6493105852790263
131,speed_profile_correlation,0.78758147905083
131,path_length_similarity,0.871958921091386
131,acceleration_direction_cosine,0.5787403486908682
131,zero_lag_correlation,0.8670354549647561
131,best_lag_correlation,0.8670354549647561
132,position_correlation,0.8447117444840078
132,position_cosine,0.8025094411041915
132,normalized_position_rmse,0.5838934935463734
132,velocity_direction_cosine,0.6429433821673745
132,speed_profile_correlation,0.7739036689384876
132,path_length_similarity,0.9860895184116418
132,acceleration_direction_cosine,0.5534429210640661
132,zero_lag_correlation,0.8492376587471143
132,best_lag_correlation,0.8492376587471143
133,position_correlation,0.8493326079041192
133,position_cosine,0.8276754893760401
133,normalized_position_rmse,0.5304759585220223
133,velocity_direction_cosine,0.6514543546921157
133,speed_profile_correlation,0.7928826055109387
133,path_length_similarity,0.9202296329726748
133,acceleration_direction_cosine,0.5665158914282887
133,zero_lag_correlation,0.8566317548647777
133,best_lag_correlation,0.8566317548647777
134,position_correlation,0.8524619135317029
134,position_cosine,0.8197352155986747
134,normalized_position_rmse,0.5321913984329549
134,velocity_direction_cosine,0.6412387136060328
134,speed_profile_correlation,0.8149336939114303
134,path_length_similarity,0.8788169457102871
134,acceleration_direction_cosine,0.5701290924911271
134,zero_lag_correlation,0.8583548696642415
134,best_lag_correlation,0.8583548696642415
135,position_correlation,0.8769387104216889
135,position_cosine,0.848498046442621
135,normalized_position_rmse,0.5136572584212956
135,velocity_direction_cosine,0.6289098285674946
135,speed_profile_correlation,0.810665458957177
135,path_length_similarity,0.9942068743405975
135,acceleration_direction_cosine,0.5514629183179135
135,zero_lag_correlation,0.8816653224555904
135,best_lag_correlation,0.8816653224555904
136,position_correlation,0.8870092953131381
136,position_cosine,0.8428120206384762
136,normalized_position_rmse,0.49704356298532787
136,velocity_direction_cosine,0.6591393472112803
136,speed_profile_correlation,0.837990469025453
136,path_length_similarity,0.9822780231415748
136,acceleration_direction_cosine,0.5874634400719617
136,zero_lag_correlation,0.8912596428015975
136,best_lag_correlation,0.8912596428015975
137,position_correlation,0.8456351731268577
137,position_cosine,0.8210822682620685
137,normalized_position_rmse,0.5366914736581591
137,velocity_direction_cosine,0.6302776301369944
137,speed_profile_correlation,0.7214492677342164
137,path_length_similarity,0.9065895569335495
137,acceleration_direction_cosine,0.5349049061657659
137,zero_lag_correlation,0.8518691382569086
137,best_lag_correlation,0.8518691382569086
138,position_correlation,0.8577748110106593
138,position_cosine,0.8152373118568197
138,normalized_position_rmse,0.5413448706209286
138,velocity_direction_cosine,0.6607843270093366
138,speed_profile_correlation,0.7750863113003065
138,path_length_similarity,0.9183365898214406
138,acceleration_direction_cosine,0.5852697925085131
138,zero_lag_correlation,0.8623092181793719
138,best_lag_correlation,0.8623092181793719
139,position_correlation,0.8788563826571436
139,position_cosine,0.8378052440289657
139,normalized_position_rmse,0.5191941646159073
139,velocity_direction_cosine,0.653904473185598
139,speed_profile_correlation,0.8221181295098695
139,path_length_similarity,0.9358942150231087
139,acceleration_direction_cosine,0.5745872781295062
139,zero_lag_correlation,0.8831493341723258
139,best_lag_correlation,0.8832512505228636
140,position_correlation,0.8633709181612277
140,position_cosine,0.8239417986248042
140,normalized_position_rmse,0.5507760156291497
140,velocity_direction_cosine,0.613142463018526
140,speed_profile_correlation,0.7754883707594538
140,path_length_similarity,0.9573376475682814
140,acceleration_direction_cosine,0.55436841054134
140,zero_lag_correlation,0.8677967677617571
140,best_lag_correlation,0.8677967677617571
141,position_correlation,0.8701489915232182
141,position_cosine,0.8424978557761381
141,normalized_position_rmse,0.5012798900195059
141,velocity_direction_cosine,0.670168663869339
141,speed_profile_correlation,0.8207187075650754
141,path_length_similarity,0.8925907786556412
141,acceleration_direction_cosine,0.591177706814127
141,zero_lag_correlation,0.8750039663104359
141,best_lag_correlation,0.8750039663104359
142,position_correlation,0.8732412568425449
142,position_cosine,0.8413046469109801
142,normalized_position_rmse,0.4902005008632256
142,velocity_direction_cosine,0.6260847133367419
142,speed_profile_correlation,0.7809680911045265
142,path_length_similarity,0.8794487374355849
142,acceleration_direction_cosine,0.5718905629130132
142,zero_lag_correlation,0.8784396360881982
142,best_lag_correlation,0.8784396360881982
143,position_correlation,0.8534592029560777
143,position_cosine,0.7998676759830153
143,normalized_position_rmse,0.5303154787396422
143,velocity_direction_cosine,0.6254375176102005
143,speed_profile_correlation,0.7822114717282111
143,path_length_similarity,0.9534146404406324
143,acceleration_direction_cosine,0.5458788608256973
143,zero_lag_correlation,0.8587770581068752
143,best_lag_correlation,0.8587770581068752
144,position_correlation,0.8894836045172874
144,position_cosine,0.8487872345716508
144,normalized_position_rmse,0.47340843926600884
144,velocity_direction_cosine,0.5957423147232754
144,speed_profile_correlation,0.7917667060787003
144,path_length_similarity,0.9016231519139862
144,acceleration_direction_cosine,0.507902101651625
144,zero_lag_correlation,0.8942120735436363
144,best_lag_correlation,0.8942120735436363
145,position_correlation,0.8626986084341873
145,position_cosine,0.8179139437152493
145,normalized_position_rmse,0.5184157374851655
145,velocity_direction_cosine,0.6258911238609215
145,speed_profile_correlation,0.7600019254635173
145,path_length_similarity,0.9467979149807302
145,acceleration_direction_cosine,0.5420250036232719
145,zero_lag_correlation,0.8670938820464021
145,best_lag_correlation,0.8670938820464021
146,position_correlation,0.8512688715459149
146,position_cosine,0.8339151739023931
146,normalized_position_rmse,0.5432060734324206
146,velocity_direction_cosine,0.6550824757481025
146,speed_profile_correlation,0.759304275910173
146,path_length_similarity,0.9718656712936274
146,acceleration_direction_cosine,0.5583579205538786
146,zero_lag_correlation,0.8561501376399195
146,best_lag_correlation,0.8561501376399195
147,position_correlation,0.848666208204381
147,position_cosine,0.8192331972436335
147,normalized_position_rmse,0.5418513281521066
147,velocity_direction_cosine,0.6425905847183428
147,speed_profile_correlation,0.6729079674388505
147,path_length_similarity,0.9967322487499161
147,acceleration_direction_cosine,0.573954234789854
147,zero_lag_correlation,0.854335213528271
147,best_lag_correlation,0.854335213528271
148,position_correlation,0.8776421180237942
148,position_cosine,0.8487784261957998
148,normalized_position_rmse,0.5252919960811098
148,velocity_direction_cosine,0.6596377053222063
148,speed_profile_correlation,0.778014067128292
148,path_length_similarity,0.97115891604836
148,acceleration_direction_cosine,0.5690779658785651
148,zero_lag_correlation,0.8823964523958916
148,best_lag_correlation,0.8823964523958916
149,position_correlation,0.8663662133360398
149,position_cosine,0.8223631508007905
149,normalized_position_rmse,0.5117068663897503
149,velocity_direction_cosine,0.6220283738149922
149,speed_profile_correlation,0.7822935972369376
149,path_length_similarity,0.9410086666651454
149,acceleration_direction_cosine,0.5397295373567389
149,zero_lag_correlation,0.870565638295761
149,best_lag_correlation,0.870565638295761
150,position_correlation,0.8730203763761777
150,position_cosine,0.8342499873481214
150,normalized_position_rmse,0.54765669954682
150,velocity_direction_cosine,0.621635575310499
150,speed_profile_correlation,0.8115036467059965
150,path_length_similarity,0.9782649637406111
150,acceleration_direction_cosine,0.5383273531597761
150,zero_lag_correlation,0.8765159516086005
150,best_lag_correlation,0.8765159516086005
151,position_correlation,0.8051025712111783
151,position_cosine,0.8149726964030303
151,normalized_position_rmse,0.7077204110912053
151,velocity_direction_cosine,0.6039564853357686
151,speed_profile_correlation,0.7284782496101627
151,path_length_similarity,0.9430984492710067
151,acceleration_direction_cosine,0.5515583045840413
151,zero_lag_correlation,0.8149514454917992
151,best_lag_correlation,0.8149514454917992
152,position_correlation,0.8671210503884883
152,position_cosine,0.8176317756612319
152,normalized_position_rmse,0.49899559738398025
152,velocity_direction_cosine,0.6499190795352979
152,speed_profile_correlation,0.787671580702371
152,path_length_similarity,0.9263530654252251
152,acceleration_direction_cosine,0.5834784416833668
152,zero_lag_correlation,0.8729046446346957
152,best_lag_correlation,0.8729046446346957
153,position_correlation,0.8628637082786844
153,position_cosine,0.8253787670497249
153,normalized_position_rmse,0.5397647801318104
153,velocity_direction_cosine,0.6440519228243796
153,speed_profile_correlation,0.732093636029892
153,path_length_similarity,0.938734697716535
153,acceleration_direction_cosine,0.5472926048182077
153,zero_lag_correlation,0.8671575768565485
153,best_lag_correlation,0.8671575768565485
154,position_correlation,0.8499334521082882
154,position_cosine,0.8260194371927297
154,normalized_position_rmse,0.5865447832500058
154,velocity_direction_cosine,0.6041201308711656
154,speed_profile_correlation,0.740890899873815
154,path_length_similarity,0.939731749123681
154,acceleration_direction_cosine,0.5207562301230576
154,zero_lag_correlation,0.8561733077353408
154,best_lag_correlation,0.8561733077353408
155,position_correlation,0.8600050270568016
155,position_cosine,0.8264730499741147
155,normalized_position_rmse,0.518892059626005
155,velocity_direction_cosine,0.6442485895365204
155,speed_profile_correlation,0.75503272001221
155,path_length_similarity,0.9486711550943391
155,acceleration_direction_cosine,0.5513129183808613
155,zero_lag_correlation,0.8645263276594064
155,best_lag_correlation,0.8645263276594064
156,position_correlation,0.8506512201463288
156,position_cosine,0.8024686043491808
156,normalized_position_rmse,0.531667920531089
156,velocity_direction_cosine,0.6224082514972491
156,speed_profile_correlation,0.8035101416188302
156,path_length_similarity,0.9228355900911923
156,acceleration_direction_cosine,0.5359676844182673
156,zero_lag_correlation,0.8543086044262136
156,best_lag_correlation,0.8543086044262136
157,position_correlation,0.86345130971096
157,position_cosine,0.8483656635726124
157,normalized_position_rmse,0.5374651695618126
157,velocity_direction_cosine,0.6539496609176313
157,speed_profile_correlation,0.7550625417846377
157,path_length_similarity,0.989721427870057
157,acceleration_direction_cosine,0.5890287416201432
157,zero_lag_correlation,0.8685010802889146
157,best_lag_correlation,0.8685010802889146
158,position_correlation,0.8891101329352545
158,position_cosine,0.8653648074550074
158,normalized_position_rmse,0.4831960845354212
158,velocity_direction_cosine,0.6414318150822672
158,speed_profile_correlation,0.7596573346859401
158,path_length_similarity,0.9433364683235401
158,acceleration_direction_cosine,0.5703956780234503
158,zero_lag_correlation,0.8930563193396389
158,best_lag_correlation,0.8930563193396389
159,position_correlation,0.8587240214893249
159,position_cosine,0.8375236265091969
159,normalized_position_rmse,0.5292706790729148
159,velocity_direction_cosine,0.6536852247486034
159,speed_profile_correlation,0.7555259188971996
159,path_length_similarity,0.9700086602613734
159,acceleration_direction_cosine,0.5732101839366233
159,zero_lag_correlation,0.8634310666044502
159,best_lag_correlation,0.8637275981886982
160,position_correlation,0.8725011374543955
160,position_cosine,0.8219990229967339
160,normalized_position_rmse,0.4997684584626562
160,velocity_direction_cosine,0.5979529590703385
160,speed_profile_correlation,0.7857894865421867
160,path_length_similarity,0.991250980851703
160,acceleration_direction_cosine,0.5200843018646204
160,zero_lag_correlation,0.876862279109262
160,best_lag_correlation,0.876862279109262
161,position_correlation,0.8753948786005904
161,position_cosine,0.8531855356612829
161,normalized_position_rmse,0.4900665081016007
161,velocity_direction_cosine,0.6721210337502597
161,speed_profile_correlation,0.8026778764048204
161,path_length_similarity,0.9123388999890708
161,acceleration_direction_cosine,0.587854455854529
161,zero_lag_correlation,0.8813783302952092
161,best_lag_correlation,0.8813783302952092
162,position_correlation,0.845212920211237
162,position_cosine,0.825320202450881
162,normalized_position_rmse,0.556152727460822
162,velocity_direction_cosine,0.5896995498036136
162,speed_profile_correlation,0.7064377111484437
162,path_length_similarity,0.9862155306357937
162,acceleration_direction_cosine,0.5075415591824407
162,zero_lag_correlation,0.850445629572372
162,best_lag_correlation,0.850445629572372
163,position_correlation,0.8329416834405108
163,position_cosine,0.8041621843743724
163,normalized_position_rmse,0.5863290778472551
163,velocity_direction_cosine,0.6392445435521643
163,speed_profile_correlation,0.7940522720347257
163,path_length_similarity,0.9383482736775506
163,acceleration_direction_cosine,0.562146028460758
163,zero_lag_correlation,0.8385892487939549
163,best_lag_correlation,0.8385892487939549
164,position_correlation,0.8387312968330031
164,position_cosine,0.8296910102225524
164,normalized_position_rmse,0.5882230581530782
164,velocity_direction_cosine,0.6370781703933837
164,speed_profile_correlation,0.7544070489166939
164,path_length_similarity,0.9950334581430015
164,acceleration_direction_cosine,0.5742451805097875
164,zero_lag_correlation,0.8443489698191914
164,best_lag_correlation,0.8443489698191914
165,position_correlation,0.8554028283240506
165,position_cosine,0.8305903948104213
165,normalized_position_rmse,0.5296203536398275
165,velocity_direction_cosine,0.6317072547488257
165,speed_profile_correlation,0.7307623515266353
165,path_length_similarity,0.9324298554130361
165,acceleration_direction_cosine,0.5561398640099215
165,zero_lag_correlation,0.8592727876422128
165,best_lag_correlation,0.8592727876422128
166,position_correlation,0.8764275547637416
166,position_cosine,0.858099084739787
166,normalized_position_rmse,0.490954486218718
166,velocity_direction_cosine,0.6683509538081983
166,speed_profile_correlation,0.8003309899295314
166,path_length_similarity,0.9893297366420746
166,acceleration_direction_cosine,0.6047717798697468
166,zero_lag_correlation,0.880302683077693
166,best_lag_correlation,0.880302683077693
167,position_correlation,0.8406358292302262
167,position_cosine,0.7905822464538854
167,normalized_position_rmse,0.5787955328835432
167,velocity_direction_cosine,0.6367405786105215
167,speed_profile_correlation,0.7765071869803599
167,path_length_similarity,0.9979604861436787
167,acceleration_direction_cosine,0.5506232093246564
167,zero_lag_correlation,0.8469084514531129
167,best_lag_correlation,0.8469084514531129
168,position_correlation,0.8467870172371436
168,position_cosine,0.8143228543276704
168,normalized_position_rmse,0.5569333608686685
168,velocity_direction_cosine,0.6083305279581032
168,speed_profile_correlation,0.7777410766618962
168,path_length_similarity,0.9264135788170954
168,acceleration_direction_cosine,0.5416837677427833
168,zero_lag_correlation,0.851723933324586
168,best_lag_correlation,0.851723933324586
169,position_correlation,0.8755974884547236
169,position_cosine,0.8492455037599556
169,normalized_position_rmse,0.48551552009371085
169,velocity_direction_cosine,0.6133376311374859
169,speed_profile_correlation,0.7767075220661982
169,path_length_similarity,0.9287218336861534
169,acceleration_direction_cosine,0.5319185737154978
169,zero_lag_correlation,0.8805061137050634
169,best_lag_correlation,0.8805061137050634
170,position_correlation,0.8615304314211687
170,position_cosine,0.8351143231900336
170,normalized_position_rmse,0.5491354034715078
170,velocity_direction_cosine,0.6218475276083233
170,speed_profile_correlation,0.7804405002614911
170,path_length_similarity,0.9558380278395711
170,acceleration_direction_cosine,0.5618138082263049
170,zero_lag_correlation,0.8658738105167325
170,best_lag_correlation,0.8658738105167325
171,position_correlation,0.8497141594222697
171,position_cosine,0.8100842357220147
171,normalized_position_rmse,0.5356242976783071
171,velocity_direction_cosine,0.6295115635605405
171,speed_profile_correlation,0.7730894535645995
171,path_length_similarity,0.9737136917398429
171,acceleration_direction_cosine,0.5447073776689019
171,zero_lag_correlation,0.855738202125229
171,best_lag_correlation,0.855738202125229
172,position_correlation,0.8555527483730037
172,position_cosine,0.8226087375650468
172,normalized_position_rmse,0.5201087242276333
172,velocity_direction_cosine,0.6525661584634062
172,speed_profile_correlation,0.7669344660829653
172,path_length_similarity,0.9291883150477762
172,acceleration_direction_cosine,0.5674643521863036
172,zero_lag_correlation,0.8612401050835818
172,best_lag_correlation,0.8612401050835818
173,position_correlation,0.8718292229980897
173,position_cosine,0.8272608165889026
173,normalized_position_rmse,0.5232486163829853
173,velocity_direction_cosine,0.621681978741654
173,speed_profile_correlation,0.7836346757598064
173,path_length_similarity,0.9919291956544493
173,acceleration_direction_cosine,0.5635421494170502
173,zero_lag_correlation,0.87641752348334
173,best_lag_correlation,0.87641752348334
174,position_correlation,0.805109017249042
174,position_cosine,0.784460174425007
174,normalized_position_rmse,0.6452779969006273
174,velocity_direction_cosine,0.6150922251512496
174,speed_profile_correlation,0.7153183930386019
174,path_length_similarity,0.9460481275637641
174,acceleration_direction_cosine,0.5712906918128088
174,zero_lag_correlation,0.8129784162707256
174,best_lag_correlation,0.8129784162707256
175,position_correlation,0.8396105766581041
175,position_cosine,0.823258064387445
175,normalized_position_rmse,0.624713083466059
175,velocity_direction_cosine,0.645117988528805
175,speed_profile_correlation,0.7705469283399362
175,path_length_similarity,0.8950522118674507
175,acceleration_direction_cosine,0.5748992001732169
175,zero_lag_correlation,0.8476666038989318
175,best_lag_correlation,0.8476666038989318
176,position_correlation,0.890560296460795
176,position_cosine,0.8354275724753015
176,normalized_position_rmse,0.501724878446776
176,velocity_direction_cosine,0.6723338207176507
176,speed_profile_correlation,0.8339782727566487
176,path_length_similarity,0.9711499520627548
176,acceleration_direction_cosine,0.5942720628501583
176,zero_lag_correlation,0.8950843094327352
176,best_lag_correlation,0.8950843094327352
177,position_correlation,0.8595054239433595
177,position_cosine,0.841825160197192
177,normalized_position_rmse,0.565015728494624
177,velocity_direction_cosine,0.6320175065578351
177,speed_profile_correlation,0.7608204387809424
177,path_length_similarity,0.9633342052494736
177,acceleration_direction_cosine,0.522825345511677
177,zero_lag_correlation,0.8639785748438916
177,best_lag_correlation,0.8639785748438916
178,position_correlation,0.8510936637300037
178,position_cosine,0.8196897141956503
178,normalized_position_rmse,0.5577862002324852
178,velocity_direction_cosine,0.6631113042779416
178,speed_profile_correlation,0.8104110348841739
178,path_length_similarity,0.9573972808365695
178,acceleration_direction_cosine,0.5793489386092261
178,zero_lag_correlation,0.8559213213510803
178,best_lag_correlation,0.8559213213510803
179,position_correlation,0.8797449840066403
179,position_cosine,0.8457930275130127
179,normalized_position_rmse,0.4981401949993474
179,velocity_direction_cosine,0.6363239568346821
179,speed_profile_correlation,0.7959849066764562
179,path_length_similarity,0.9311408638197339
179,acceleration_direction_cosine,0.5570041560798432
179,zero_lag_correlation,0.883698803024941
179,best_lag_correlation,0.883698803024941
180,position_correlation,0.8601431769680975
180,position_cosine,0.8308547332410943
180,normalized_position_rmse,0.5160083522154776
180,velocity_direction_cosine,0.6510246012886456
180,speed_profile_correlation,0.8035882506478098
180,path_length_similarity,0.9597589040250578
180,acceleration_direction_cosine,0.5660701992952072
180,zero_lag_correlation,0.8658093848609711
180,best_lag_correlation,0.8658093848609711
181,position_correlation,0.8596271077806519
181,position_cosine,0.8353072312395444
181,normalized_position_rmse,0.6052412735292897
181,velocity_direction_cosine,0.612367507163811
181,speed_profile_correlation,0.7777034824394764
181,path_length_similarity,0.8959150443427796
181,acceleration_direction_cosine,0.5216185852051191
181,zero_lag_correlation,0.8649293618780235
181,best_lag_correlation,0.8649293618780235
182,position_correlation,0.8669116778426749
182,position_cosine,0.8259034532261446
182,normalized_position_rmse,0.5649074920122622
182,velocity_direction_cosine,0.6290559805933288
182,speed_profile_correlation,0.8007832638442267
182,path_length_similarity,0.9257310378766905
182,acceleration_direction_cosine,0.5651972817107117
182,zero_lag_correlation,0.8710153029241126
182,best_lag_correlation,0.8710153029241126
183,position_correlation,0.8917113209992393
183,position_cosine,0.8509511573212465
183,normalized_position_rmse,0.46443167025822546
183,velocity_direction_cosine,0.639552263802215
183,speed_profile_correlation,0.7928869122198469
183,path_length_similarity,0.9268279201122415
183,acceleration_direction_cosine,0.5767654520311616
183,zero_lag_correlation,0.8949094544800437
183,best_lag_correlation,0.8949094544800437
184,position_correlation,0.8323698339263168
184,position_cosine,0.790721873000332
184,normalized_position_rmse,0.5812270445993195
184,velocity_direction_cosine,0.6383047419662149
184,speed_profile_correlation,0.7707999525167648
184,path_length_similarity,0.9729405375083076
184,acceleration_direction_cosine,0.551599924214432
184,zero_lag_correlation,0.8380668760452945
184,best_lag_correlation,0.8390196895095398
185,position_correlation,0.855153442680765
185,position_cosine,0.8491115799469819
185,normalized_position_rmse,0.5329410967431352
185,velocity_direction_cosine,0.6335663232537107
185,speed_profile_correlation,0.7616990157928158
185,path_length_similarity,0.9174045704081136
185,acceleration_direction_cosine,0.5446008241197219
185,zero_lag_correlation,0.8617869882632349
185,best_lag_correlation,0.8617869882632349
186,position_correlation,0.8574039510110558
186,position_cosine,0.8441615937634805
186,normalized_position_rmse,0.5802759115298778
186,velocity_direction_cosine,0.6425938140985948
186,speed_profile_correlation,0.742207112301775
186,path_length_similarity,0.9240276064399193
186,acceleration_direction_cosine,0.5638136444892148
186,zero_lag_correlation,0.8626274082869928
186,best_lag_correlation,0.8626274082869928
187,position_correlation,0.8378868352773811
187,position_cosine,0.8142498084596409
187,normalized_position_rmse,0.5463827696698779
187,velocity_direction_cosine,0.6205090403477991
187,speed_profile_correlation,0.6972455973867785
187,path_length_similarity,0.9969806692953578
187,acceleration_direction_cosine,0.5491927857067274
187,zero_lag_correlation,0.8434094481142186
187,best_lag_correlation,0.8434094481142186
188,position_correlation,0.8854253605231097
188,position_cosine,0.847178343103089
188,normalized_position_rmse,0.4844264730285019
188,velocity_direction_cosine,0.6288873737926216
188,speed_profile_correlation,0.8146343381005327
188,path_length_similarity,0.9875264085833936
188,acceleration_direction_cosine,0.5683223886808276
188,zero_lag_correlation,0.8890447103551504
188,best_lag_correlation,0.8890447103551504
189,position_correlation,0.8703999641134925
189,position_cosine,0.832290105013166
189,normalized_position_rmse,0.5302220592560308
189,velocity_direction_cosine,0.6216401800634436
189,speed_profile_correlation,0.7581858821989423
189,path_length_similarity,0.8906407217051546
189,acceleration_direction_cosine,0.5203753601352933
189,zero_lag_correlation,0.8744583907139909
189,best_lag_correlation,0.8744583907139909
190,position_correlation,0.881385530907576
190,position_cosine,0.8445859364366509
190,normalized_position_rmse,0.5077046661266968
190,velocity_direction_cosine,0.5966610819111061
190,speed_profile_correlation,0.8147116814473058
190,path_length_similarity,0.9953589854712472
190,acceleration_direction_cosine,0.5058718055538419
190,zero_lag_correlation,0.8854857439203063
190,best_lag_correlation,0.8854857439203063
191,position_correlation,0.86989557291243
191,position_cosine,0.8398998084191829
191,normalized_position_rmse,0.5409566895113394
191,velocity_direction_cosine,0.6411094327676765
191,speed_profile_correlation,0.8281853084625519
191,path_length_similarity,0.9174555305230191
191,acceleration_direction_cosine,0.5845169271590062
191,zero_lag_correlation,0.8757503022485107
191,best_lag_correlation,0.8757503022485107
192,position_correlation,0.8522151216974477
192,position_cosine,0.8263689475243108
192,normalized_position_rmse,0.6737210523985374
192,velocity_direction_cosine,0.6019881995064109
192,speed_profile_correlation,0.7617976606253359
192,path_length_similarity,0.8763785307550337
192,acceleration_direction_cosine,0.5276528189047163
192,zero_lag_correlation,0.8593879981171066
192,best_lag_correlation,0.8593879981171066
193,position_correlation,0.8332652026529972
193,position_cosine,0.8008587469025671
193,normalized_position_rmse,0.6039246202865699
193,velocity_direction_cosine,0.6371471774288963
193,speed_profile_correlation,0.7245112989903147
193,path_length_similarity,0.8904932841519719
193,acceleration_direction_cosine,0.5450933085721565
193,zero_lag_correlation,0.8390354723715192
193,best_lag_correlation,0.8390354723715192
194,position_correlation,0.8531620418739968
194,position_cosine,0.8290143798599611
194,normalized_position_rmse,0.5519753010532666
194,velocity_direction_cosine,0.6380547801110851
194,speed_profile_correlation,0.7616392122473068
194,path_length_similarity,0.9891288903391634
194,acceleration_direction_cosine,0.5392296170973379
194,zero_lag_correlation,0.858235721580612
194,best_lag_correlation,0.858235721580612
195,position_correlation,0.8533288892054155
195,position_cosine,0.8222774708155812
195,normalized_position_rmse,0.5414083127309967
195,velocity_direction_cosine,0.6015874923713449
195,speed_profile_correlation,0.768991672792292
195,path_length_similarity,0.9938204529090618
195,acceleration_direction_cosine,0.5387695370268246
195,zero_lag_correlation,0.8583884502013752
195,best_lag_correlation,0.8583884502013752
196,position_correlation,0.8723167426902093
196,position_cosine,0.8475016870578687
196,normalized_position_rmse,0.5142786353974831
196,velocity_direction_cosine,0.6547857743716741
196,speed_profile_correlation,0.7937795170845101
196,path_length_similarity,0.9227759409031205
196,acceleration_direction_cosine,0.5705836759138018
196,zero_lag_correlation,0.8774599243854844
196,best_lag_correlation,0.8774599243854844
197,position_correlation,0.8751413180900427
197,position_cosine,0.8327167276455375
197,normalized_position_rmse,0.5153971858795982
197,velocity_direction_cosine,0.6378860800164485
197,speed_profile_correlation,0.7808425202024485
197,path_length_similarity,0.928716955324222
197,acceleration_direction_cosine,0.5484740024560012
197,zero_lag_correlation,0.8804820572663496
197,best_lag_correlation,0.8804820572663496
198,position_correlation,0.8701542114681249
198,position_cosine,0.82754125242665
198,normalized_position_rmse,0.49850201547080514
198,velocity_direction_cosine,0.6275513794047841
198,speed_profile_correlation,0.7871805982392033
198,path_length_similarity,0.9894301911906364
198,acceleration_direction_cosine,0.55038244483874
198,zero_lag_correlation,0.8744659429391256
198,best_lag_correlation,0.8744659429391256
199,position_correlation,0.849070237291691
199,position_cosine,0.8169834827061475
199,normalized_position_rmse,0.5649588596856373
199,velocity_direction_cosine,0.6116593307075868
199,speed_profile_correlation,0.7513344270104719
199,path_length_similarity,0.9784386096258785
199,acceleration_direction_cosine,0.5212752534822855
199,zero_lag_correlation,0.8537496794444224
199,best_lag_correlation,0.8537496794444224
