model,metric,direction,null,observed,null_mean,null_ci_low,null_ci_high,null_exceedances,null_exceedance_rate
dynamic,acceleration_direction_cosine,higher,block_shuffle,0.4524882094076155,-0.010434547262649512,-0.10499726377359855,0.08012276553793354,0,0.0
dynamic,acceleration_direction_cosine,higher,circular_shift,0.4524882094076155,-0.0026684803375538074,-0.07339059965922314,0.07313482893089143,0,0.0
dynamic,acceleration_direction_cosine,higher,condition_shuffle,0.4524882094076155,0.0038065362332313658,-0.05695480870057346,0.0637281433455583,0,0.0
dynamic,acceleration_direction_cosine,higher,independent_neuron_shift,0.4524882094076155,-0.009454342071794835,-0.08535558040247627,0.08047878141302857,0,0.0
dynamic,acceleration_direction_cosine,higher,time_reversal,0.4524882094076155,0.08084179953912769,0.08084179953912769,0.08084179953912769,0,0.0
dynamic,best_lag_correlation,higher,block_shuffle,0.7369334725895335,0.31698186552997354,0.2429175272527139,0.4019810497890821,0,0.0
dynamic,best_lag_correlation,higher,circular_shift,0.7369334725895335,0.2218359859900063,0.12685991128903495,0.32667507853503963,0,0.0
dynamic,best_lag_correlation,higher,condition_shuffle,0.7369334725895335,0.04675239763106205,-0.029007096635949383,0.1298098029617482,0,0.0
dynamic,best_lag_correlation,higher,independent_neuron_shift,0.7369334725895335,0.41736957335242425,0.387050972454447,0.45518587847261927,0,0.0
dynamic,best_lag_correlation,higher,time_reversal,0.7369334725895335,0.2852996913222004,0.28529969132220034,0.28529969132220034,0,0.0
dynamic,normalized_position_rmse,lower,block_shuffle,0.7048301456243083,1.0969138571950452,1.0298780650954116,1.1569104476326018,0,0.0
dynamic,normalized_position_rmse,lower,circular_shift,0.7048301456243083,1.1835985103818603,1.1222100591418134,1.240996692782009,0,0.0
dynamic,normalized_position_rmse,lower,condition_shuffle,0.7048301456243083,1.2822379487350428,1.2239180316563814,1.3389951510476354,0,0.0
dynamic,normalized_position_rmse,lower,independent_neuron_shift,0.7048301456243083,0.9487904689728635,0.9290054378637727,0.9666886669177919,0,0.0
dynamic,normalized_position_rmse,lower,time_reversal,0.7048301456243083,1.1213451534206502,1.1213451534206498,1.1213451534206498,0,0.0
dynamic,path_length_similarity,higher,block_shuffle,0.7035034628030709,0.8932919600579649,0.8280562629904881,0.9406186938098153,200,1.0
dynamic,path_length_similarity,higher,circular_shift,0.7035034628030709,0.7192511392098271,0.7081199826365746,0.7299784040032168,200,1.0
dynamic,path_length_similarity,higher,condition_shuffle,0.7035034628030709,0.810299931922792,0.7113739186225208,0.8889423337976642,199,0.995
dynamic,path_length_similarity,higher,independent_neuron_shift,0.7035034628030709,0.23968113005472766,0.2259547309888362,0.2549364845701336,0,0.0
dynamic,path_length_similarity,higher,time_reversal,0.7035034628030709,0.7122734311628358,0.7122734311628358,0.7122734311628358,200,1.0
dynamic,position_correlation,higher,block_shuffle,0.7262191334662801,0.21037125871877804,0.11059595256872488,0.31310937580979825,0,0.0
dynamic,position_correlation,higher,circular_shift,0.7262191334662801,0.10141367717838357,0.006751137569414346,0.19980956115468174,0,0.0
dynamic,position_correlation,higher,condition_shuffle,0.7262191334662801,-0.0642322750537042,-0.16614686538825146,0.036911014836687975,0,0.0
dynamic,position_correlation,higher,independent_neuron_shift,0.7262191334662801,0.35114564347502364,0.30748920960109943,0.39831496721634035,0,0.0
dynamic,position_correlation,higher,time_reversal,0.7262191334662801,0.20417238833863613,0.20417238833863607,0.20417238833863607,0,0.0
dynamic,position_cosine,higher,block_shuffle,0.7230190323837339,0.2649558176965512,0.1769999584105489,0.3378947883821651,0,0.0
dynamic,position_cosine,higher,circular_shift,0.7230190323837339,0.16749708281363376,0.072341580902069,0.2773669697784039,0,0.0
dynamic,position_cosine,higher,condition_shuffle,0.7230190323837339,-0.07990162594689025,-0.19727690697748607,0.028953868182086857,0,0.0
dynamic,position_cosine,higher,independent_neuron_shift,0.7230190323837339,0.32967332476006284,0.2913298551828189,0.3717874661121325,0,0.0
dynamic,position_cosine,higher,time_reversal,0.7230190323837339,0.2584344264749871,0.2584344264749871,0.2584344264749871,0,0.0
dynamic,speed_profile_correlation,higher,block_shuffle,0.5375384808931616,0.20629394699810263,0.06800145769058578,0.3532077387705709,0,0.0
dynamic,speed_profile_correlation,higher,circular_shift,0.5375384808931616,0.13134593313285792,-0.004737542180920155,0.2490582002990808,0,0.0
dynamic,speed_profile_correlation,higher,condition_shuffle,0.5375384808931616,-0.04120668667571298,-0.19695135196857722,0.1747426581385652,0,0.0
dynamic,speed_profile_correlation,higher,independent_neuron_shift,0.5375384808931616,0.20440247336669196,0.09485894145341765,0.33666546237900347,0,0.0
dynamic,speed_profile_correlation,higher,time_reversal,0.5375384808931616,0.118702599131272,0.118702599131272,0.118702599131272,0,0.0
dynamic,velocity_direction_cosine,higher,block_shuffle,0.49846192053802835,-0.0018575596707789948,-0.08941799796594455,0.07189889093007996,0,0.0
dynamic,velocity_direction_cosine,higher,circular_shift,0.49846192053802835,-0.004358758425653303,-0.0707481014175439,0.07540373148665276,0,0.0
dynamic,velocity_direction_cosine,higher,condition_shuffle,0.49846192053802835,-0.018362311069209457,-0.07700083265865942,0.05198193060822537,0,0.0
dynamic,velocity_direction_cosine,higher,independent_neuron_shift,0.49846192053802835,-0.0008245902502791059,-0.07132379793423184,0.08849798259513987,0,0.0
dynamic,velocity_direction_cosine,higher,time_reversal,0.49846192053802835,0.10546071678249509,0.10546071678249509,0.10546071678249509,0,0.0
dynamic,zero_lag_correlation,higher,block_shuffle,0.7341794030183546,0.2732666250750276,0.1847705426461234,0.36479147493081787,0,0.0
dynamic,zero_lag_correlation,higher,circular_shift,0.7341794030183546,0.17384585868736516,0.08870760797119809,0.2622083164991422,0,0.0
dynamic,zero_lag_correlation,higher,condition_shuffle,0.7341794030183546,0.025077316980956717,-0.06634873125543812,0.11581144317379921,0,0.0
dynamic,zero_lag_correlation,higher,independent_neuron_shift,0.7341794030183546,0.3898088977151602,0.35699339855262957,0.42514670439656577,0,0.0
dynamic,zero_lag_correlation,higher,time_reversal,0.7341794030183546,0.26608419929916677,0.2660841992991668,0.2660841992991668,0,0.0
static,acceleration_direction_cosine,higher,block_shuffle,0.18501191021819963,-0.0037512282308616385,-0.0884889589907204,0.07251009405687035,0,0.0
static,acceleration_direction_cosine,higher,circular_shift,0.18501191021819963,-0.005268306754319541,-0.07235147378801861,0.0600553094135629,0,0.0
static,acceleration_direction_cosine,higher,condition_shuffle,0.18501191021819963,-0.01081417953481858,-0.07568985579139104,0.04520946765538153,0,0.0
static,acceleration_direction_cosine,higher,independent_neuron_shift,0.18501191021819963,-0.016792412466617508,-0.10128291042559814,0.07320895747259187,0,0.0
static,acceleration_direction_cosine,higher,time_reversal,0.18501191021819963,0.043448809828670124,0.043448809828670124,0.043448809828670124,0,0.0
static,best_lag_correlation,higher,block_shuffle,0.5496406684538244,0.20165965987898232,0.1302879637460419,0.2797869453413323,0,0.0
static,best_lag_correlation,higher,circular_shift,0.5496406684538244,0.12851686020102573,0.0521985925536095,0.2344347316194922,0,0.0
static,best_lag_correlation,higher,condition_shuffle,0.5496406684538244,0.0634290776871232,-0.021313236862589284,0.14801807357054644,0,0.0
static,best_lag_correlation,higher,independent_neuron_shift,0.5496406684538244,0.24706778979486024,0.21486350230176052,0.2771931261409652,0,0.0
static,best_lag_correlation,higher,time_reversal,0.5496406684538244,0.12419101376152167,0.12419101376152167,0.12419101376152167,0,0.0
static,normalized_position_rmse,lower,block_shuffle,0.8704529395266865,1.1373223079195633,1.0812748214130743,1.1827811808058366,0,0.0
static,normalized_position_rmse,lower,circular_shift,0.8704529395266865,1.2027385755413238,1.1439683192158814,1.2522907430460881,0,0.0
static,normalized_position_rmse,lower,condition_shuffle,0.8704529395266865,1.2316916403510751,1.1760812913025254,1.2852913383430682,0,0.0
static,normalized_position_rmse,lower,independent_neuron_shift,0.8704529395266865,1.0245499339682034,1.0087539508459569,1.0409017503352695,0,0.0
static,normalized_position_rmse,lower,time_reversal,0.8704529395266865,1.1865353764806534,1.1865353764806532,1.1865353764806532,0,0.0
static,path_length_similarity,higher,block_shuffle,0.5600181085922523,0.8154841978092887,0.7480363539096027,0.8779344669186383,200,1.0
static,path_length_similarity,higher,circular_shift,0.5600181085922523,0.5817484484619367,0.5667704139428541,0.5922716487996295,199,0.995
static,path_length_similarity,higher,condition_shuffle,0.5600181085922523,0.6268833581584364,0.5657230361106661,0.665373841687213,198,0.99
static,path_length_similarity,higher,independent_neuron_shift,0.5600181085922523,0.233336727099544,0.2190527890693946,0.24650206621103607,0,0.0
static,path_length_similarity,higher,time_reversal,0.5600181085922523,0.5683529921660455,0.5683529921660456,0.5683529921660456,200,1.0
static,position_correlation,higher,block_shuffle,0.5202750821600726,0.07320472399514039,-0.0131247681507405,0.17785666439744846,0,0.0
static,position_correlation,higher,circular_shift,0.5202750821600726,-0.01437196878816169,-0.10525480320517436,0.0907697599495359,0,0.0
static,position_correlation,higher,condition_shuffle,0.5202750821600726,-0.06794316990500575,-0.17175554237860524,0.0362567890301357,0,0.0
static,position_correlation,higher,independent_neuron_shift,0.5202750821600726,0.11762448955117913,0.06904982290842157,0.16270903937068207,0,0.0
static,position_correlation,higher,time_reversal,0.5202750821600726,0.02050806744321554,0.02050806744321554,0.02050806744321554,0,0.0
static,position_cosine,higher,block_shuffle,0.3824786206039892,0.0034877683761655766,-0.07063667508696853,0.08334020095226245,0,0.0
static,position_cosine,higher,circular_shift,0.3824786206039892,-0.08147231247642836,-0.18457654717332317,0.021264051585754576,0,0.0
static,position_cosine,higher,condition_shuffle,0.3824786206039892,-0.06296560595314514,-0.1669112840140772,0.05635806095390028,0,0.0
static,position_cosine,higher,independent_neuron_shift,0.3824786206039892,0.017325870291496327,-0.02565103174493174,0.058955545514084676,0,0.0
static,position_cosine,higher,time_reversal,0.3824786206039892,-0.021136967053817936,-0.021136967053817936,-0.021136967053817936,0,0.0
static,speed_profile_correlation,higher,block_shuffle,0.5270740963361309,0.15294114252858626,-0.00869737579577405,0.343163850250407,0,0.0
static,speed_profile_correlation,higher,circular_shift,0.5270740963361309,0.08247337188622028,-0.07057270011363657,0.2482750305661544,0,0.0
static,speed_profile_correlation,higher,condition_shuffle,0.5270740963361309,-0.066456367773485,-0.1848642935447635,0.13675699904322683,0,0.0
static,speed_profile_correlation,higher,independent_neuron_shift,0.5270740963361309,0.12757812812809963,-0.014169423362070357,0.26577363568832785,0,0.0
static,speed_profile_correlation,higher,time_reversal,0.5270740963361309,0.0432900906960858,0.0432900906960858,0.0432900906960858,0,0.0
static,velocity_direction_cosine,higher,block_shuffle,0.3044816333499971,0.0036992782502329735,-0.07054488100300478,0.0740877910185608,0,0.0
static,velocity_direction_cosine,higher,circular_shift,0.3044816333499971,-0.007540175602952266,-0.07372031784318599,0.0610355892937678,0,0.0
static,velocity_direction_cosine,higher,condition_shuffle,0.3044816333499971,-0.01017923360569457,-0.053181718384973924,0.03213117282583533,0,0.0
static,velocity_direction_cosine,higher,independent_neuron_shift,0.3044816333499971,-0.008764103886435703,-0.09118644488514907,0.0645455844184359,0,0.0
static,velocity_direction_cosine,higher,time_reversal,0.3044816333499971,0.08337535633817125,0.08337535633817125,0.08337535633817125,0,0.0
static,zero_lag_correlation,higher,block_shuffle,0.5477818026768868,0.16724904308170516,0.09503915200785952,0.257149598363745,0,0.0
static,zero_lag_correlation,higher,circular_shift,0.5477818026768868,0.0883023742453247,0.010346714955119775,0.17809342322622967,0,0.0
static,zero_lag_correlation,higher,condition_shuffle,0.5477818026768868,0.042244696632379064,-0.04697559901072802,0.13179809880086515,0,0.0
static,zero_lag_correlation,higher,independent_neuron_shift,0.5477818026768868,0.22578616068272386,0.1930716630851731,0.255752402340894,0,0.0
static,zero_lag_correlation,higher,time_reversal,0.5477818026768868,0.11729686151833539,0.11729686151833535,0.11729686151833535,0,0.0
