metric,direction,null,observed_mean,observed_ci_low,observed_ci_high,null_mean,null_ci_low,null_ci_high,paired_superiority,split_null_failures,split_null_failure_rate,standardized_separation,n_splits
acceleration_direction_cosine,higher,block_shuffle_16,0.5578705100818244,0.5200347768256591,0.6002488514599476,0.004393690476212426,-0.09273520077005436,0.10006825247027187,1.0,0,0.0,13.532790637613688,200
acceleration_direction_cosine,higher,block_shuffle_32,0.5578705100818244,0.5200347768256591,0.6002488514599476,0.06839346717133965,-0.032586027490087266,0.19606484415403727,1.0,0,0.0,10.687758066663925,200
acceleration_direction_cosine,higher,block_shuffle_4,0.5578705100818244,0.5200347768256591,0.6002488514599476,0.00015062867345732534,-0.08722737838573737,0.08922354169903715,1.0,0,0.0,15.30462116525413,200
acceleration_direction_cosine,higher,block_shuffle_8,0.5578705100818244,0.5200347768256591,0.6002488514599476,0.0018724003583390242,-0.0867881932691705,0.07918907164016642,1.0,0,0.0,16.460245656627258,200
acceleration_direction_cosine,higher,circular_shift,0.5578705100818244,0.5200347768256591,0.6002488514599476,-0.005622175252986393,-0.10112713869142996,0.07984729801352777,1.0,0,0.0,15.1407211582197,200
acceleration_direction_cosine,higher,condition_shuffle,0.5578705100818244,0.5200347768256591,0.6002488514599476,-0.0071431969807064346,-0.07903107672112625,0.06531697508236083,1.0,0,0.0,17.784964059780307,200
acceleration_direction_cosine,higher,frame_shuffle,0.5578705100818244,0.5200347768256591,0.6002488514599476,-0.0003201523577448374,-0.0789764362027556,0.0828059032749077,1.0,0,0.0,15.664507408741379,200
acceleration_direction_cosine,higher,independent_neuron_shift,0.5578705100818244,0.5200347768256591,0.6002488514599476,-0.00296444224820383,-0.08648832692190292,0.09493608766152682,1.0,0,0.0,15.606274831780304,200
acceleration_direction_cosine,higher,time_reversal,0.5578705100818244,0.5200347768256591,0.6002488514599476,0.11671240947763195,0.08535602529531464,0.14975978265564643,1.0,0,0.0,23.76691068438078,200
best_lag_correlation,higher,block_shuffle_16,0.8635497829704001,0.8263140614373808,0.8949138258538609,0.3363414376626207,0.22153747715495997,0.47896291689962034,1.0,0,0.0,10.913187619700729,200
best_lag_correlation,higher,block_shuffle_32,0.8635497829704001,0.8263140614373808,0.8949138258538609,0.3227882317907109,0.17747558023746726,0.5151236605700323,1.0,0,0.0,8.906248351292774,200
best_lag_correlation,higher,block_shuffle_4,0.8635497829704001,0.8263140614373808,0.8949138258538609,0.3981578758930858,0.3205952413536704,0.4762036702455478,1.0,0,0.0,14.974040691620745,200
best_lag_correlation,higher,block_shuffle_8,0.8635497829704001,0.8263140614373808,0.8949138258538609,0.3607913831153225,0.2590410657305003,0.46547425102041157,1.0,0,0.0,13.096775728854293,200
best_lag_correlation,higher,circular_shift,0.8635497829704001,0.8263140614373808,0.8949138258538609,0.23524515868192247,0.15371113326913682,0.34372879074121027,1.0,0,0.0,17.610340978189146,200
best_lag_correlation,higher,condition_shuffle,0.8635497829704001,0.8263140614373808,0.8949138258538609,0.0012753459303296627,-0.08088208070560714,0.09947606943756813,1.0,0,0.0,23.305605974453567,200
best_lag_correlation,higher,frame_shuffle,0.8635497829704001,0.8263140614373808,0.8949138258538609,0.39336999968402997,0.32779113745907784,0.46050863998757435,1.0,0,0.0,17.191889824387584,200
best_lag_correlation,higher,independent_neuron_shift,0.8635497829704001,0.8263140614373808,0.8949138258538609,0.4466613916354045,0.37515150015975834,0.5134365219436239,1.0,0,0.0,16.110106249012254,200
best_lag_correlation,higher,time_reversal,0.8635497829704001,0.8263140614373808,0.8949138258538609,0.30473683645107064,0.2843479499250857,0.32276706487824425,1.0,0,0.0,39.35972865197996,200
normalized_position_rmse,lower,block_shuffle_16,0.542392488703627,0.4708040221111633,0.6453836950295658,1.1858459338758507,1.0432376999479223,1.3285915291958232,1.0,0,0.0,10.287011772790406,200
normalized_position_rmse,lower,block_shuffle_32,0.542392488703627,0.4708040221111633,0.6453836950295658,1.1883347331608798,1.0234744170471473,1.3322161403146735,1.0,0,0.0,9.355835328685167,200
normalized_position_rmse,lower,block_shuffle_4,0.542392488703627,0.4708040221111633,0.6453836950295658,1.0405680487700335,0.9657498927333394,1.124180303151846,1.0,0,0.0,11.074966531510189,200
normalized_position_rmse,lower,block_shuffle_8,0.542392488703627,0.4708040221111633,0.6453836950295658,1.1186610985903414,1.0068636963430024,1.2318824873981051,1.0,0,0.0,11.27194816846074,200
normalized_position_rmse,lower,circular_shift,0.542392488703627,0.4708040221111633,0.6453836950295658,1.3004551630719217,1.173395815501603,1.441897043582912,1.0,0,0.0,12.701685111441101,200
normalized_position_rmse,lower,condition_shuffle,0.542392488703627,0.4708040221111633,0.6453836950295658,1.4552335145667703,1.3322489971155542,1.5976798185901833,1.0,0,0.0,15.346420338831095,200
normalized_position_rmse,lower,frame_shuffle,0.542392488703627,0.4708040221111633,0.6453836950295658,1.0435351666387882,0.9707746964899877,1.1258025375816771,1.0,0,0.0,11.357026522090502,200
normalized_position_rmse,lower,independent_neuron_shift,0.542392488703627,0.4708040221111633,0.6453836950295658,0.9598042828017229,0.9001913280325937,1.0198583072518412,1.0,0,0.0,10.848138442581837,200
normalized_position_rmse,lower,time_reversal,0.542392488703627,0.4708040221111633,0.6453836950295658,1.2051703619048484,1.128369464399161,1.3184332130206067,1.0,0,0.0,13.560183861015496,200
path_length_similarity,higher,block_shuffle_16,0.9432018864851642,0.8618933575887571,0.9986310623993926,0.8386633582271179,0.7290717250188513,0.9788661515353175,0.87,26,0.13,1.8773296494403529,200
path_length_similarity,higher,block_shuffle_32,0.9432018864851642,0.8618933575887571,0.9986310623993926,0.9055674524772144,0.7954097528893148,0.9932268955921553,0.765,47,0.235,0.7426600879855519,200
path_length_similarity,higher,block_shuffle_4,0.9432018864851642,0.8618933575887571,0.9986310623993926,0.9279304447673641,0.8294552197113718,0.9970219363259724,0.67,66,0.33,0.33455291154035965,200
path_length_similarity,higher,block_shuffle_8,0.9432018864851642,0.8618933575887571,0.9986310623993926,0.8209152962709169,0.6964652639323237,0.946108425247164,0.89,22,0.11,2.172498376177836,200
path_length_similarity,higher,circular_shift,0.9432018864851642,0.8618933575887571,0.9986310623993926,0.9385956258772324,0.8572309500022022,0.9962169273416438,0.68,64,0.32,0.11316499151496952,200
path_length_similarity,higher,condition_shuffle,0.9432018864851642,0.8618933575887571,0.9986310623993926,0.8469775665808801,0.7090245067227039,0.9831767986415738,0.855,29,0.145,1.646563889498282,200
path_length_similarity,higher,frame_shuffle,0.9432018864851642,0.8618933575887571,0.9986310623993926,0.9316913118634205,0.8119855763308769,0.9969686102661434,0.675,65,0.325,0.2614036860299162,200
path_length_similarity,higher,independent_neuron_shift,0.9432018864851642,0.8618933575887571,0.9986310623993926,0.5736761749893365,0.49466459692270837,0.6489397730658344,1.0,0,0.0,9.104755380950564,200
path_length_similarity,higher,time_reversal,0.9432018864851642,0.8618933575887571,0.9986310623993926,0.9433985842387567,0.8613626517746485,0.9986776182775775,0.5,100,0.5,-0.004869523073186384,200
position_correlation,higher,block_shuffle_16,0.8583353142234356,0.8192623564106567,0.8905890720742562,0.2610419837225914,0.1494925854640149,0.40756712668987066,1.0,0,0.0,11.624241543050404,200
position_correlation,higher,block_shuffle_32,0.8583353142234356,0.8192623564106567,0.8905890720742562,0.2795249826419979,0.12702953468731437,0.48225788677627957,1.0,0,0.0,8.795746493170913,200
position_correlation,higher,block_shuffle_4,0.8583353142234356,0.8192623564106567,0.8905890720742562,0.32494975213125044,0.23033069335190207,0.41074903729006695,1.0,0,0.0,15.356993741185898,200
position_correlation,higher,block_shuffle_8,0.8583353142234356,0.8192623564106567,0.8905890720742562,0.28785846180877567,0.1855547861998283,0.39696222469556086,1.0,0,0.0,14.02473493748488,200
position_correlation,higher,circular_shift,0.8583353142234356,0.8192623564106567,0.8905890720742562,0.15679106784339242,0.06707367673330991,0.26410824390839516,1.0,0,0.0,18.295771981142046,200
position_correlation,higher,condition_shuffle,0.8583353142234356,0.8192623564106567,0.8905890720742562,-0.05230951820392727,-0.1430852759900939,0.05503051979053479,1.0,0,0.0,22.673461941909867,200
position_correlation,higher,frame_shuffle,0.8583353142234356,0.8192623564106567,0.8905890720742562,0.3254415881002386,0.2517019430822404,0.4078863990160529,1.0,0,0.0,16.484487812807885,200
position_correlation,higher,independent_neuron_shift,0.8583353142234356,0.8192623564106567,0.8905890720742562,0.3843958002046351,0.31464693082995426,0.45236215111985445,1.0,0,0.0,16.689063354094266,200
position_correlation,higher,time_reversal,0.8583353142234356,0.8192623564106567,0.8905890720742562,0.27973777292646484,0.25786915013778994,0.2972697142299501,1.0,0,0.0,39.283374643900906,200
position_cosine,higher,block_shuffle_16,0.825307961991317,0.7871423059134163,0.8582040432982092,0.3053394605548915,0.20287677246444985,0.4277781954559281,1.0,0,0.0,11.435008080405044,200
position_cosine,higher,block_shuffle_32,0.825307961991317,0.7871423059134163,0.8582040432982092,0.31491709406641283,0.1813522311541742,0.47717330822577425,1.0,0,0.0,8.795239047960006,200
position_cosine,higher,block_shuffle_4,0.825307961991317,0.7871423059134163,0.8582040432982092,0.3562084691475755,0.2762521307140642,0.43185934365874906,1.0,0,0.0,14.652008422368969,200
position_cosine,higher,block_shuffle_8,0.825307961991317,0.7871423059134163,0.8582040432982092,0.32791490962793196,0.23958211364305446,0.427502624173768,1.0,0,0.0,13.725848836179214,200
position_cosine,higher,circular_shift,0.825307961991317,0.7871423059134163,0.8582040432982092,0.21185014291485119,0.12878922220130712,0.331443935647468,1.0,0,0.0,15.259092822649095,200
position_cosine,higher,condition_shuffle,0.825307961991317,0.7871423059134163,0.8582040432982092,-0.05929336900674321,-0.1590967270862235,0.04679967280386932,1.0,0,0.0,20.856654508098938,200
position_cosine,higher,frame_shuffle,0.825307961991317,0.7871423059134163,0.8582040432982092,0.3568322565438792,0.2934668937693853,0.4338864275790589,1.0,0,0.0,16.05297266031077,200
position_cosine,higher,independent_neuron_shift,0.825307961991317,0.7871423059134163,0.8582040432982092,0.3958844363212132,0.3361685202039793,0.4655255746212651,1.0,0,0.0,15.853680260210414,200
position_cosine,higher,time_reversal,0.825307961991317,0.7871423059134163,0.8582040432982092,0.3236349231109776,0.3020365186479692,0.34410451262616343,1.0,0,0.0,32.112253888125544,200
speed_profile_correlation,higher,block_shuffle_16,0.7776808599817238,0.7117258847062766,0.8353866104436762,0.2462813833412228,0.11668592721407314,0.40209683542337926,1.0,0,0.0,9.310506752684413,200
speed_profile_correlation,higher,block_shuffle_32,0.7776808599817238,0.7117258847062766,0.8353866104436762,0.2581043143885992,0.12923877265831252,0.4157369193618612,1.0,0,0.0,8.670994138774784,200
speed_profile_correlation,higher,block_shuffle_4,0.7776808599817238,0.7117258847062766,0.8353866104436762,0.25724602738256364,0.14463033282093396,0.3800297643498969,1.0,0,0.0,10.430082876539574,200
speed_profile_correlation,higher,block_shuffle_8,0.7776808599817238,0.7117258847062766,0.8353866104436762,0.26068384863149513,0.14266768956531894,0.3786867797641336,1.0,0,0.0,10.63506308422086,200
speed_profile_correlation,higher,circular_shift,0.7776808599817238,0.7117258847062766,0.8353866104436762,0.1920046533118481,0.07956063100941442,0.31836085497986716,1.0,0,0.0,11.835291393768259,200
speed_profile_correlation,higher,condition_shuffle,0.7776808599817238,0.7117258847062766,0.8353866104436762,-0.06615522604209141,-0.2399647103588378,0.14151566281459205,1.0,0,0.0,10.552104499806774,200
speed_profile_correlation,higher,frame_shuffle,0.7776808599817238,0.7117258847062766,0.8353866104436762,0.2564186060575653,0.1430831342737299,0.3829867449143846,1.0,0,0.0,10.46469053413229,200
speed_profile_correlation,higher,independent_neuron_shift,0.7776808599817238,0.7117258847062766,0.8353866104436762,0.23276219514716195,0.11226021628330358,0.3577375884919118,1.0,0,0.0,10.564761079687072,200
speed_profile_correlation,higher,time_reversal,0.7776808599817238,0.7117258847062766,0.8353866104436762,0.21599584627900975,0.1717639860504511,0.2443088183497239,1.0,0,0.0,22.120993133618757,200
velocity_direction_cosine,higher,block_shuffle_16,0.6368334688558647,0.5979271560986006,0.6723456417975543,0.0054232478937700545,-0.09172463929522058,0.09983547868853113,1.0,0,0.0,17.23081936539423,200
velocity_direction_cosine,higher,block_shuffle_32,0.6368334688558647,0.5979271560986006,0.6723456417975543,0.08298229689441244,-0.019786377962195623,0.21619277642524098,1.0,0,0.0,11.772603494673168,200
velocity_direction_cosine,higher,block_shuffle_4,0.6368334688558647,0.5979271560986006,0.6723456417975543,0.0020602326905907456,-0.07423188002713785,0.08415102601865443,1.0,0,0.0,19.765158569001397,200
velocity_direction_cosine,higher,block_shuffle_8,0.6368334688558647,0.5979271560986006,0.6723456417975543,0.00533565459776232,-0.07370768213061728,0.08373886412753613,1.0,0,0.0,19.910859689000656,200
velocity_direction_cosine,higher,circular_shift,0.6368334688558647,0.5979271560986006,0.6723456417975543,-0.006575291724470389,-0.10570899182166356,0.08592728193543708,1.0,0,0.0,17.376048727455466,200
velocity_direction_cosine,higher,condition_shuffle,0.6368334688558647,0.5979271560986006,0.6723456417975543,-0.004303954975507751,-0.08988258399503901,0.07645009310390292,1.0,0,0.0,19.042639613454,200
velocity_direction_cosine,higher,frame_shuffle,0.6368334688558647,0.5979271560986006,0.6723456417975543,0.0065317969406432416,-0.08181704139423646,0.09471825942008193,1.0,0,0.0,19.41806351993738,200
velocity_direction_cosine,higher,independent_neuron_shift,0.6368334688558647,0.5979271560986006,0.6723456417975543,0.0024465083394387514,-0.07934043334710997,0.09108873255523099,1.0,0,0.0,18.393586773609847,200
velocity_direction_cosine,higher,time_reversal,0.6368334688558647,0.5979271560986006,0.6723456417975543,0.13139889969069846,0.10620198759537765,0.15860989814368098,1.0,0,0.0,30.117470666129,200
zero_lag_correlation,higher,block_shuffle_16,0.8635211560989328,0.8263140614373808,0.8949138258538609,0.2867166189145922,0.17967076845825047,0.42903568982271095,1.0,0,0.0,11.596083177119466,200
zero_lag_correlation,higher,block_shuffle_32,0.8635211560989328,0.8263140614373808,0.8949138258538609,0.3039668167448992,0.15868185569000395,0.4986589107771383,1.0,0,0.0,8.80132888061581,200
zero_lag_correlation,higher,block_shuffle_4,0.8635211560989328,0.8263140614373808,0.8949138258538609,0.35385464636122377,0.26414889981188255,0.4342035336430674,1.0,0,0.0,15.350176613205795,200
zero_lag_correlation,higher,block_shuffle_8,0.8635211560989328,0.8263140614373808,0.8949138258538609,0.3149443648076556,0.21791123664991655,0.41996420022783715,1.0,0,0.0,14.017361249625772,200
zero_lag_correlation,higher,circular_shift,0.8635211560989328,0.8263140614373808,0.8949138258538609,0.18473080200434708,0.09878951535299564,0.287613724642638,1.0,0,0.0,18.332820029896638,200
zero_lag_correlation,higher,condition_shuffle,0.8635211560989328,0.8263140614373808,0.8949138258538609,-0.01765061119992308,-0.10713804841675201,0.08588345486791737,1.0,0,0.0,22.632769603688153,200
zero_lag_correlation,higher,frame_shuffle,0.8635211560989328,0.8263140614373808,0.8949138258538609,0.3543425055468873,0.28288543504763053,0.433186568764853,1.0,0,0.0,16.30682243635791,200
zero_lag_correlation,higher,independent_neuron_shift,0.8635211560989328,0.8263140614373808,0.8949138258538609,0.4142465484518759,0.350468604973509,0.47814355986630674,1.0,0,0.0,16.731301014181458,200
zero_lag_correlation,higher,time_reversal,0.8635211560989328,0.8263140614373808,0.8949138258538609,0.30364836505944,0.28287976089024586,0.32170408858107924,1.0,0,0.0,39.4607993388259,200
