candidate,family,category,severity,split,response_single,response_average,cka_time,cka_delta,rsa_state,rsa_temporal,gpfa_position,gpfa_velocity,gpfa_speed,gpfa_acceleration,gpfa_rmse_quality
dynamic,reference,reference,0.0,selection,0.18135999496129873,0.28868972501838897,0.45358712105887433,0.09068423592599675,0.45224775659922556,0.5537454860609562,0.6985923249619632,0.4638610705104313,0.4672762734877763,0.4106172984012649,-0.7281690123961121
dynamic,reference,reference,0.0,test,0.18661706436971032,0.2968445560010209,0.4589008502585539,0.08565028166313797,0.47092632865449713,0.5851293162516619,0.7160590087891401,0.4786513122532003,0.538430064558279,0.392746188960076,-0.7189652954899193
static,model,model,1.0,selection,0.15552512594470586,0.24227651693203242,0.4095045869244816,0.03278496489610432,0.4042433451899455,0.48820083186109464,0.5073994154150533,0.2910967200797375,0.46118446288239306,0.20653707997795367,-0.8745590501227986
static,model,model,1.0,test,0.15651089855329375,0.24532089770724425,0.410977115216753,0.030813820934409666,0.4285629093129374,0.5245800508894543,0.5129978548228742,0.2892389902466905,0.5170666279640994,0.14497874026391408,-0.874198556875403
matched_epoch65,model,model,0.5,selection,0.16251468880751574,0.25970706215422557,0.39012564713107023,0.08531879544025697,0.3674656969992861,0.5186168735208169,0.5875520971635415,0.39307537789747876,0.4491686845753345,0.3759833308787384,-0.8684308510145504
matched_epoch65,model,model,0.5,test,0.1679858485502998,0.26786490342481956,0.39443703279448666,0.07783794174920393,0.3610257596870965,0.5025519542809734,0.5518096509027036,0.41014456063461247,0.46398849169707607,0.35273804652174356,-0.9105922283076753
kernel_retention_0.75,kernel_ablation,temporal,0.25,selection,0.17217031920972903,0.2761086083144483,0.39146846080823944,0.07736443004315778,0.307989296788925,0.4937070411893465,0.5518668019595319,0.41660707890824444,0.46313491549389296,0.38441277534632134,-0.8510471220040151
kernel_retention_0.75,kernel_ablation,temporal,0.25,test,0.17687014511001453,0.28089668696763265,0.4009948437064546,0.07032883908605504,0.3250187942471799,0.5089095804768201,0.5266038115960887,0.43978469762041167,0.49785469915153013,0.35863309293771206,-0.871098912674749
kernel_retention_0.5,kernel_ablation,temporal,0.5,selection,0.14445422014959836,0.23319796275924937,0.24277997017437952,0.052703259369466245,0.16805569824741284,0.4066101475201576,0.18783568856029836,0.282180256712314,0.30361800813161643,0.28067985470702567,-1.0116482475228803
kernel_retention_0.5,kernel_ablation,temporal,0.5,test,0.14814444155364806,0.2353364169464176,0.2610157270882176,0.052430667068909184,0.18227668920727896,0.42914787942088245,0.17169432623989875,0.29764569820666303,0.3352161764331336,0.24234243582410603,-1.0215830915348318
kernel_retention_0.25,kernel_ablation,temporal,0.75,selection,0.10503328965539799,0.16936007130025343,0.14538503108673062,0.03615584297541816,0.10336437843543496,0.34481679426067696,-0.1312312477966391,0.05253514235636713,-0.00623939249223262,0.09782091153318045,-1.0810121628394878
kernel_retention_0.25,kernel_ablation,temporal,0.75,test,0.1071473936181283,0.17050382808439385,0.16643208577033347,0.04216875970797099,0.10279678223638988,0.37126953262443657,-0.1305743227390027,0.07234043044569842,0.06845599917763487,0.07031096094882694,-1.0836160118379032
kernel_retention_0.0,kernel_ablation,temporal,1.0,selection,-0.006335616737395465,-0.010151355975905196,0.15799819855652636,0.012877035597285093,0.12700682845991842,0.24833809264547382,-0.19535017370850483,-0.07553726686484304,-0.07155499568736014,-0.02381267762539229,-1.0721848086953247
kernel_retention_0.0,kernel_ablation,temporal,1.0,test,-0.005288167558894843,-0.005996012009191675,0.1666359609167301,0.012105754570895714,0.11509917613359832,0.2395038463390334,-0.19424256013317753,-0.05019955445821026,0.004159367160814093,-0.029980450835208765,-1.0738575697040922
shift_1,shift,temporal,1.0,selection,0.17831828003356753,0.28370100297191997,0.44615678773059275,0.07209027325526204,0.42299894013316097,0.5174626384737607,0.6927733492701138,0.4231518196452398,0.43316296853062025,0.38175212580205486,-0.7337759901667239
shift_1,shift,temporal,1.0,test,0.18346974835625077,0.2918996223632101,0.45169600872502236,0.0653216566616334,0.4367832674567007,0.5388502094467716,0.7100415387538446,0.443590928635956,0.5085991165740313,0.358651446857059,-0.7249239471352235
shift_2,shift,temporal,2.0,selection,0.1723554633561295,0.2739964557558554,0.43452751562364417,0.07232517851973523,0.40953256793420817,0.5145996436997448,0.6813069373383185,0.3800913435745115,0.3964671389402504,0.33423785443547616,-0.7447604356714436
shift_2,shift,temporal,2.0,test,0.1773708130423825,0.28224473981845233,0.4404681107902451,0.06551570923111401,0.4184814901427503,0.525494801794094,0.697620443732254,0.40744271455259096,0.47102714973495163,0.3166685212301872,-0.7368017108193499
shift_4,shift,temporal,4.0,selection,0.1537728339833512,0.24394223052561426,0.40392275249662024,0.06354180900255892,0.3717555463831221,0.47657596195513285,0.6496609733965897,0.2656638746330471,0.31048126437574614,0.20744379853943928,-0.7741774645047117
shift_4,shift,temporal,4.0,test,0.1584563164774701,0.2520227927329541,0.4098131950494771,0.05740830287543048,0.37838228184528094,0.4674181564980351,0.6601282918414878,0.294952408876655,0.3966510181745367,0.18961652761476874,-0.7714386527547457
shift_8,shift,temporal,8.0,selection,0.1126416022581262,0.17728039373172555,0.3461316073809808,0.07265823219168042,0.30121326810786325,0.3592412508287129,0.551996292284455,-0.03697259199763828,0.26533921080328954,-0.15589212719473167,-0.8585304547954195
shift_8,shift,temporal,8.0,test,0.11672718753855241,0.18452995416276904,0.3451487841652037,0.05898561777972999,0.29464792931813866,0.33657336933373333,0.5522726406840957,0.010667155993031193,0.3674658909255628,-0.13773547076883066,-0.8633131566666352
shift_16,shift,temporal,16.0,selection,0.07561776342810475,0.11809064441862666,0.31487043496216083,0.0605523630040234,0.2231528890777823,0.26158527687344674,0.3856933651590168,-0.22799887171291605,0.2281515858744743,-0.16664540964019434,-0.9852934686805587
shift_16,shift,temporal,16.0,test,0.0770953329563677,0.1210879629568192,0.30950844793283666,0.059484969516978264,0.21234193782251035,0.24969277436415963,0.3631279461638125,-0.21559057178830887,0.31962544173065865,-0.1962737979014923,-1.0040281876407224
shift_32,shift,temporal,32.0,selection,0.04702546851010515,0.0693941783445979,0.29804377275369803,0.05426180531290504,0.16241716208752016,0.1973288592095468,0.28089920782468003,0.0072940187837862245,0.053518649646867776,-0.01885139318102316,-1.0573287817777677
shift_32,shift,temporal,32.0,test,0.04837144046760762,0.07228960541812882,0.29058641881943004,0.051738452170737505,0.16912531831064692,0.17170450042037502,0.24114363072298958,0.01168195955611995,0.1327938512067632,-0.009216246953912427,-1.0849533542637273
shift_64,shift,temporal,64.0,selection,0.024152890016797973,0.03246608904351766,0.2828523165307749,0.054035449530633696,0.19627670301353783,0.14330359226213624,0.05625193186600954,-0.028793099504263408,0.1670074137856379,0.01701059624304183,-1.1971746896822153
shift_64,shift,temporal,64.0,test,0.02518142424451912,0.03279683058657722,0.2827988355798587,0.04765142505182116,0.18901616850069852,0.12177905680433486,0.02665123256404707,-0.05110136463861517,0.1308384120495967,0.0017371666515439404,-1.215752272960628
reverse,reverse,temporal,1.0,selection,0.04047609087208304,0.06119057494337715,0.2726326290825797,0.06755315607289034,0.18044226639264108,0.24020511339014874,0.2260487106925987,0.09597120361091967,0.07459201660046973,0.07883279846902953,-1.0976340646468878
reverse,reverse,temporal,1.0,test,0.03974543396738678,0.06076031941673645,0.2798317600746224,0.0640945028097504,0.2119203213144326,0.19189176176031586,0.19074701768690308,0.051149643131828085,0.10237688715606627,0.024495496528251358,-1.1223306657966403
smooth_0.5,smooth,temporal,0.5,selection,0.18167381537054586,0.2891981601908199,0.45430797783641064,0.09978455639328515,0.4537640480651421,0.5556509146397922,0.6986295098282497,0.466100815200127,0.4688831845350292,0.41318466665623993,-0.7280887507024114
smooth_0.5,smooth,temporal,0.5,test,0.18691982188153416,0.2973577170909457,0.45969296169382384,0.09476157567025792,0.4721630205561635,0.5873671929688107,0.7162084145828795,0.4811237146452773,0.539420389338277,0.39476496166451513,-0.7187980055449946
smooth_1.0,smooth,temporal,1.0,selection,0.1823147962224496,0.29026274193006,0.4559576536425036,0.1077385270889432,0.45702981280263283,0.5603694855868768,0.698774699407418,0.4703134017593131,0.47174099808319137,0.4180555414982077,-0.7278624440687885
smooth_1.0,smooth,temporal,1.0,test,0.18752249684243422,0.29841216346909255,0.4615188906356933,0.10301030276027379,0.4749613036986824,0.5930602932625176,0.7166034030173734,0.48622558171520297,0.5411087155348321,0.39862847891690684,-0.7184006189011791
smooth_2.0,smooth,temporal,2.0,selection,0.18302245333450398,0.29159013000161693,0.45901443386218316,0.09726681489190891,0.4622047669133962,0.5675160094371419,0.6991363823673489,0.4712271162860201,0.47170503401037744,0.4217377813548186,-0.7274228867209444
smooth_2.0,smooth,temporal,2.0,test,0.1880925007140279,0.29961325554699564,0.46483854066237507,0.09294761433503433,0.4797719000859788,0.6025934362233655,0.7168954469495241,0.48836578825912763,0.5415956094640195,0.39972319493747255,-0.7182804511894707
smooth_4.0,smooth,temporal,4.0,selection,0.1816551131636227,0.2899604390840087,0.4606833659425958,0.07122406254538198,0.4662075132943865,0.5718568724837683,0.6975016306506608,0.4550644501882424,0.46348291649371676,0.40947893677829,-0.7291572400316644
smooth_4.0,smooth,temporal,4.0,test,0.18630008954058297,0.297424466784433,0.46597526281299273,0.06716016458938677,0.4853498258749656,0.6099918887987644,0.713910266646435,0.4760911902306879,0.5355342839154343,0.3824252030858002,-0.7220470354118065
smooth_8.0,smooth,temporal,8.0,selection,0.17365102784116046,0.27795129242434125,0.4465117159066463,0.03755020037157895,0.4537841386827151,0.5596957003225961,0.6800964614363981,0.3315800088711375,0.43293656507496714,0.2669115621695835,-0.74654677047075
smooth_8.0,smooth,temporal,8.0,test,0.17728112187152004,0.2839513919005656,0.4486168531775087,0.03432968400155092,0.47339060599356686,0.5863465890361744,0.6908551808943978,0.36060639138644407,0.5009600786597763,0.2262714923396604,-0.7456159418750937
smooth_16.0,smooth,temporal,16.0,selection,0.15848861149354787,0.25415427586877426,0.41673747315052995,0.012079824031903637,0.421867981551285,0.5309712330137001,0.6383698781837083,0.15371570968169346,0.37122329631414336,0.0582532087241908,-0.7840104934674489
smooth_16.0,smooth,temporal,16.0,test,0.16142567428022978,0.25932007750202146,0.41280136095896186,0.01092247945441383,0.43357044124370964,0.5520088000977788,0.637021783877022,0.1675100364859736,0.4272145742723587,0.01713173253046315,-0.7926731759225729
blocks_2,block_permute,temporal,2.0,selection,0.025590495979393914,0.037998896503398466,0.25694999775532484,0.06244323250013279,0.14005493477402114,0.16085097241821206,0.12991484952659793,0.018240031009384216,0.07855110817275594,0.008320664644184777,-1.1530508584395482
blocks_2,block_permute,temporal,2.0,test,0.02277014972950356,0.033822205951016066,0.24968016213410624,0.05855307856516852,0.162392327520377,0.15118605021537276,0.0999469284824859,0.013572050737399284,0.16700651616616932,-0.022207851438434338,-1.173114776277132
blocks_4,block_permute,temporal,4.0,selection,0.025897039171262626,0.03855535599570624,0.2595146272127771,0.06243932748173758,0.13848759448519787,0.1671866724445086,0.13234094582294648,0.008057951744044821,0.06561453409301553,-0.013571914358268137,-1.1515529065937928
blocks_4,block_permute,temporal,4.0,test,0.022787876513224753,0.03381397343022406,0.24929749966416856,0.06053945763362568,0.16168804579818122,0.15177161227717342,0.10261264985130011,0.0011370995317725755,0.15237165245460677,-0.04969913236023619,-1.1717753676146472
blocks_8,block_permute,temporal,8.0,selection,0.03550191435990664,0.05148454879937601,0.25942427702576915,0.04146986735247793,0.16150435605999158,0.07577387896902558,0.23491166160414514,-0.01445473421970746,0.19753122845452176,-0.03827725589616073,-1.0823156291517706
blocks_8,block_permute,temporal,8.0,test,0.034410645638800065,0.0483695354515241,0.25453090801894246,0.035155301089914485,0.166463869958125,0.07458097682566843,0.24441729671022566,0.028738666538953555,0.2795803314503117,0.007578731336226781,-1.0790493835074482
blocks_16,block_permute,temporal,16.0,selection,0.02103856883655724,0.026690874445058223,0.23920413219601877,0.04042656659230277,0.1620183521158403,0.07508246387922829,0.047549195389704896,-0.02840824680907279,0.13020942742254119,-0.012399429785570591,-1.1848217363386417
blocks_16,block_permute,temporal,16.0,test,0.022082794807658377,0.029159650982726264,0.23529599482282482,0.03513702923107218,0.14485129758424498,0.05941858613243851,0.041953290734571706,-0.016531735022012464,0.16328334662808194,-0.025092794333007817,-1.1887169355090266
time_mean_0.2,time_mean_mix,temporal,0.2,selection,0.1809865300637023,0.2891617523120861,0.4582260401453533,0.09068423576381685,0.47273148177889696,0.5510938269684478,0.6940187029146696,0.4506011229760826,0.4615488583864891,0.40357957074271233,-0.7363823566397005
time_mean_0.2,time_mean_mix,temporal,0.2,test,0.1861573211854315,0.29701795003849174,0.46105667099651776,0.08565028102288741,0.493756604319527,0.5836546331996281,0.7077323638803561,0.46608456442571783,0.5313919946290968,0.3801710205663479,-0.7337714695496691
time_mean_0.4,time_mean_mix,temporal,0.4,selection,0.17775979747798315,0.28575313274067254,0.44207729177608157,0.09068423588427389,0.47615945751294547,0.5424442493805487,0.6756723063671826,0.4275398577995531,0.45085811662628245,0.388679678206171,-0.7635550537530031
time_mean_0.4,time_mean_mix,temporal,0.4,test,0.1827444814294315,0.2930851402983186,0.44324154862419285,0.08565028202597873,0.4938213447533336,0.5753137997829604,0.684074468820252,0.4427479200819116,0.5189166605943165,0.3567984555299239,-0.7673698384672405
time_mean_0.6,time_mean_mix,temporal,0.6,selection,0.1676773842211772,0.27207942652383255,0.3967334649755861,0.09068423544641414,0.44875482945942075,0.5237244117527232,0.6289053577781165,0.38237583609148645,0.42639991461963705,0.3531747429695691,-0.80777310779877
time_mean_0.6,time_mean_mix,temporal,0.6,test,0.17219195299362233,0.2783833793412983,0.39656635581507177,0.0856502803866103,0.4547850519792965,0.5521087271340052,0.6289357436527969,0.3911829548531329,0.49258543056338566,0.3125491574542674,-0.8174414628964303
time_mean_0.8,time_mean_mix,temporal,0.8,selection,0.1418985200581532,0.23222401960100092,0.33752561030041617,0.09068423444543676,0.3864779753440492,0.489249658329537,0.5320127204900447,0.27891799129635203,0.342908338031146,0.26333546133258984,-0.8664279487951153
time_mean_0.8,time_mean_mix,temporal,0.8,test,0.14519882334161882,0.23648177667659065,0.33543157641118954,0.08565028242576622,0.38111085870337813,0.5125339170435227,0.5179062646112285,0.27472600595138313,0.4088262297003482,0.21165072042399238,-0.8811778902182351
time_mean_1.0,time_mean_mix,temporal,1.0,selection,0.0894344193327758,0.141569492989921,0.29336293121433527,0.0,0.3058074015089353,0.0,0.37310269487974657,-0.06066234970282693,0.03797178626418225,-0.007300791235192845,-0.9368092060638039
time_mean_1.0,time_mean_mix,temporal,1.0,test,0.09004260458594449,0.14214275522947126,0.2902266693494664,0.0,0.294250916081629,0.0,0.3382063908666651,-0.049050531815917654,0.12142046187142544,-0.03773847043301214,-0.955845127882585
noise_0.1,amplitude_noise,non_temporal,0.1,selection,0.18047308555402009,0.2882886673315125,0.45403869476932524,0.09131853677984528,0.45164530070567194,0.5532037022633585,0.6986731545317302,0.46380024122679625,0.4670043125943511,0.4114612339687468,-0.7277521068340904
noise_0.1,amplitude_noise,non_temporal,0.1,test,0.18571284488067896,0.29655248295950837,0.4592799475225373,0.08593986356535391,0.4707982628596318,0.585101612240136,0.7158988163192628,0.479105933898184,0.5385718364914117,0.39437585947221976,-0.7187261254880827
noise_0.2,amplitude_noise,non_temporal,0.2,selection,0.17818776328819452,0.28728602238883516,0.4550464093302449,0.09144553775593511,0.451446737913664,0.552742215654248,0.6977578800459394,0.463606790743037,0.4650970666208073,0.40829955747723545,-0.7276651804736368
noise_0.2,amplitude_noise,non_temporal,0.2,test,0.18327107081799277,0.2957519364922842,0.46050285145091197,0.0859806084363532,0.4712820839848918,0.5867462971810797,0.7145442554981405,0.477919297922995,0.5378607493537271,0.3917570706988304,-0.7189151968104583
noise_0.5,amplitude_noise,non_temporal,0.5,selection,0.16633233316014148,0.2823031766188364,0.45874106901313816,0.07934074286861584,0.4474553621081744,0.5534916313884969,0.6878356180205205,0.4571797384262551,0.4655164047468191,0.40236047335861974,-0.7318209825839562
noise_0.5,amplitude_noise,non_temporal,0.5,test,0.16985196098471458,0.2895898015641425,0.46307921369305466,0.07245346783913073,0.4685965318699967,0.5862330322188765,0.7045274321481423,0.4781734657533103,0.5380120290904393,0.3895159797235599,-0.7212301822781816
noise_0.75,amplitude_noise,non_temporal,0.75,selection,0.15205144851219032,0.2742486281123982,0.460894325849848,0.06422019399874881,0.44597667372020944,0.5482912773104885,0.6738404139350227,0.462306922712206,0.4563396902580604,0.4110628418986034,-0.7409806174337942
noise_0.75,amplitude_noise,non_temporal,0.75,test,0.15387014668779508,0.281210936728822,0.4661659822981745,0.05911159435139115,0.47180015834736805,0.5845692359544735,0.6862766050768008,0.45305898442758924,0.5313876456442436,0.36456280131150504,-0.7328788181907273
noise_1.0,amplitude_noise,non_temporal,1.0,selection,0.1376571526952513,0.2644789630655954,0.4622152240851633,0.05432608656996757,0.4386353503733874,0.5428114386456145,0.6499967505504441,0.4424038161051284,0.4481981023893611,0.40166956504257983,-0.7599679652393182
noise_1.0,amplitude_noise,non_temporal,1.0,test,0.13824505925756445,0.2702639121376165,0.4657735173588978,0.051015997716830595,0.46036867698611544,0.5811581610166039,0.6587157443999276,0.44420159074133986,0.5290750143421543,0.36382116353699717,-0.7535169164893445
noise_1.5,amplitude_noise,non_temporal,1.5,selection,0.11166210376192215,0.2423523589163314,0.46000871093982026,0.046395708889032064,0.4273106310426744,0.5195312540509709,0.5842810910891921,0.4257217192658116,0.4443684839014328,0.3795177225675976,-0.8182178325185235
noise_1.5,amplitude_noise,non_temporal,1.5,test,0.11042429775796109,0.24552803317921335,0.46278589236507156,0.04202441992109417,0.44603152626375353,0.5637130042185653,0.5864504029980098,0.42387479226232294,0.5164685963671698,0.3453718450221671,-0.8138053542521255
noise_2.0,amplitude_noise,non_temporal,2.0,selection,0.09169035824641943,0.21620005156221636,0.4522090895384894,0.04259559003712906,0.4004303405142043,0.48916180550154253,0.49107563671597,0.40679315450677916,0.4304143580785289,0.3567144966542333,-0.9020708261388535
noise_2.0,amplitude_noise,non_temporal,2.0,test,0.08913730694055559,0.21865133709339313,0.45346569469817444,0.03889405472099759,0.4306193229612013,0.5734741497127746,0.48463724794020013,0.42327511975326604,0.4830815694787045,0.3524008973362929,-0.900148794326531
noise_3.0,amplitude_noise,non_temporal,3.0,selection,0.06512058574007092,0.17401823107696116,0.40880949037359066,0.03959992984201675,0.295159947568926,0.41829116619814294,0.24356351760745637,0.36433263872632154,0.3849868657244893,0.3235965754404878,-1.108999125212604
noise_3.0,amplitude_noise,non_temporal,3.0,test,0.062206938959464955,0.16953427177611186,0.41232559631622634,0.03518560311357842,0.3356227758286503,0.5048213128294018,0.22693539361714013,0.35539904467838457,0.45768280812907625,0.28390118810649373,-1.1143120551188281
gain_0.1,gain,non_temporal,0.1,selection,0.1813599950266892,0.2886897250511108,0.45248821256591376,0.09069962872561159,0.4491032339888019,0.556346551998726,0.6960157485028767,0.4634769526120771,0.4663089557612241,0.4107277098025439,-0.7314160910704631
gain_0.1,gain,non_temporal,0.1,test,0.18661706436576267,0.29684455579716573,0.4582964182444448,0.08533117684113964,0.4682493564209742,0.5838564132194061,0.7143605943681632,0.4802393371942404,0.5375317662993261,0.395507347518721,-0.7213364885176037
gain_0.2,gain,non_temporal,0.2,selection,0.18135999496329372,0.28868972515062663,0.4504832716230264,0.08795691987065361,0.4486244032379801,0.5472092652881329,0.6910050257843461,0.4587350557588089,0.4674281815251826,0.4029241088819136,-0.7358028482394415
gain_0.2,gain,non_temporal,0.2,test,0.1866170643287271,0.2968445559336202,0.45103788117399285,0.08235794460135229,0.4633665048452337,0.577113967932977,0.7030300033646771,0.47657680212255904,0.5330690830187274,0.3902140757525371,-0.7318444072270284
gain_0.5,gain,non_temporal,0.5,selection,0.18135999503872052,0.2886897252178049,0.4467563453073482,0.08902966331045706,0.4129260458893132,0.5452367248524983,0.6884006573360315,0.4615330299830089,0.4633583372688698,0.40967509184521045,-0.7396531720245099
gain_0.5,gain,non_temporal,0.5,test,0.18661706435743464,0.29684455585131303,0.4607510930680852,0.08871563798595766,0.4373717529055492,0.569277288266166,0.7050527112591316,0.46897893875687724,0.5284377850731701,0.3851886763076527,-0.7271282060732032
gain_0.75,gain,non_temporal,0.75,selection,0.18135999495729252,0.2886897251433119,0.4527445736862344,0.07500599488676314,0.4051009177463827,0.5186684296492182,0.644107507405526,0.4476024355755653,0.4697972736666043,0.38887513557235365,-0.8304239863949625
gain_0.75,gain,non_temporal,0.75,test,0.18661706434266043,0.29684455584346625,0.4384667448907902,0.07088911542078005,0.4352429796534189,0.5637133005181539,0.66886029738277,0.4569675941086181,0.5299478715571654,0.37661540394996734,-0.7933199934312531
gain_1.0,gain,non_temporal,1.0,selection,0.1813599949821523,0.2886897252047359,0.38527062227523745,0.06831991544270878,0.33031696806650235,0.5250505005611174,0.5365999822137084,0.42529193776206803,0.4737894902785094,0.3530379096046136,-1.0873648408494088
gain_1.0,gain,non_temporal,1.0,test,0.18661706441887593,0.2968445560014781,0.3819904749223583,0.060610486705760205,0.3459629858583933,0.5276133438519687,0.5218780597414538,0.4704770524854117,0.531192283981706,0.3817002341003593,-1.093349160043356
