axis,axis_value,metric,observed_mean,observed_ci_low,observed_ci_high,neurons,latent_dim,selected_train_fraction,selected_train_trials,seed,observation_step,splits
neuron_count,128.0,position_correlation,0.8172520519971688,0.7653888337666659,0.8489931858233707,128,4,1.0,174,42,4,100
neuron_count,128.0,normalized_position_rmse,0.6150978938980691,0.5480448437772613,0.7217868459844141,128,4,1.0,174,42,4,100
neuron_count,128.0,velocity_direction_cosine,0.5702148666094018,0.5305959731682086,0.609775446890448,128,4,1.0,174,42,4,100
neuron_count,128.0,speed_profile_correlation,0.640625846056889,0.5511047619175188,0.729817497108916,128,4,1.0,174,42,4,100
neuron_count,128.0,acceleration_direction_cosine,0.48749586853329435,0.4511151850437468,0.5255888516419873,128,4,1.0,174,42,4,100
neuron_count,256.0,position_correlation,0.8380548842887944,0.7792661615149294,0.8737312296318744,256,4,1.0,174,42,4,100
neuron_count,256.0,normalized_position_rmse,0.5812734478346078,0.49650761847361,0.7060260313370452,256,4,1.0,174,42,4,100
neuron_count,256.0,velocity_direction_cosine,0.5706928549401762,0.5305486323471653,0.6039734204429046,256,4,1.0,174,42,4,100
neuron_count,256.0,speed_profile_correlation,0.7817489345037637,0.7257534243936419,0.8280146623030651,256,4,1.0,174,42,4,100
neuron_count,256.0,acceleration_direction_cosine,0.5090066667534502,0.45734103241324126,0.5520256851408334,256,4,1.0,174,42,4,100
neuron_count,512.0,position_correlation,0.8553609474849243,0.8166815615406966,0.8840444589804302,512,4,1.0,174,42,4,100
neuron_count,512.0,normalized_position_rmse,0.5497856811303797,0.47866109742534174,0.6357505913132633,512,4,1.0,174,42,4,100
neuron_count,512.0,velocity_direction_cosine,0.6342524574095372,0.591103252896429,0.6679210891514382,512,4,1.0,174,42,4,100
neuron_count,512.0,speed_profile_correlation,0.7704573814250903,0.6914574942845673,0.8339180161452443,512,4,1.0,174,42,4,100
neuron_count,512.0,acceleration_direction_cosine,0.5576051617500852,0.5269606939099655,0.5906875643965291,512,4,1.0,174,42,4,100
latent_dim,4.0,position_correlation,0.8553609474849243,0.8166815615406966,0.8840444589804302,512,4,1.0,174,42,4,100
latent_dim,4.0,normalized_position_rmse,0.5497856811303797,0.47866109742534174,0.6357505913132633,512,4,1.0,174,42,4,100
latent_dim,4.0,velocity_direction_cosine,0.6342524574095372,0.591103252896429,0.6679210891514382,512,4,1.0,174,42,4,100
latent_dim,4.0,speed_profile_correlation,0.7704573814250903,0.6914574942845673,0.8339180161452443,512,4,1.0,174,42,4,100
latent_dim,4.0,acceleration_direction_cosine,0.5576051617500852,0.5269606939099655,0.5906875643965291,512,4,1.0,174,42,4,100
latent_dim,8.0,position_correlation,0.8377707130256036,0.7997135515593228,0.870949966099713,512,8,1.0,174,42,4,100
latent_dim,8.0,normalized_position_rmse,0.5775048806142236,0.5176887295706486,0.6449837959460671,512,8,1.0,174,42,4,100
latent_dim,8.0,velocity_direction_cosine,0.6226903025177699,0.5933303666050684,0.6494855884316166,512,8,1.0,174,42,4,100
latent_dim,8.0,speed_profile_correlation,0.7687466042889528,0.6885982281700319,0.8288757487936373,512,8,1.0,174,42,4,100
latent_dim,8.0,acceleration_direction_cosine,0.5640723738664274,0.5314793154659135,0.5941556475028411,512,8,1.0,174,42,4,100
latent_dim,12.0,position_correlation,0.8533963809501616,0.817680191897858,0.8808816943872968,512,12,1.0,174,42,4,100
latent_dim,12.0,normalized_position_rmse,0.5481951350248147,0.49270645460829204,0.6120005941955889,512,12,1.0,174,42,4,100
latent_dim,12.0,velocity_direction_cosine,0.6406944747023081,0.6137307720529895,0.6658009434063573,512,12,1.0,174,42,4,100
latent_dim,12.0,speed_profile_correlation,0.7895814788003984,0.6989716175280533,0.8521207499515167,512,12,1.0,174,42,4,100
latent_dim,12.0,acceleration_direction_cosine,0.5778076357291166,0.5519402186116408,0.6069999096324906,512,12,1.0,174,42,4,100
latent_dim,16.0,position_correlation,0.8446776939867549,0.8094680119644562,0.8726908613634291,512,16,1.0,174,42,4,100
latent_dim,16.0,normalized_position_rmse,0.563245969957433,0.5112725546164593,0.6266623637689733,512,16,1.0,174,42,4,100
latent_dim,16.0,velocity_direction_cosine,0.630500021606045,0.6027617052026293,0.6512770151118237,512,16,1.0,174,42,4,100
latent_dim,16.0,speed_profile_correlation,0.7957978932927255,0.7100405278116491,0.8601137991990664,512,16,1.0,174,42,4,100
latent_dim,16.0,acceleration_direction_cosine,0.5699485752967489,0.5433235222584792,0.5929906444353176,512,16,1.0,174,42,4,100
selected_train_fraction,0.25,position_correlation,0.8518680609645942,0.8172707466465986,0.8778543620604418,512,4,0.25,44,42,4,100
selected_train_fraction,0.25,normalized_position_rmse,0.5542141425424743,0.4933399057103974,0.6258295627822666,512,4,0.25,44,42,4,100
selected_train_fraction,0.25,velocity_direction_cosine,0.5964871073362342,0.5575236184506575,0.6274150163874427,512,4,0.25,44,42,4,100
selected_train_fraction,0.25,speed_profile_correlation,0.7253320981979237,0.6432731897890123,0.8009111231197639,512,4,0.25,44,42,4,100
selected_train_fraction,0.25,acceleration_direction_cosine,0.5225124697394363,0.4806250678713421,0.5660095866269105,512,4,0.25,44,42,4,100
selected_train_fraction,0.5,position_correlation,0.8698005759124391,0.8316553924730645,0.898651495257813,512,4,0.5,87,42,4,100
selected_train_fraction,0.5,normalized_position_rmse,0.5209149476345916,0.45065958119578103,0.598199927571154,512,4,0.5,87,42,4,100
selected_train_fraction,0.5,velocity_direction_cosine,0.629650962720173,0.5988197393255132,0.6566321529609954,512,4,0.5,87,42,4,100
selected_train_fraction,0.5,speed_profile_correlation,0.7591049782960433,0.6736663147320208,0.8242157319421034,512,4,0.5,87,42,4,100
selected_train_fraction,0.5,acceleration_direction_cosine,0.5674665064471135,0.5324304150289306,0.6003089313520494,512,4,0.5,87,42,4,100
selected_train_fraction,0.75,position_correlation,0.8564487395169954,0.816331311796013,0.8870203580042938,512,4,0.75,130,42,4,100
selected_train_fraction,0.75,normalized_position_rmse,0.5471433685106929,0.47595486515649443,0.6285229212232635,512,4,0.75,130,42,4,100
selected_train_fraction,0.75,velocity_direction_cosine,0.6297137908314041,0.5916745601902119,0.6604611559388212,512,4,0.75,130,42,4,100
selected_train_fraction,0.75,speed_profile_correlation,0.7643993309578119,0.6780097093995846,0.8283088752480258,512,4,0.75,130,42,4,100
selected_train_fraction,0.75,acceleration_direction_cosine,0.557359173960977,0.5263937203247743,0.5910736654091774,512,4,0.75,130,42,4,100
selected_train_fraction,1.0,position_correlation,0.8553609474849243,0.8166815615406966,0.8840444589804302,512,4,1.0,174,42,4,100
selected_train_fraction,1.0,normalized_position_rmse,0.5497856811303797,0.47866109742534174,0.6357505913132633,512,4,1.0,174,42,4,100
selected_train_fraction,1.0,velocity_direction_cosine,0.6342524574095372,0.591103252896429,0.6679210891514382,512,4,1.0,174,42,4,100
selected_train_fraction,1.0,speed_profile_correlation,0.7704573814250903,0.6914574942845673,0.8339180161452443,512,4,1.0,174,42,4,100
selected_train_fraction,1.0,acceleration_direction_cosine,0.5576051617500852,0.5269606939099655,0.5906875643965291,512,4,1.0,174,42,4,100
random_seed,42.0,position_correlation,0.8553609474849243,0.8166815615406966,0.8840444589804302,512,4,1.0,174,42,4,100
random_seed,42.0,normalized_position_rmse,0.5497856811303797,0.47866109742534174,0.6357505913132633,512,4,1.0,174,42,4,100
random_seed,42.0,velocity_direction_cosine,0.6342524574095372,0.591103252896429,0.6679210891514382,512,4,1.0,174,42,4,100
random_seed,42.0,speed_profile_correlation,0.7704573814250903,0.6914574942845673,0.8339180161452443,512,4,1.0,174,42,4,100
random_seed,42.0,acceleration_direction_cosine,0.5576051617500852,0.5269606939099655,0.5906875643965291,512,4,1.0,174,42,4,100
random_seed,314.0,position_correlation,0.8543127097368913,0.8133273702068098,0.8847633456340662,512,4,1.0,174,314,4,100
random_seed,314.0,normalized_position_rmse,0.5480254486853217,0.48150002260570535,0.6334873895588784,512,4,1.0,174,314,4,100
random_seed,314.0,velocity_direction_cosine,0.6341189713888298,0.6005535292504928,0.6657091343393711,512,4,1.0,174,314,4,100
random_seed,314.0,speed_profile_correlation,0.775553552609939,0.6961621007449725,0.8239083515533538,512,4,1.0,174,314,4,100
random_seed,314.0,acceleration_direction_cosine,0.5540329762880052,0.5157566237167854,0.5864187681870535,512,4,1.0,174,314,4,100
random_seed,2718.0,position_correlation,0.8531939912786344,0.8152356861980489,0.8899173321284296,512,4,1.0,174,2718,4,100
random_seed,2718.0,normalized_position_rmse,0.5539542533060826,0.47336196184146867,0.6622193420340347,512,4,1.0,174,2718,4,100
random_seed,2718.0,velocity_direction_cosine,0.6362263870771058,0.6010704840139189,0.6695003277881763,512,4,1.0,174,2718,4,100
random_seed,2718.0,speed_profile_correlation,0.7727295842663817,0.7028101861201316,0.8373511369258735,512,4,1.0,174,2718,4,100
random_seed,2718.0,acceleration_direction_cosine,0.5557959050137355,0.5090447468998527,0.5955066261937084,512,4,1.0,174,2718,4,100
observation_step,4.0,position_correlation,0.8553609474849243,0.8166815615406966,0.8840444589804302,512,4,1.0,174,42,4,100
observation_step,4.0,normalized_position_rmse,0.5497856811303797,0.47866109742534174,0.6357505913132633,512,4,1.0,174,42,4,100
observation_step,4.0,velocity_direction_cosine,0.6342524574095372,0.591103252896429,0.6679210891514382,512,4,1.0,174,42,4,100
observation_step,4.0,speed_profile_correlation,0.7704573814250903,0.6914574942845673,0.8339180161452443,512,4,1.0,174,42,4,100
observation_step,4.0,acceleration_direction_cosine,0.5576051617500852,0.5269606939099655,0.5906875643965291,512,4,1.0,174,42,4,100
observation_step,1.0,position_correlation,0.8448730034079821,0.8068800621817755,0.8726036861462501,512,4,1.0,174,42,1,100
observation_step,1.0,normalized_position_rmse,0.567029790865423,0.49719353376115627,0.6487597248264112,512,4,1.0,174,42,1,100
observation_step,1.0,velocity_direction_cosine,0.536461023083491,0.501094729226648,0.5696906199746248,512,4,1.0,174,42,1,100
observation_step,1.0,speed_profile_correlation,0.7508289864328497,0.6869537843940324,0.8060666704311233,512,4,1.0,174,42,1,100
observation_step,1.0,acceleration_direction_cosine,0.44598743808484764,0.410392551433629,0.4848668526261976,512,4,1.0,174,42,1,100
