claim_id,study,question,claim,result_file,protocol_file,data_level,status,limitations
S1_RELIABILITY,Study 1: Dynamic Sensorium,Are repeat-averaged neural trajectories reproducible?,"The frozen comparison GPFA yields repeat-half agreement and separates the tested condition, timing, direction, order, and population-synchrony nulls for the primary metrics.",results/tables/04_model_comparison/gpfa_reliability_summary.csv,results/tables/04_model_comparison/protocol_lock.json,One session; six repeated movies; independent repeat halves within each draw,supported_within_scope,The repeated splits reuse the same oracle trials. Their superiority frequencies are descriptive; they are not independent biological p-values or a Mental-Pong noise ceiling.
S1_PATH_LENGTH_LIMIT,Study 1: Dynamic Sensorium,Does reliable path length establish temporal alignment?,Path length is repeatable but fails to separate timing and reversal nulls consistently; it remains a descriptive magnitude measure.,results/tables/02_gpfa_reliability/reliability_summary.csv,docs/supplementary/protocols/GPFA_PROTOCOL_LOCKED.md,One-session repeat-averaged GPFA trajectories,not_supported,Total traveled distance does not establish correct timing or local direction. The other trajectory metrics must be assessed separately.
S1_REPEAT_AVERAGING,Study 1: Dynamic Sensorium,Can repeat-average reliability be assigned to single trials?,Single-repeat trajectory agreement is lower than the primary repeat-average agreement across the listed position and derivative metrics.,docs/supplementary/validation/GPFA_DIAGNOSTICS.md,docs/supplementary/protocols/GPFA_PROTOCOL_LOCKED.md,One-session oracle repeats; diagnostic comparison of repeat counts,descriptive_observation,Reliability of averages does not establish equally reliable single-trial trajectories or reconstruction of the full neural response.
S1_CONDITIONED_PRIOR,Study 1: Dynamic Sensorium,Do behavior-conditioned temporal priors improve calibration likelihood?,The tested behavior-conditioned timescales provide no held-out likelihood improvement over the shared temporal prior.,results/tables/02_gpfa_reliability/behavior_conditioned_prior.json,docs/supplementary/protocols/GPFA_PROTOCOL_LOCKED.md,Training-tier behavior strata and neural fit/calibration trials,not_supported,This result concerns the tested strata and prior family; it does not show that behavior is absent from neural activity.
S1_OFFLINE_SUPPORT,Study 1: Dynamic Sensorium,Does freezing GPFA eliminate future observations from a current state?,"The frozen Sensorium GPFA uses full-window posterior smoothing, so later observations can affect an earlier inferred state.",docs/GPFA_VALIDATION.md,docs/METHODS.md,Published Sensorium responses and offline GPFA posterior,descriptive_observation,Training/oracle separation controls parameter fitting and selection. It does not make inference causal; queried derivatives are not independent neural observations at the query rate.
S1_RESPONSE_GAIN,Study 1: Dynamic Sensorium,Does the reduced Dynamic model improve response correlation?,The Total-parameter-matched Dynamic model has higher oracle response correlation than Static in all five sessions.,results/tables/04_model_comparison/q1_q6_answers.json,results/tables/04_model_comparison/protocol_lock.json,Five sessions; single-trial neuron-response scores and paired session summaries,supported_within_scope,One training seed; approximately matched total counts with different cores. Oracle evaluation is distinct from the hidden benchmark and does not isolate temporal history.
S1_TRAJECTORY_DIFFERENCES,Study 1: Dynamic Sensorium,Which trajectory properties distinguish the models?,"Dynamic has stronger agreement in position, normalized position error, velocity direction, and acceleration direction. The speed-profile difference remains inconclusive.",results/tables/04_model_comparison/gpfa_model_paired_bootstrap.csv,results/tables/04_model_comparison/protocol_lock.json,One session; six movie-condition averages in a shared frozen GPFA space,supported_within_scope,Condition bootstrap describes the pilot. Static also contains trajectory structure; the result does not establish a uniform advantage across metrics or a unique computation.
S1_RESPONSE_MATCHING,Study 1: Dynamic Sensorium,Can trajectory differences remain after scalar response matching?,Position and local-direction differences remain on repeat halves held out from selection of the response-score-matching perturbation.,results/tables/04_model_comparison/q4_response_score_matched_output_gpfa_bootstrap.csv,results/tables/04_model_comparison/protocol_lock.json,One-session non-overlapping selection and test repeat halves,supported_within_scope,This is a fixed-output sensitivity test. Response scores are approximately matched without an equivalence test; speed remains inconclusive and other conventional scores need not match.
S1_REVERSAL,Study 1: Dynamic Sensorium,Which tested summaries retain temporal order?,Time reversal preserves time-averaged condition-pattern RSA/CKA while reducing trajectory agreement.,results/tables/04_model_comparison/q1_q6_answers.json,docs/METHODS.md,One-session aligned model predictions and neural movie averages,supported_within_scope,The counterexample applies to these condition-pattern formulations. It does not establish a limitation of every time-aware RSA/CKA formulation or information independence.
S1_TEMPORAL_ATTENUATION,Study 1: Dynamic Sensorium,Do metrics respond to graded temporal-weight attenuation?,Four trajectory-similarity metrics decrease monotonically along the saved attenuation curve; normalized RMSE has a non-monotonic final step.,results/tables/04_model_comparison/q5_temporal_ablation_monotonicity.csv,docs/METHODS.md,One-session predictions under fixed off-center temporal-weight retention levels,supported_within_scope,Generic model damage remains an alternative explanation because a magnitude-matched non-temporal intervention was not run.
S1_REGRESSION_LIMIT,Study 1: Dynamic Sensorium,What does the enriched conventional battery explain?,The fitted ridge model predicts substantial but incomplete trajectory-score variation across held-out perturbation families.,results/tables/04_model_comparison/q1_q6_answers.json,docs/METHODS.md,Selection/test repeat halves and controlled prediction-perturbation families,descriptive_observation,"Residuals can reflect predictor capacity, finite samples, and distribution changes. They do not prove general information insufficiency or statistical independence."
S2_DATA_SCOPE,Study 2: Mental-Pong,What observations support the final comparisons?,The final condition-mean analysis retains the original condition identities and splits; condition 59920 lacks a usable collision anchor and contributes no valid label rows.,experiments/05_mental_pong/trajectory_project/condition_endpoint_fa_gpfa_v1/results/condition_label_coverage.csv,experiments/05_mental_pong/trajectory_project/condition_endpoint_fa_gpfa_v1/configs/analysis_protocol.json,Separate Mahler and Perle condition-mean DMFC pseudopopulations; half1,descriptive_observation,"Each animal has 78 valid conditions and 3369 condition-by-time rows. Behavioral record counts are not independent neural trials, and the original mean membership is unknown."
S2_OWN_TARGET,Study 2: Mental-Pong,Is the candidate path easier to reconstruct over the full epoch?,A full-epoch candidate-path advantage is not supported: all four animal-by-representation comparisons favor the objective target on own-target y correlation and RMSE.,experiments/05_mental_pong/trajectory_project/closeout_v1/results/A/self_reconstruction_main_table.csv,experiments/05_mental_pong/trajectory_project/condition_endpoint_fa_gpfa_v1/configs/analysis_protocol.json,Held-out condition-by-time rows; FA50 and GPFA50; separate animals,not_supported,"OO and BB evaluate different targets. Repeated condition splits describe stability, not independent neural experiments; this result is not evidence of a unique neural preference."
S2_PHASE_DIFFERENCES,Study 2: Mental-Pong,Is the own-target pattern uniform across phases?,No-collision segments have lower candidate RMSE and lower candidate correlation; post-collision segments favor the objective target on own-target RMSE.,experiments/05_mental_pong/trajectory_project/closeout_v1/results/A/self_reconstruction_main_table.csv,experiments/05_mental_pong/trajectory_project/condition_endpoint_fa_gpfa_v1/configs/analysis_protocol.json,Fixed phase masks on the same held-out condition-by-time rows,descriptive_observation,Correlation and error measure different properties. Full-epoch averages must not replace the phase-specific results.
S2_CROSS_SCORING,Study 2: Mental-Pong,Does training the candidate readout improve prediction of the same target?,"For full-epoch scores, the objective-trained readout outperforms the candidate-trained readout against each shared y target in all four groups.",experiments/05_mental_pong/trajectory_project/closeout_v1/results/A/cross_2x2_summary.csv,experiments/05_mental_pong/trajectory_project/condition_endpoint_fa_gpfa_v1/configs/analysis_protocol.json,Fixed-input OLS readouts; pure held-out rows; all four readout-target combinations,not_supported,OO versus BO and OB versus BB hold the reference target fixed. This differs from OO versus BB own-target comparison and introduces no randomized null.
S2_B_CORRESPONDENCE,Study 2: Mental-Pong,Does fixed-readout reconstruction depend on condition correspondence?,Correct correspondence has higher correlation and lower RMSE than fixed-readout condition mismatch in the full and hidden own-target comparisons.,experiments/05_mental_pong/trajectory_project/closeout_v1/results/B/B_summary.csv,experiments/05_mental_pong/trajectory_project/closeout_v1/configs/b_fixed_head_protocol.json,Within-split valid test-condition permutations; matched timestamp and phase intersections,supported_within_scope,Matched scores are recomputed on each null support. The control disrupts physical and behavioral correspondence together; it cannot establish behavior-specific coding.
S2_B_SUPPORT,Study 2: Mental-Pong,How much support remains under condition mismatch?,"Post-collision overlap averages about 17.6% of the original phase bins. Empty intersections are retained as missing scores, and each randomization averages its finite split scores.",experiments/05_mental_pong/trajectory_project/closeout_v1/results/B/B_coverage_summary.csv,experiments/05_mental_pong/trajectory_project/closeout_v1/configs/b_fixed_head_protocol.json,Per-animal randomization-by-split shared support and coverage summaries,descriptive_observation,"Support varies by stage and mapping. Tail fractions are empirical reference proportions, not exact fixed-support permutation p-values; randomizations are not new neural trials."
S2_C_REAL_ENDPOINTS,Study 2: Mental-Pong,Are actual candidate targets more recoverable than randomized endpoint targets?,"The actual candidate exceeds the random-endpoint reference on correlation and RMSE in the full, hidden, and endpoint-influence evaluations.",experiments/05_mental_pong/trajectory_project/closeout_v1/results/C/random_endpoint_summary.csv,experiments/05_mental_pong/trajectory_project/closeout_v1/configs/c_endpoint_protocol.json,Condition-mean targets; refitted OLS for each fixed endpoint allocation and original split,supported_within_scope,Randomizations preserve endpoint marginals and condition geometry. Empirical tail proportions do not establish neural causality or a full-epoch advantage over the objective path.
S2_C_SHARED_GEOMETRY,Study 2: Mental-Pong,Should random-endpoint correlation be zero?,"Random-endpoint candidates preserve shared starting, collision, horizontal-position, and time structure; their own-target reconstruction correlation remains positive.",experiments/05_mental_pong/trajectory_project/closeout_v1/results/C/random_endpoint_summary.csv,experiments/05_mental_pong/trajectory_project/closeout_v1/configs/c_endpoint_protocol.json,Own-target scoring of condition-mean randomized paths,descriptive_observation,Equal endpoint distributions do not ensure equal path distributions or reconstruction difficulty. Positive null correlation alone is not a control failure.
S2_C_POST_COLLISION,Study 2: Mental-Pong,Does the random-endpoint comparison hold after collisions?,"Post-collision correlation favors the actual candidate, while post-collision RMSE does not show a consistent advantage over the random-endpoint reference.",experiments/05_mental_pong/trajectory_project/closeout_v1/results/C/random_endpoint_summary.csv,experiments/05_mental_pong/trajectory_project/closeout_v1/configs/c_endpoint_protocol.json,Fixed post-collision evaluation masks and separately refitted random-target readouts,descriptive_observation,Retain the metric-specific exceptions. The main full/hidden result does not justify a uniform advantage at every phase.
S2_GEOMETRY_BASELINE_FULL,Study 2: Mental-Pong,Do full-epoch neural readouts exceed the mean-endpoint geometry baseline?,All four full-epoch animal-by-representation groups have negative neural skill relative to the mean-endpoint geometry baseline.,experiments/05_mental_pong/trajectory_project/closeout_v1/results/C/random_endpoint_summary.csv,experiments/05_mental_pong/trajectory_project/closeout_v1/configs/c_endpoint_protocol.json,Held-out y errors; training-set mean endpoint plus each test condition geometry,not_supported,The baseline uses known task geometry and is not a purely neural prediction. Skill is one minus neural SSE divided by baseline SSE; zero denominators remain missing.
S2_GEOMETRY_BASELINE_PHASE,Study 2: Mental-Pong,Are geometry-baseline skill values negative in every phase?,"Some Perle phase-specific skill values are slightly positive, including the GPFA candidate hidden score and FA/GPFA candidate no-collision scores.",experiments/05_mental_pong/trajectory_project/closeout_v1/results/C/random_endpoint_summary.csv,experiments/05_mental_pong/trajectory_project/closeout_v1/configs/c_endpoint_protocol.json,Fixed hidden and no-collision y evaluation masks; separate animals,descriptive_observation,These small phase-specific improvements do not overturn the negative full-epoch skills or establish general superiority to known geometry.
S2_BEHAVIORAL_CANCELLATION,Study 2: Mental-Pong,What averaging effect is directly observed?,"Opposite endpoint errors partly cancel in behavioral condition means, reducing mean endpoint error and candidate-to-objective path separation.",experiments/05_mental_pong/trajectory_project/closeout_v1/results/descriptive/mean_cancellation_summary.json,experiments/05_mental_pong/trajectory_project/closeout_v1/configs/closeout_protocol.json,Actual behavioral records grouped by physical condition; conditions weighted equally,descriptive_observation,Numerical signs are not validated psychological error classes. Path separation and readout RMSE use different aggregation; their magnitude comparison is not a power calculation. The earlier trial-label version also changed condition weighting.
S2_NEURAL_GROUP_MEMBERSHIP,Study 2: Mental-Pong,Do opposite choices within a condition have different neural representations?,The available condition-mean neural inputs cannot test behavior-group neural differences or quantify neural information lost by averaging.,experiments/05_mental_pong/trajectory_project/closeout_v1/results/descriptive/mean_cancellation_summary.json,experiments/05_mental_pong/trajectory_project/closeout_v1/configs/closeout_protocol.json,Released condition-mean DMFC responses with unknown original trial membership,not_tested,Observed behavioral cancellation cannot be assigned to neural information loss. Real paired trial identities and group-specific neural records would be required.
S2_RAW_CAUSAL_LIMIT,Study 2: Mental-Pong,Is strict raw-input causal interpretation supported?,"The scientific status retains raw_preprocessing=fail: published-input filtering and fit-source checks pass, but upstream filling across conditions and times remains unresolved.",experiments/05_mental_pong/trajectory_project/closeout_v1/FINAL_REPORT.md,experiments/05_mental_pong/trajectory_project/closeout_v1/configs/closeout_protocol.json,Published condition-mean inputs and per-split representation provenance,not_supported,The current controls do not remove upstream dependencies. Strict pre-feedback timing of the final paddle scalar is also unverified; scientific status remains CLOSED_EXPLORATORY_WITH_LIMITATIONS.
FUTURE_GROUP_TEMPORAL_TEST,Joint future design,What would distinguish behavior groups and competing temporal explanations?,"Recover paired trial records, define within-condition behavior groups, establish reliable group differences, and then compare current-state, history-summary, and ordered-trajectory readouts.",docs/FUTURE_DIRECTIONS.md,docs/FUTURE_DIRECTIONS.md,Proposed paired observations and group-average tests; no new experiment completed,not_tested,"This document is a future design, not scientific evidence. Comparisons require matched support and readout capacity; the studies retain separate configurations, validation, scores, and noise ceilings."
