animal,representation,data_mode,causal_status,epoch,coordinate,condition_id,n_test_splits,r_obj,r_obj_sd,r_obj_n_finite,r_beh,r_beh_sd,r_beh_n_finite,RMSE_obj,RMSE_obj_sd,RMSE_obj_n_finite,RMSE_beh,RMSE_beh_sd,RMSE_beh_n_finite,Delta_r,Delta_r_sd,Delta_r_n_finite,Delta_RMSE,Delta_RMSE_sd,Delta_RMSE_n_finite,bias_obj,bias_obj_sd,bias_obj_n_finite,bias_beh,bias_beh_sd,bias_beh_n_finite,amplitude_ratio_obj,amplitude_ratio_obj_sd,amplitude_ratio_obj_n_finite,amplitude_ratio_beh,amplitude_ratio_beh_sd,amplitude_ratio_beh_n_finite,selection_status
mahler,FA50,condition_mean_neural_and_behavior,published_input_causal_train_only;raw_preprocessing_fail,bounce,y,55062,48,0.6039967238452802,0.0658921389529893,48,0.5242546724166482,0.0816556804524338,48,4.790144909561168,0.7949702382081894,48,4.530474329774898,0.8086697144367518,48,-0.0797420514286319,0.0325699969396376,48,0.2596705797862703,0.1160550382559614,48,4.227795589267207,0.8819020282904858,48,3.840952325492291,0.916052895557229,48,1.895043676717731,0.1810945871132675,48,1.7056156885570335,0.1725083428150254,48,post hoc after aggregate result inspection; not confirmatory
mahler,FA50,condition_mean_neural_and_behavior,published_input_causal_train_only;raw_preprocessing_fail,bounce,y,241919,43,0.3174519262906003,0.1170594523309388,43,0.3818083451103516,0.1299118548171723,43,5.063226904035117,0.8812296524008941,43,5.3524484398341645,0.9629858642449192,43,0.0643564188197512,0.0265472109832287,43,-0.2892215357990485,0.1623458313034358,43,4.309696755375337,1.0225975206847937,43,4.709142232888146,1.0866774396978969,43,1.173599441462146,0.1528292631442707,43,1.1360810594051465,0.1550020974828787,43,post hoc after aggregate result inspection; not confirmatory
mahler,FA50,condition_mean_neural_and_behavior,published_input_causal_train_only;raw_preprocessing_fail,full,y,55062,48,0.6039967238452802,0.0658921389529893,48,0.5242546724166482,0.0816556804524338,48,4.790144909561168,0.7949702382081894,48,4.530474329774898,0.8086697144367518,48,-0.0797420514286319,0.0325699969396376,48,0.2596705797862703,0.1160550382559614,48,4.227795589267207,0.8819020282904858,48,3.840952325492291,0.916052895557229,48,1.895043676717731,0.1810945871132675,48,1.7056156885570335,0.1725083428150254,48,post hoc after aggregate result inspection; not confirmatory
mahler,FA50,condition_mean_neural_and_behavior,published_input_causal_train_only;raw_preprocessing_fail,full,y,241919,43,0.3174519262906003,0.1170594523309388,43,0.3818083451103516,0.1299118548171723,43,5.063226904035117,0.8812296524008941,43,5.3524484398341645,0.9629858642449192,43,0.0643564188197512,0.0265472109832287,43,-0.2892215357990485,0.1623458313034358,43,4.309696755375337,1.0225975206847937,43,4.709142232888146,1.0866774396978969,43,1.173599441462146,0.1528292631442707,43,1.1360810594051465,0.1550020974828787,43,post hoc after aggregate result inspection; not confirmatory
mahler,FA50,condition_mean_neural_and_behavior,published_input_causal_train_only;raw_preprocessing_fail,hidden,y,55062,48,0.7729941900980997,0.0688568650524884,48,0.7609561572412438,0.0711473502611879,48,3.4880569464084936,0.8916560569884135,48,2.6758163661824157,0.8040081932532482,48,-0.0120380328568558,0.0167573859725465,48,0.8122405802260781,0.2022512422899926,48,2.9891469130144546,1.0257566279302115,48,2.02283687453493,1.051663658743393,48,2.7997014314626583,0.3965625733066067,48,2.2227084227951144,0.3230433559304942,48,post hoc after aggregate result inspection; not confirmatory
mahler,FA50,condition_mean_neural_and_behavior,published_input_causal_train_only;raw_preprocessing_fail,hidden,y,241919,43,0.0722822055526293,0.1595463622749466,43,0.0274832918183689,0.1572375567018974,43,4.51658206961765,1.0192431745963113,43,5.104496660519373,1.1688145163668575,43,-0.0447989137342603,0.0432582054476425,43,-0.587914590901722,0.2381780558759974,43,3.665086917207234,1.2361173719214722,43,4.480652283972613,1.3335151451399283,43,1.603485649565774,0.1877431279869251,43,2.2484959696004374,0.2744813230100862,43,post hoc after aggregate result inspection; not confirmatory
mahler,FA50,condition_mean_neural_and_behavior,published_input_causal_train_only;raw_preprocessing_fail,no_bounce,y,55062,48,,,0,,,0,,,0,,,0,,,0,,,0,,,0,,,0,,,0,,,0,post hoc after aggregate result inspection; not confirmatory
mahler,FA50,condition_mean_neural_and_behavior,published_input_causal_train_only;raw_preprocessing_fail,no_bounce,y,241919,43,,,0,,,0,,,0,,,0,,,0,,,0,,,0,,,0,,,0,,,0,post hoc after aggregate result inspection; not confirmatory
mahler,FA50,condition_mean_neural_and_behavior,published_input_causal_train_only;raw_preprocessing_fail,post_bounce,y,55062,48,0.594143735386189,0.1175858290504762,48,0.5825578371397863,0.1212527562228542,48,3.782650906580964,0.8317042541892237,48,3.2344221158657454,0.769884854214781,48,-0.0115858982464025,0.0271352624623455,48,0.548228790715219,0.1564209672852096,48,3.3175255024487798,0.9666125874575828,48,2.621079572414216,0.9725460841920776,48,1.5728290487838767,0.2209408451648693,48,1.2511074119592225,0.1848056555444502,48,post hoc after aggregate result inspection; not confirmatory
mahler,FA50,condition_mean_neural_and_behavior,published_input_causal_train_only;raw_preprocessing_fail,post_bounce,y,241919,43,0.0722822055526293,0.1595463622749466,43,0.0274832918183689,0.1572375567018974,43,4.51658206961765,1.0192431745963113,43,5.104496660519373,1.1688145163668575,43,-0.0447989137342603,0.0432582054476425,43,-0.587914590901722,0.2381780558759974,43,3.665086917207234,1.2361173719214722,43,4.480652283972613,1.3335151451399283,43,1.603485649565774,0.1877431279869251,43,2.2484959696004374,0.2744813230100862,43,post hoc after aggregate result inspection; not confirmatory
mahler,FA50,condition_mean_neural_and_behavior,published_input_causal_train_only;raw_preprocessing_fail,visible,y,55062,48,0.6920974935342454,0.0640972689204089,48,0.6916790675852931,0.0629203418295995,48,5.257224227357932,0.8519624727883508,48,5.123081427650016,0.8879277632478993,48,-0.000418425948952,0.0114728011616429,48,0.1341427997079172,0.109143391080754,48,4.797667425867751,0.9158718033595792,48,4.641557203971409,0.9548531270080474,48,1.8594985074213912,0.1796909298268559,48,1.9036326406802428,0.193996825855681,48,post hoc after aggregate result inspection; not confirmatory
mahler,FA50,condition_mean_neural_and_behavior,published_input_causal_train_only;raw_preprocessing_fail,visible,y,241919,43,0.2601500488091445,0.181935266895344,43,0.2466319521769513,0.1900891264990236,43,5.286795921105947,0.8986210072157494,43,5.408564704710874,0.9302267785002936,43,-0.0135180966321931,0.0240412319035773,43,-0.1217687836049277,0.1254655872146237,43,4.63851626245581,1.020175584811116,43,4.772765905163731,1.046972478528691,43,0.9110167721903644,0.1045526611178359,43,0.8990718266542328,0.1056072941035689,43,post hoc after aggregate result inspection; not confirmatory
mahler,GPFA50,condition_mean_neural_and_behavior,published_input_causal_train_only;raw_preprocessing_fail,bounce,y,55062,48,0.6348898261406694,0.0713157420836416,48,0.5461569078382549,0.0871569703090651,48,4.561861421530506,0.9062642661543227,48,4.3175949811146,0.9118138788092292,48,-0.0887329183024144,0.0280566129320431,48,0.2442664404159062,0.1316950178172519,48,3.8666518637904295,1.0294828931517737,48,3.453007438251628,1.0749149560452922,48,2.058066280764689,0.2123780315177797,48,1.8592782467555211,0.194787753314527,48,post hoc after aggregate result inspection; not confirmatory
mahler,GPFA50,condition_mean_neural_and_behavior,published_input_causal_train_only;raw_preprocessing_fail,bounce,y,241919,43,0.4238060824241056,0.1286541730786965,43,0.4969790893530184,0.1359815741341482,43,4.539355342625473,1.0454265335064714,43,4.912480332049469,1.1013962932839338,43,0.0731730069289127,0.0293156954314012,43,-0.373124989423997,0.1963366790235338,43,3.8834934611402634,1.2356856750333407,43,4.383464789103167,1.2475042802232494,43,1.0428864162733549,0.2009013097015695,43,1.0206018346078694,0.2053384210393514,43,post hoc after aggregate result inspection; not confirmatory
mahler,GPFA50,condition_mean_neural_and_behavior,published_input_causal_train_only;raw_preprocessing_fail,full,y,55062,48,0.6348898261406694,0.0713157420836416,48,0.5461569078382549,0.0871569703090651,48,4.561861421530506,0.9062642661543227,48,4.3175949811146,0.9118138788092292,48,-0.0887329183024144,0.0280566129320431,48,0.2442664404159062,0.1316950178172519,48,3.8666518637904295,1.0294828931517737,48,3.453007438251628,1.0749149560452922,48,2.058066280764689,0.2123780315177797,48,1.8592782467555211,0.194787753314527,48,post hoc after aggregate result inspection; not confirmatory
mahler,GPFA50,condition_mean_neural_and_behavior,published_input_causal_train_only;raw_preprocessing_fail,full,y,241919,43,0.4238060824241056,0.1286541730786965,43,0.4969790893530184,0.1359815741341482,43,4.539355342625473,1.0454265335064714,43,4.912480332049469,1.1013962932839338,43,0.0731730069289127,0.0293156954314012,43,-0.373124989423997,0.1963366790235338,43,3.8834934611402634,1.2356856750333407,43,4.383464789103167,1.2475042802232494,43,1.0428864162733549,0.2009013097015695,43,1.0206018346078694,0.2053384210393514,43,post hoc after aggregate result inspection; not confirmatory
mahler,GPFA50,condition_mean_neural_and_behavior,published_input_causal_train_only;raw_preprocessing_fail,hidden,y,55062,48,0.8868097008089336,0.0528665035840144,48,0.8721526059151657,0.0598276194972171,48,2.9272110151411654,1.05566468368577,48,2.1665658047690317,0.927196334362625,48,-0.0146570948937677,0.0130376809483707,48,0.7606452103721345,0.3110290385228421,48,2.3250080550275345,1.1881949802440095,48,1.3338567847386802,1.22020786087454,48,2.8677447587540126,0.617641460168389,48,2.241613620832237,0.4909776734577044,48,post hoc after aggregate result inspection; not confirmatory
mahler,GPFA50,condition_mean_neural_and_behavior,published_input_causal_train_only;raw_preprocessing_fail,hidden,y,241919,43,0.2486491417684901,0.3096515844418881,43,0.171997759827207,0.3151927800389429,43,3.369402477677822,1.1982128770521747,43,4.038627201783649,1.3648407503272992,43,-0.076651381941283,0.0754031901142135,43,-0.6692247241058285,0.3355850041005834,43,2.7712176244249207,1.4435384761628245,43,3.6625954561248384,1.5159322112890568,43,1.0322973411245593,0.2027625404064098,43,1.4359118380627072,0.2804814480480769,43,post hoc after aggregate result inspection; not confirmatory
mahler,GPFA50,condition_mean_neural_and_behavior,published_input_causal_train_only;raw_preprocessing_fail,no_bounce,y,55062,48,,,0,,,0,,,0,,,0,,,0,,,0,,,0,,,0,,,0,,,0,post hoc after aggregate result inspection; not confirmatory
mahler,GPFA50,condition_mean_neural_and_behavior,published_input_causal_train_only;raw_preprocessing_fail,no_bounce,y,241919,43,,,0,,,0,,,0,,,0,,,0,,,0,,,0,,,0,,,0,,,0,post hoc after aggregate result inspection; not confirmatory
mahler,GPFA50,condition_mean_neural_and_behavior,published_input_causal_train_only;raw_preprocessing_fail,post_bounce,y,55062,48,0.6515840536522931,0.1301886058833456,48,0.6378598867359676,0.1320386796274006,48,3.2521295236615213,0.9877393144790768,48,2.7210935838828973,0.915731301819484,48,-0.0137241669163255,0.0305777376737596,48,0.5310359397786241,0.1954765879224386,48,2.746968556970782,1.1296128340546936,48,2.0251949235386375,1.1530979545713682,48,1.5518881308747432,0.3037328068138828,48,1.2244871796750687,0.2417067634992917,48,post hoc after aggregate result inspection; not confirmatory
mahler,GPFA50,condition_mean_neural_and_behavior,published_input_causal_train_only;raw_preprocessing_fail,post_bounce,y,241919,43,0.2486491417684901,0.3096515844418881,43,0.171997759827207,0.3151927800389429,43,3.369402477677822,1.1982128770521747,43,4.038627201783649,1.3648407503272992,43,-0.076651381941283,0.0754031901142135,43,-0.6692247241058285,0.3355850041005834,43,2.7712176244249207,1.4435384761628245,43,3.6625954561248384,1.5159322112890568,43,1.0322973411245593,0.2027625404064098,43,1.4359118380627072,0.2804814480480769,43,post hoc after aggregate result inspection; not confirmatory
mahler,GPFA50,condition_mean_neural_and_behavior,published_input_causal_train_only;raw_preprocessing_fail,visible,y,55062,48,0.7402809189517404,0.0580406518256924,48,0.7439502434219029,0.0586705201135081,48,5.089559841701688,0.9618391777900476,48,4.945686398661504,0.9964514396934688,48,0.0036693244701625,0.0111430629358423,48,0.1438734430401828,0.125201822355503,48,4.52813586521352,1.0600087750364595,48,4.346965228288968,1.1032311619858706,48,2.0478693295666424,0.2232615914105926,48,2.1092677278609435,0.2359626270286722,48,post hoc after aggregate result inspection; not confirmatory
mahler,GPFA50,condition_mean_neural_and_behavior,published_input_causal_train_only;raw_preprocessing_fail,visible,y,241919,43,0.3051509969533799,0.2857782531098239,43,0.2538364896420257,0.3111518024800475,43,5.037587855737823,1.0918810328649438,43,5.277806406874586,1.0823943667076743,43,-0.0513145073113543,0.052639805059418,43,-0.2402185511367623,0.1639130317540704,43,4.513409152883926,1.2406855874679048,43,4.759614607525664,1.211436313031645,43,0.663233396417088,0.1157585929370319,43,0.6430726034151047,0.1107005163303527,43,post hoc after aggregate result inspection; not confirmatory
perle,FA50,condition_mean_neural_and_behavior,published_input_causal_train_only;raw_preprocessing_fail,bounce,y,55062,48,0.4929723263184286,0.1151699937546031,48,0.5307790775031213,0.0979447187811857,48,5.239628312701427,1.0147100591969758,48,4.972241564864642,1.0263662064730386,48,0.0378067511846925,0.0526172360858908,48,0.2673867478367854,0.0950918427060527,48,5.0008865648582175,1.0539204326614988,48,4.70231338153794,1.0710425202631135,48,1.0973855129612389,0.1335011171822175,48,0.938235817309097,0.1150531777359169,48,post hoc after aggregate result inspection; not confirmatory
perle,FA50,condition_mean_neural_and_behavior,published_input_causal_train_only;raw_preprocessing_fail,bounce,y,241919,43,0.5872747149373854,0.1445981919598879,43,0.5869155732473746,0.1413188938593388,43,4.509418406209157,1.0630735573515022,43,4.597660529509618,1.1044877336987462,43,-0.0003591416900105,0.0208761780690933,43,-0.0882421233004617,0.0957755462219207,43,4.186808362529264,1.086329378633554,43,4.281059340728481,1.1306424573844942,43,0.7323820874153301,0.1128227063962482,43,0.7257704102839146,0.1120590499319988,43,post hoc after aggregate result inspection; not confirmatory
perle,FA50,condition_mean_neural_and_behavior,published_input_causal_train_only;raw_preprocessing_fail,full,y,55062,48,0.4929723263184286,0.1151699937546031,48,0.5307790775031213,0.0979447187811857,48,5.239628312701427,1.0147100591969758,48,4.972241564864642,1.0263662064730386,48,0.0378067511846925,0.0526172360858908,48,0.2673867478367854,0.0950918427060527,48,5.0008865648582175,1.0539204326614988,48,4.70231338153794,1.0710425202631135,48,1.0973855129612389,0.1335011171822175,48,0.938235817309097,0.1150531777359169,48,post hoc after aggregate result inspection; not confirmatory
perle,FA50,condition_mean_neural_and_behavior,published_input_causal_train_only;raw_preprocessing_fail,full,y,241919,43,0.5872747149373854,0.1445981919598879,43,0.5869155732473746,0.1413188938593388,43,4.509418406209157,1.0630735573515022,43,4.597660529509618,1.1044877336987462,43,-0.0003591416900105,0.0208761780690933,43,-0.0882421233004617,0.0957755462219207,43,4.186808362529264,1.086329378633554,43,4.281059340728481,1.1306424573844942,43,0.7323820874153301,0.1128227063962482,43,0.7257704102839146,0.1120590499319988,43,post hoc after aggregate result inspection; not confirmatory
perle,FA50,condition_mean_neural_and_behavior,published_input_causal_train_only;raw_preprocessing_fail,hidden,y,55062,48,0.6268113579974219,0.116926661309444,48,0.6344818315635553,0.1186836167899312,48,5.245462230089301,0.961703023888458,48,4.2319808086652655,0.9858689744837817,48,0.0076704735661333,0.0224343377404449,48,1.0134814214240355,0.1660290247637033,48,5.136278092614778,0.9741320586037407,48,4.083986549284873,1.0144150991689196,48,1.66420030138064,0.2980173478521452,48,1.2774759172866603,0.2229566326684855,48,post hoc after aggregate result inspection; not confirmatory
perle,FA50,condition_mean_neural_and_behavior,published_input_causal_train_only;raw_preprocessing_fail,hidden,y,241919,43,0.7408124695288725,0.1064050005145421,43,0.7363006120999486,0.1094444049765806,43,4.785347297619752,1.2100975270609486,43,4.786522802931638,1.24654109538988,43,-0.0045118574289239,0.0202371400601442,43,-0.0011755053118861,0.1436069236791895,43,4.642010291515211,1.2446328718848547,43,4.64075027882198,1.2858508273363545,43,1.1691275169262894,0.2229842501094671,43,1.1014896550843498,0.2119973566425411,43,post hoc after aggregate result inspection; not confirmatory
perle,FA50,condition_mean_neural_and_behavior,published_input_causal_train_only;raw_preprocessing_fail,no_bounce,y,55062,48,,,0,,,0,,,0,,,0,,,0,,,0,,,0,,,0,,,0,,,0,post hoc after aggregate result inspection; not confirmatory
perle,FA50,condition_mean_neural_and_behavior,published_input_causal_train_only;raw_preprocessing_fail,no_bounce,y,241919,43,,,0,,,0,,,0,,,0,,,0,,,0,,,0,,,0,,,0,,,0,post hoc after aggregate result inspection; not confirmatory
perle,FA50,condition_mean_neural_and_behavior,published_input_causal_train_only;raw_preprocessing_fail,post_bounce,y,55062,48,0.7514345762476025,0.0667696075512364,48,0.7539847979465617,0.0671359112941959,48,5.229053137033846,1.041346446968038,48,4.5560850689452,1.0709980057273405,48,0.0025502216989592,0.0127951447782166,48,0.6729680680886457,0.1392767499465575,48,5.09437091196401,1.0701053134287737,48,4.368186156737171,1.1108219945407851,48,1.258336516480541,0.15366127992559,48,0.9493007098101388,0.1142845406387427,48,post hoc after aggregate result inspection; not confirmatory
perle,FA50,condition_mean_neural_and_behavior,published_input_causal_train_only;raw_preprocessing_fail,post_bounce,y,241919,43,0.7408124695288725,0.1064050005145421,43,0.7363006120999486,0.1094444049765806,43,4.785347297619752,1.2100975270609486,43,4.786522802931638,1.24654109538988,43,-0.0045118574289239,0.0202371400601442,43,-0.0011755053118861,0.1436069236791895,43,4.642010291515211,1.2446328718848547,43,4.64075027882198,1.2858508273363545,43,1.1691275169262894,0.2229842501094671,43,1.1014896550843498,0.2119973566425411,43,post hoc after aggregate result inspection; not confirmatory
perle,FA50,condition_mean_neural_and_behavior,published_input_causal_train_only;raw_preprocessing_fail,visible,y,55062,48,0.3818796452634024,0.166864404162416,48,0.3604975683682702,0.1569504938984729,48,5.234254487490822,1.0616346181290968,48,5.247510318732183,1.065963264163082,48,-0.0213820768951321,0.0286599915270221,48,-0.013255831241361,0.079647464682339,48,4.943301485311356,1.1147937476258407,48,4.958293505581717,1.1214311881201586,48,0.984637365843878,0.1530980149157597,48,0.9993510402427318,0.1557754951687842,48,post hoc after aggregate result inspection; not confirmatory
perle,FA50,condition_mean_neural_and_behavior,published_input_causal_train_only;raw_preprocessing_fail,visible,y,241919,43,0.5491967534425445,0.207375016568221,43,0.5391892977284211,0.2061488637664769,43,4.179780384898192,0.9962316146175096,43,4.324877062082988,1.0329171350928843,43,-0.0100074557141234,0.0202119399315593,43,-0.1450966771847986,0.0830259868571607,43,3.7802846273331543,1.0162471924350178,43,3.9319587287505446,1.0553475857545656,43,0.619561444319123,0.1129036938582796,43,0.6180305211225796,0.1098716890527384,43,post hoc after aggregate result inspection; not confirmatory
perle,GPFA50,condition_mean_neural_and_behavior,published_input_causal_train_only;raw_preprocessing_fail,bounce,y,55062,48,0.5816293721298762,0.121162846057557,48,0.6117316055087967,0.0990061835529105,48,5.128939610167618,1.045388610336904,48,4.858591075888761,1.0577648895429153,48,0.0301022333789206,0.0611539761524056,48,0.2703485342788576,0.1048970870074818,48,4.940342961506065,1.079903286082772,48,4.638862109412074,1.1000462950937566,48,1.0324432591168178,0.1549454818392857,48,0.8774061709695198,0.1347810856432716,48,post hoc after aggregate result inspection; not confirmatory
perle,GPFA50,condition_mean_neural_and_behavior,published_input_causal_train_only;raw_preprocessing_fail,bounce,y,241919,43,0.6729370840665808,0.1445923438114612,43,0.6693072798981436,0.142905093547027,43,4.405079281983476,1.1106780997005044,43,4.5034152118124124,1.1535940519894303,43,-0.003629804168437,0.0258077097326771,43,-0.0983359298289352,0.1003839231293124,43,4.141020342912064,1.1205710588646125,43,4.242394141584596,1.1661750358621634,43,0.6676532104709327,0.1357088268667644,43,0.6578427562434207,0.1336735067636932,43,post hoc after aggregate result inspection; not confirmatory
perle,GPFA50,condition_mean_neural_and_behavior,published_input_causal_train_only;raw_preprocessing_fail,full,y,55062,48,0.5816293721298762,0.121162846057557,48,0.6117316055087967,0.0990061835529105,48,5.128939610167618,1.045388610336904,48,4.858591075888761,1.0577648895429153,48,0.0301022333789206,0.0611539761524056,48,0.2703485342788576,0.1048970870074818,48,4.940342961506065,1.079903286082772,48,4.638862109412074,1.1000462950937566,48,1.0324432591168178,0.1549454818392857,48,0.8774061709695198,0.1347810856432716,48,post hoc after aggregate result inspection; not confirmatory
perle,GPFA50,condition_mean_neural_and_behavior,published_input_causal_train_only;raw_preprocessing_fail,full,y,241919,43,0.6729370840665808,0.1445923438114612,43,0.6693072798981436,0.142905093547027,43,4.405079281983476,1.1106780997005044,43,4.5034152118124124,1.1535940519894303,43,-0.003629804168437,0.0258077097326771,43,-0.0983359298289352,0.1003839231293124,43,4.141020342912064,1.1205710588646125,43,4.242394141584596,1.1661750358621634,43,0.6676532104709327,0.1357088268667644,43,0.6578427562434207,0.1336735067636932,43,post hoc after aggregate result inspection; not confirmatory
perle,GPFA50,condition_mean_neural_and_behavior,published_input_causal_train_only;raw_preprocessing_fail,hidden,y,55062,48,0.8454629712386555,0.0769167033003758,48,0.8543025562506599,0.0715008819421552,48,5.120092452427765,1.0069490685283815,48,4.063293050438742,1.0445763241467745,48,0.0088395850120043,0.0204344218973128,48,1.056799401989024,0.1830187270125067,48,5.075204199796338,1.0192477156790447,48,4.006797113404176,1.06841572762755,48,1.412047900082996,0.3126821575158058,48,1.0845075454630315,0.2341952616209009,48,post hoc after aggregate result inspection; not confirmatory
perle,GPFA50,condition_mean_neural_and_behavior,published_input_causal_train_only;raw_preprocessing_fail,hidden,y,241919,43,0.8083148210582543,0.1005026123182358,43,0.7941640589622593,0.1089047756939935,43,4.715416619129633,1.241897101628965,43,4.738412087069928,1.287543396294654,43,-0.0141507620959948,0.0225547691868739,43,-0.0229954679402965,0.1591129806563289,43,4.6111547592940365,1.2686682401459195,43,4.627154041788294,1.31892120177904,43,1.0977460789340376,0.2543637569082222,43,1.0343411331208103,0.2414270832672192,43,post hoc after aggregate result inspection; not confirmatory
perle,GPFA50,condition_mean_neural_and_behavior,published_input_causal_train_only;raw_preprocessing_fail,no_bounce,y,55062,48,,,0,,,0,,,0,,,0,,,0,,,0,,,0,,,0,,,0,,,0,post hoc after aggregate result inspection; not confirmatory
perle,GPFA50,condition_mean_neural_and_behavior,published_input_causal_train_only;raw_preprocessing_fail,no_bounce,y,241919,43,,,0,,,0,,,0,,,0,,,0,,,0,,,0,,,0,,,0,,,0,post hoc after aggregate result inspection; not confirmatory
perle,GPFA50,condition_mean_neural_and_behavior,published_input_causal_train_only;raw_preprocessing_fail,post_bounce,y,55062,48,0.8029650832053624,0.0630115408119868,48,0.8032915374068379,0.0686186047033445,48,5.117626468270415,1.0878368472547644,48,4.446049416289918,1.1197620064710947,48,0.0003264542014754,0.0183263117245058,48,0.6715770519804968,0.1501714262181592,48,5.014361770615881,1.1200072625382815,48,4.29105889772013,1.165463319886209,48,1.1725308411543751,0.1867391036422278,48,0.8777162725650663,0.1387031412394689,48,post hoc after aggregate result inspection; not confirmatory
perle,GPFA50,condition_mean_neural_and_behavior,published_input_causal_train_only;raw_preprocessing_fail,post_bounce,y,241919,43,0.8083148210582543,0.1005026123182358,43,0.7941640589622593,0.1089047756939935,43,4.715416619129633,1.241897101628965,43,4.738412087069928,1.287543396294654,43,-0.0141507620959948,0.0225547691868739,43,-0.0229954679402965,0.1591129806563289,43,4.6111547592940365,1.2686682401459195,43,4.627154041788294,1.31892120177904,43,1.0977460789340376,0.2543637569082222,43,1.0343411331208103,0.2414270832672192,43,post hoc after aggregate result inspection; not confirmatory
perle,GPFA50,condition_mean_neural_and_behavior,published_input_causal_train_only;raw_preprocessing_fail,visible,y,55062,48,0.4636605319830753,0.1856314465004881,48,0.4399452532216609,0.1773314020058675,48,5.15530959015883,1.0863380136762204,48,5.1685718939987115,1.0923817929928004,48,-0.0237152787614144,0.0319407113096912,48,-0.0132623038398805,0.0917757681925239,48,4.91474131577924,1.1276059093933684,48,4.928336456536162,1.1358484923883656,48,0.9262986104866578,0.1837228260620697,48,0.9353921528619976,0.1877113967231076,48,post hoc after aggregate result inspection; not confirmatory
perle,GPFA50,condition_mean_neural_and_behavior,published_input_causal_train_only;raw_preprocessing_fail,visible,y,241919,43,0.6528871999549614,0.2247514366459474,43,0.639393763517715,0.2289875664733052,43,4.085664155261321,1.0483553591206167,43,4.236990626939771,1.0833873378301024,43,-0.0134934364372463,0.0241269272785281,43,-0.1513264716784514,0.0838908205083833,43,3.749615756481472,1.0535687135469571,43,3.9039752462023967,1.0914155681280833,43,0.5304171702418391,0.1310950227085561,43,0.5230503523752037,0.1270554583208005,43,post hoc after aggregate result inspection; not confirmatory
