animal,representation,data_mode,causal_status,epoch,coordinate,condition_id,head,target,n_rounds,r,r_sd,r_n_finite,RMSE,RMSE_sd,RMSE_n_finite,bias,bias_sd,bias_n_finite,target_sd,target_sd_sd,target_sd_n_finite,prediction_sd,prediction_sd_sd,prediction_sd_n_finite,amplitude_ratio,amplitude_ratio_sd,amplitude_ratio_n_finite,target_min,target_min_sd,target_min_n_finite,target_max,target_max_sd,target_max_n_finite
mahler,FA50,condition_mean_neural_and_behavior,published_input_causal_train_only;raw_preprocessing_fail,bounce,y,55062,D_beh,behavior,48,0.5242546724166482,0.0816556804524338,48,4.530474329774898,0.8086697144367518,48,3.840952325492291,0.916052895557229,48,1.61084714920401,0.0,48,2.7474861695497323,0.2778845722374918,48,1.7056156885570335,0.1725083428150254,48,-9.731016958911502,0.0,48,-4.073202900066352,0.0,48
mahler,FA50,condition_mean_neural_and_behavior,published_input_causal_train_only;raw_preprocessing_fail,bounce,y,55062,D_beh,objective,48,0.60398462047385,0.065326801590258,48,4.688764854203641,0.828528300838449,48,4.11281949553082,0.9160528955572292,48,1.4521471502251002,0.0,48,2.7474861695497323,0.2778845722374918,48,1.8920163628898343,0.1913611662526186,48,-9.748598131887618,1.7763568394002505e-15,48,-4.665194359846269,8.88178419700125e-16,48
mahler,FA50,condition_mean_neural_and_behavior,published_input_causal_train_only;raw_preprocessing_fail,bounce,y,55062,D_obj,behavior,48,0.5267959997367386,0.0814976891733454,48,4.625912143786088,0.7765796841001081,48,3.9559284192286785,0.8819020282904858,48,1.61084714920401,0.0,48,2.7518822746977487,0.2629759885977227,48,1.7083447526710245,0.163253222832266,48,-9.731016958911502,0.0,48,-4.073202900066352,0.0,48
mahler,FA50,condition_mean_neural_and_behavior,published_input_causal_train_only;raw_preprocessing_fail,bounce,y,55062,D_obj,objective,48,0.6039967238452802,0.0658921389529893,48,4.790144909561168,0.7949702382081894,48,4.227795589267207,0.8819020282904858,48,1.4521471502251002,0.0,48,2.7518822746977487,0.2629759885977227,48,1.895043676717731,0.1810945871132675,48,-9.748598131887618,1.7763568394002505e-15,48,-4.665194359846269,8.88178419700125e-16,48
mahler,FA50,condition_mean_neural_and_behavior,published_input_causal_train_only;raw_preprocessing_fail,bounce,y,241919,D_beh,behavior,43,0.3818083451103516,0.1299118548171723,43,5.3524484398341645,0.9629858642449192,43,4.709142232888146,1.0866774396978969,43,2.0935774641683618,4.440892098500625e-16,43,2.3784737034391323,0.3245088981889824,43,1.1360810594051465,0.1550020974828787,43,-9.779427405454,1.7763568394002505e-15,43,-2.3505971907267043,4.440892098500625e-16,43
mahler,FA50,condition_mean_neural_and_behavior,published_input_causal_train_only;raw_preprocessing_fail,bounce,y,241919,D_beh,objective,43,0.3054134681077215,0.1207750448812424,43,5.163226544865337,0.9303931474961536,43,4.414256077048372,1.0866774396978964,43,2.0409396347382764,0.0,43,2.3784737034391323,0.3245088981889824,43,1.1653817011320573,0.158999753185055,43,-9.779427405454,1.7763568394002505e-15,43,-2.3505971907267043,4.440892098500625e-16,43
mahler,FA50,condition_mean_neural_and_behavior,published_input_causal_train_only;raw_preprocessing_fail,bounce,y,241919,D_obj,behavior,43,0.3870812521834446,0.1284544095876454,43,5.257072673347768,0.9077971593478502,43,4.604582911215111,1.0225975206847937,43,2.0935774641683618,4.440892098500625e-16,43,2.395245615386798,0.3119153004989879,43,1.1440921849711776,0.1489867491590004,43,-9.779427405454,1.7763568394002505e-15,43,-2.3505971907267043,4.440892098500625e-16,43
mahler,FA50,condition_mean_neural_and_behavior,published_input_causal_train_only;raw_preprocessing_fail,bounce,y,241919,D_obj,objective,43,0.3174519262906003,0.1170594523309388,43,5.063226904035117,0.8812296524008941,43,4.309696755375337,1.0225975206847937,43,2.0409396347382764,0.0,43,2.395245615386798,0.3119153004989879,43,1.173599441462146,0.1528292631442707,43,-9.779427405454,1.7763568394002505e-15,43,-2.3505971907267043,4.440892098500625e-16,43
mahler,FA50,condition_mean_neural_and_behavior,published_input_causal_train_only;raw_preprocessing_fail,full,y,55062,D_beh,behavior,48,0.5242546724166482,0.0816556804524338,48,4.530474329774898,0.8086697144367518,48,3.840952325492291,0.916052895557229,48,1.61084714920401,0.0,48,2.7474861695497323,0.2778845722374918,48,1.7056156885570335,0.1725083428150254,48,-9.731016958911502,0.0,48,-4.073202900066352,0.0,48
mahler,FA50,condition_mean_neural_and_behavior,published_input_causal_train_only;raw_preprocessing_fail,full,y,55062,D_beh,objective,48,0.60398462047385,0.065326801590258,48,4.688764854203641,0.828528300838449,48,4.11281949553082,0.9160528955572292,48,1.4521471502251002,0.0,48,2.7474861695497323,0.2778845722374918,48,1.8920163628898343,0.1913611662526186,48,-9.748598131887618,1.7763568394002505e-15,48,-4.665194359846269,8.88178419700125e-16,48
mahler,FA50,condition_mean_neural_and_behavior,published_input_causal_train_only;raw_preprocessing_fail,full,y,55062,D_obj,behavior,48,0.5267959997367386,0.0814976891733454,48,4.625912143786088,0.7765796841001081,48,3.9559284192286785,0.8819020282904858,48,1.61084714920401,0.0,48,2.7518822746977487,0.2629759885977227,48,1.7083447526710245,0.163253222832266,48,-9.731016958911502,0.0,48,-4.073202900066352,0.0,48
mahler,FA50,condition_mean_neural_and_behavior,published_input_causal_train_only;raw_preprocessing_fail,full,y,55062,D_obj,objective,48,0.6039967238452802,0.0658921389529893,48,4.790144909561168,0.7949702382081894,48,4.227795589267207,0.8819020282904858,48,1.4521471502251002,0.0,48,2.7518822746977487,0.2629759885977227,48,1.895043676717731,0.1810945871132675,48,-9.748598131887618,1.7763568394002505e-15,48,-4.665194359846269,8.88178419700125e-16,48
mahler,FA50,condition_mean_neural_and_behavior,published_input_causal_train_only;raw_preprocessing_fail,full,y,241919,D_beh,behavior,43,0.3818083451103516,0.1299118548171723,43,5.3524484398341645,0.9629858642449192,43,4.709142232888146,1.0866774396978969,43,2.0935774641683618,4.440892098500625e-16,43,2.3784737034391323,0.3245088981889824,43,1.1360810594051465,0.1550020974828787,43,-9.779427405454,1.7763568394002505e-15,43,-2.3505971907267043,4.440892098500625e-16,43
mahler,FA50,condition_mean_neural_and_behavior,published_input_causal_train_only;raw_preprocessing_fail,full,y,241919,D_beh,objective,43,0.3054134681077215,0.1207750448812424,43,5.163226544865337,0.9303931474961536,43,4.414256077048372,1.0866774396978964,43,2.0409396347382764,0.0,43,2.3784737034391323,0.3245088981889824,43,1.1653817011320573,0.158999753185055,43,-9.779427405454,1.7763568394002505e-15,43,-2.3505971907267043,4.440892098500625e-16,43
mahler,FA50,condition_mean_neural_and_behavior,published_input_causal_train_only;raw_preprocessing_fail,full,y,241919,D_obj,behavior,43,0.3870812521834446,0.1284544095876454,43,5.257072673347768,0.9077971593478502,43,4.604582911215111,1.0225975206847937,43,2.0935774641683618,4.440892098500625e-16,43,2.395245615386798,0.3119153004989879,43,1.1440921849711776,0.1489867491590004,43,-9.779427405454,1.7763568394002505e-15,43,-2.3505971907267043,4.440892098500625e-16,43
mahler,FA50,condition_mean_neural_and_behavior,published_input_causal_train_only;raw_preprocessing_fail,full,y,241919,D_obj,objective,43,0.3174519262906003,0.1170594523309388,43,5.063226904035117,0.8812296524008941,43,4.309696755375337,1.0225975206847937,43,2.0409396347382764,0.0,43,2.395245615386798,0.3119153004989879,43,1.173599441462146,0.1528292631442707,43,-9.779427405454,1.7763568394002505e-15,43,-2.3505971907267043,4.440892098500625e-16,43
mahler,FA50,condition_mean_neural_and_behavior,published_input_causal_train_only;raw_preprocessing_fail,hidden,y,55062,D_beh,behavior,48,0.7609561572412438,0.0711473502611879,48,2.6758163661824157,0.8040081932532482,48,2.02283687453493,1.051663658743393,48,0.9916251137903644,1.1102230246251563e-16,48,2.2040934926770066,0.3203379045837975,48,2.2227084227951144,0.3230433559304942,48,-7.271097802891869,0.0,48,-4.073202900066352,0.0,48
mahler,FA50,condition_mean_neural_and_behavior,published_input_causal_train_only;raw_preprocessing_fail,hidden,y,55062,D_beh,objective,48,0.7609561572412438,0.0711473502611879,48,3.346297391400409,0.9033670001468046,48,2.827839318464823,1.051663658743393,48,0.7992495609745421,1.1102230246251563e-16,48,2.2040934926770066,0.3203379045837975,48,2.7577037264674966,0.4007983491329073,48,-7.7659039885672465,0.0,48,-5.188401602250759,0.0,48
mahler,FA50,condition_mean_neural_and_behavior,published_input_causal_train_only;raw_preprocessing_fail,hidden,y,55062,D_obj,behavior,48,0.7729941900980997,0.0688568650524883,48,2.7965800077002374,0.8084190879563055,48,2.1841444690845617,1.025756627930212,48,0.9916251137903644,1.1102230246251563e-16,48,2.237660139956327,0.3169524626142402,48,2.2565585611311803,0.3196293218136929,48,-7.271097802891869,0.0,48,-4.073202900066352,0.0,48
mahler,FA50,condition_mean_neural_and_behavior,published_input_causal_train_only;raw_preprocessing_fail,hidden,y,55062,D_obj,objective,48,0.7729941900980997,0.0688568650524884,48,3.4880569464084936,0.8916560569884135,48,2.9891469130144546,1.0257566279302115,48,0.7992495609745421,1.1102230246251563e-16,48,2.237660139956327,0.3169524626142402,48,2.7997014314626583,0.3965625733066067,48,-7.7659039885672465,0.0,48,-5.188401602250759,0.0,48
mahler,FA50,condition_mean_neural_and_behavior,published_input_causal_train_only;raw_preprocessing_fail,hidden,y,241919,D_beh,behavior,43,0.0274832918183689,0.1572375567018974,43,5.104496660519373,1.1688145163668575,43,4.480652283972613,1.3335151451399283,43,0.962335147559266,0.0,43,2.1638067006918527,0.2641430244811739,43,2.2484959696004374,0.2744813230100862,43,-9.704911758516433,1.7763568394002505e-15,43,-6.551616548151529,1.7763568394002505e-15,43
mahler,FA50,condition_mean_neural_and_behavior,published_input_causal_train_only;raw_preprocessing_fail,hidden,y,241919,D_beh,objective,43,0.0274832918183688,0.1572375567018974,43,4.582098442054253,1.0879563603442448,43,3.7270543301598584,1.333515145139929,43,1.3845973850563935,2.2204460492503126e-16,43,2.1638067006918527,0.2641430244811739,43,1.5627695993400443,0.1907724421062774,43,-9.643129693583315,1.7763568394002505e-15,43,-5.106202705459141,8.88178419700125e-16,43
mahler,FA50,condition_mean_neural_and_behavior,published_input_causal_train_only;raw_preprocessing_fail,hidden,y,241919,D_obj,behavior,43,0.0722822055526294,0.1595463622749465,43,5.048861500620903,1.0868950240777753,43,4.418684871019988,1.2361173719214724,43,0.962335147559266,0.0,43,2.220182037364222,0.2599486440730042,43,2.307077781576601,0.2701227786725883,43,-9.704911758516433,1.7763568394002505e-15,43,-6.551616548151529,1.7763568394002505e-15,43
mahler,FA50,condition_mean_neural_and_behavior,published_input_causal_train_only;raw_preprocessing_fail,hidden,y,241919,D_obj,objective,43,0.0722822055526293,0.1595463622749466,43,4.51658206961765,1.0192431745963113,43,3.665086917207234,1.2361173719214722,43,1.3845973850563935,2.2204460492503126e-16,43,2.220182037364222,0.2599486440730042,43,1.603485649565774,0.1877431279869251,43,-9.643129693583315,1.7763568394002505e-15,43,-5.106202705459141,8.88178419700125e-16,43
mahler,FA50,condition_mean_neural_and_behavior,published_input_causal_train_only;raw_preprocessing_fail,no_bounce,y,55062,D_beh,behavior,48,,,0,,,0,,,0,,,0,,,0,,,0,,,0,,,0
mahler,FA50,condition_mean_neural_and_behavior,published_input_causal_train_only;raw_preprocessing_fail,no_bounce,y,55062,D_beh,objective,48,,,0,,,0,,,0,,,0,,,0,,,0,,,0,,,0
mahler,FA50,condition_mean_neural_and_behavior,published_input_causal_train_only;raw_preprocessing_fail,no_bounce,y,55062,D_obj,behavior,48,,,0,,,0,,,0,,,0,,,0,,,0,,,0,,,0
mahler,FA50,condition_mean_neural_and_behavior,published_input_causal_train_only;raw_preprocessing_fail,no_bounce,y,55062,D_obj,objective,48,,,0,,,0,,,0,,,0,,,0,,,0,,,0,,,0
mahler,FA50,condition_mean_neural_and_behavior,published_input_causal_train_only;raw_preprocessing_fail,no_bounce,y,241919,D_beh,behavior,43,,,0,,,0,,,0,,,0,,,0,,,0,,,0,,,0
mahler,FA50,condition_mean_neural_and_behavior,published_input_causal_train_only;raw_preprocessing_fail,no_bounce,y,241919,D_beh,objective,43,,,0,,,0,,,0,,,0,,,0,,,0,,,0,,,0
mahler,FA50,condition_mean_neural_and_behavior,published_input_causal_train_only;raw_preprocessing_fail,no_bounce,y,241919,D_obj,behavior,43,,,0,,,0,,,0,,,0,,,0,,,0,,,0,,,0
mahler,FA50,condition_mean_neural_and_behavior,published_input_causal_train_only;raw_preprocessing_fail,no_bounce,y,241919,D_obj,objective,43,,,0,,,0,,,0,,,0,,,0,,,0,,,0,,,0
mahler,FA50,condition_mean_neural_and_behavior,published_input_causal_train_only;raw_preprocessing_fail,post_bounce,y,55062,D_beh,behavior,48,0.5825578371397863,0.1212527562228542,48,3.2344221158657454,0.769884854214781,48,2.621079572414216,0.9725460841920776,48,1.7028019301868291,0.0,48,2.130388115955212,0.314687426970532,48,1.2511074119592225,0.1848056555444502,48,-9.731016958911502,0.0,48,-4.073202900066352,0.0,48
mahler,FA50,condition_mean_neural_and_behavior,published_input_causal_train_only;raw_preprocessing_fail,post_bounce,y,55062,D_beh,objective,48,0.5825578371397864,0.1212527562228542,48,3.6707331151031055,0.8294022048117791,48,3.187469509994481,0.9725460841920776,48,1.3724578736477444,0.0,48,2.130388115955212,0.314687426970532,48,1.552242991832621,0.2292874943652367,48,-9.748598131887618,1.7763568394002505e-15,48,-5.188401602250759,0.0,48
mahler,FA50,condition_mean_neural_and_behavior,published_input_causal_train_only;raw_preprocessing_fail,post_bounce,y,55062,D_obj,behavior,48,0.5941437353861888,0.1175858290504763,48,3.333305240833428,0.779310756691832,48,2.7511355648685143,0.9666125874575826,48,1.7028019301868291,0.0,48,2.158641611905324,0.3032320025569121,48,1.2676997680337845,0.1780782586519866,48,-9.731016958911502,0.0,48,-4.073202900066352,0.0,48
mahler,FA50,condition_mean_neural_and_behavior,published_input_causal_train_only;raw_preprocessing_fail,post_bounce,y,55062,D_obj,objective,48,0.594143735386189,0.1175858290504762,48,3.782650906580964,0.8317042541892237,48,3.3175255024487798,0.9666125874575828,48,1.3724578736477444,0.0,48,2.158641611905324,0.3032320025569121,48,1.5728290487838767,0.2209408451648693,48,-9.748598131887618,1.7763568394002505e-15,48,-5.188401602250759,0.0,48
mahler,FA50,condition_mean_neural_and_behavior,published_input_causal_train_only;raw_preprocessing_fail,post_bounce,y,241919,D_beh,behavior,43,0.0274832918183689,0.1572375567018974,43,5.104496660519373,1.1688145163668575,43,4.480652283972613,1.3335151451399283,43,0.962335147559266,0.0,43,2.1638067006918527,0.2641430244811739,43,2.2484959696004374,0.2744813230100862,43,-9.704911758516433,1.7763568394002505e-15,43,-6.551616548151529,1.7763568394002505e-15,43
mahler,FA50,condition_mean_neural_and_behavior,published_input_causal_train_only;raw_preprocessing_fail,post_bounce,y,241919,D_beh,objective,43,0.0274832918183688,0.1572375567018974,43,4.582098442054253,1.0879563603442448,43,3.7270543301598584,1.333515145139929,43,1.3845973850563935,2.2204460492503126e-16,43,2.1638067006918527,0.2641430244811739,43,1.5627695993400443,0.1907724421062774,43,-9.643129693583315,1.7763568394002505e-15,43,-5.106202705459141,8.88178419700125e-16,43
mahler,FA50,condition_mean_neural_and_behavior,published_input_causal_train_only;raw_preprocessing_fail,post_bounce,y,241919,D_obj,behavior,43,0.0722822055526294,0.1595463622749465,43,5.048861500620903,1.0868950240777753,43,4.418684871019988,1.2361173719214724,43,0.962335147559266,0.0,43,2.220182037364222,0.2599486440730042,43,2.307077781576601,0.2701227786725883,43,-9.704911758516433,1.7763568394002505e-15,43,-6.551616548151529,1.7763568394002505e-15,43
mahler,FA50,condition_mean_neural_and_behavior,published_input_causal_train_only;raw_preprocessing_fail,post_bounce,y,241919,D_obj,objective,43,0.0722822055526293,0.1595463622749466,43,4.51658206961765,1.0192431745963113,43,3.665086917207234,1.2361173719214722,43,1.3845973850563935,2.2204460492503126e-16,43,2.220182037364222,0.2599486440730042,43,1.603485649565774,0.1877431279869251,43,-9.643129693583315,1.7763568394002505e-15,43,-5.106202705459141,8.88178419700125e-16,43
mahler,FA50,condition_mean_neural_and_behavior,published_input_causal_train_only;raw_preprocessing_fail,visible,y,55062,D_beh,behavior,48,0.6916790675852931,0.0629203418295995,48,5.123081427650016,0.8879277632478993,48,4.641557203971409,0.9548531270080474,48,1.5046637919323622,0.0,48,2.86432710757215,0.291899999614851,48,1.9036326406802428,0.193996825855681,48,-9.731016958911502,0.0,48,-4.665194359846269,8.88178419700125e-16,48
mahler,FA50,condition_mean_neural_and_behavior,published_input_causal_train_only;raw_preprocessing_fail,visible,y,55062,D_beh,objective,48,0.6985853241665624,0.0627941043733466,48,5.162659770473224,0.8895640345587555,48,4.695164078328624,0.9548531270080476,48,1.5364848660738346,0.0,48,2.86432710757215,0.291899999614851,48,1.8642078232057948,0.1899790919260665,48,-9.748598131887618,1.7763568394002505e-15,48,-4.665194359846269,8.88178419700125e-16,48
mahler,FA50,condition_mean_neural_and_behavior,published_input_causal_train_only;raw_preprocessing_fail,visible,y,55062,D_obj,behavior,48,0.6848850559425318,0.0640194092223411,48,5.217447139650257,0.8500961928966388,48,4.744060551510537,0.9158718033595794,48,1.5046637919323622,0.0,48,2.857091315139852,0.2760923942496995,48,1.8988237308951497,0.1834910866666952,48,-9.731016958911502,0.0,48,-4.665194359846269,8.88178419700125e-16,48
mahler,FA50,condition_mean_neural_and_behavior,published_input_causal_train_only;raw_preprocessing_fail,visible,y,55062,D_obj,objective,48,0.6920974935342454,0.0640972689204089,48,5.257224227357932,0.8519624727883508,48,4.797667425867751,0.9158718033595792,48,1.5364848660738346,0.0,48,2.857091315139852,0.2760923942496995,48,1.8594985074213912,0.1796909298268559,48,-9.748598131887618,1.7763568394002505e-15,48,-4.665194359846269,8.88178419700125e-16,48
mahler,FA50,condition_mean_neural_and_behavior,published_input_causal_train_only;raw_preprocessing_fail,visible,y,241919,D_beh,behavior,43,0.2466319521769513,0.1900891264990236,43,5.408564704710874,0.9302267785002936,43,4.772765905163731,1.046972478528691,43,2.143047194149576,4.440892098500625e-16,43,1.9267533554502867,0.2263214153103824,43,0.8990718266542328,0.1056072941035689,43,-9.504285545649289,0.0,43,-2.3505971907267043,4.440892098500625e-16,43
mahler,FA50,condition_mean_neural_and_behavior,published_input_causal_train_only;raw_preprocessing_fail,visible,y,241919,D_beh,objective,43,0.2466319521769513,0.1900891264990236,43,5.408564704710874,0.9302267785002936,43,4.772765905163732,1.046972478528691,43,2.143047194149576,4.440892098500625e-16,43,1.9267533554502867,0.2263214153103824,43,0.8990718266542324,0.1056072941035689,43,-9.504285545649289,0.0,43,-2.3505971907267043,4.440892098500625e-16,43
mahler,FA50,condition_mean_neural_and_behavior,published_input_causal_train_only;raw_preprocessing_fail,visible,y,241919,D_obj,behavior,43,0.2601500488091445,0.181935266895344,43,5.286795921105947,0.8986210072157494,43,4.63851626245581,1.020175584811116,43,2.143047194149576,4.440892098500625e-16,43,1.9523519374657643,0.2240612870494497,43,0.9110167721903648,0.1045526611178359,43,-9.504285545649289,0.0,43,-2.3505971907267043,4.440892098500625e-16,43
mahler,FA50,condition_mean_neural_and_behavior,published_input_causal_train_only;raw_preprocessing_fail,visible,y,241919,D_obj,objective,43,0.2601500488091445,0.181935266895344,43,5.286795921105947,0.8986210072157494,43,4.63851626245581,1.020175584811116,43,2.143047194149576,4.440892098500625e-16,43,1.9523519374657643,0.2240612870494497,43,0.9110167721903644,0.1045526611178359,43,-9.504285545649289,0.0,43,-2.3505971907267043,4.440892098500625e-16,43
mahler,GPFA50,condition_mean_neural_and_behavior,published_input_causal_train_only;raw_preprocessing_fail,bounce,y,55062,D_beh,behavior,48,0.5461569078382549,0.0871569703090651,48,4.3175949811146,0.9118138788092292,48,3.453007438251628,1.0749149560452922,48,1.61084714920401,0.0,48,2.995013063363161,0.3137732971265597,48,1.8592782467555211,0.194787753314527,48,-9.731016958911502,0.0,48,-4.073202900066352,0.0,48
mahler,GPFA50,condition_mean_neural_and_behavior,published_input_causal_train_only;raw_preprocessing_fail,bounce,y,55062,D_beh,objective,48,0.6363953202922786,0.0709745998457086,48,4.447650781045504,0.9421945480966007,48,3.724874608290156,1.074914956045292,48,1.4521471502251002,0.0,48,2.995013063363161,0.3137732971265597,48,2.0624721557308416,0.2160754143117803,48,-9.748598131887618,1.7763568394002505e-15,48,-4.665194359846269,8.88178419700125e-16,48
mahler,GPFA50,condition_mean_neural_and_behavior,published_input_causal_train_only;raw_preprocessing_fail,bounce,y,55062,D_obj,behavior,48,0.5473303547360721,0.087980797233577,48,4.422616988097247,0.8797429472761698,48,3.594784693751901,1.0294828931517737,48,1.61084714920401,0.0,48,2.988615084586814,0.3084041532389603,48,1.855306436779939,0.1914546351535317,48,-9.731016958911502,0.0,48,-4.073202900066352,0.0,48
mahler,GPFA50,condition_mean_neural_and_behavior,published_input_causal_train_only;raw_preprocessing_fail,bounce,y,55062,D_obj,objective,48,0.6348898261406694,0.0713157420836416,48,4.561861421530506,0.9062642661543227,48,3.8666518637904295,1.0294828931517737,48,1.4521471502251002,0.0,48,2.988615084586814,0.3084041532389603,48,2.058066280764689,0.2123780315177797,48,-9.748598131887618,1.7763568394002505e-15,48,-4.665194359846269,8.88178419700125e-16,48
mahler,GPFA50,condition_mean_neural_and_behavior,published_input_causal_train_only;raw_preprocessing_fail,bounce,y,241919,D_beh,behavior,43,0.4969790893530184,0.1359815741341482,43,4.912480332049469,1.1013962932839338,43,4.383464789103167,1.2475042802232494,43,2.0935774641683618,4.440892098500625e-16,43,2.1367090008239207,0.4298918908159007,43,1.0206018346078694,0.2053384210393514,43,-9.779427405454,1.7763568394002505e-15,43,-2.3505971907267043,4.440892098500625e-16,43
mahler,GPFA50,condition_mean_neural_and_behavior,published_input_causal_train_only;raw_preprocessing_fail,bounce,y,241919,D_beh,objective,43,0.3874741417122911,0.1379256932116083,43,4.7546711825218,1.0543619215214757,43,4.088578633263396,1.2475042802232497,43,2.0409396347382764,0.0,43,2.1367090008239207,0.4298918908159007,43,1.0469241541766252,0.2106342997601831,43,-9.779427405454,1.7763568394002505e-15,43,-2.3505971907267043,4.440892098500625e-16,43
mahler,GPFA50,condition_mean_neural_and_behavior,published_input_causal_train_only;raw_preprocessing_fail,bounce,y,241919,D_obj,behavior,43,0.5235693953370407,0.1282954357725928,43,4.701662123662854,1.0875820536443803,43,4.178379616980035,1.2356856750333407,43,2.0935774641683618,4.440892098500625e-16,43,2.1284682215024517,0.4100274456407626,43,1.0166656156417644,0.1958501429531002,43,-9.779427405454,1.7763568394002505e-15,43,-2.3505971907267043,4.440892098500625e-16,43
mahler,GPFA50,condition_mean_neural_and_behavior,published_input_causal_train_only;raw_preprocessing_fail,bounce,y,241919,D_obj,objective,43,0.4238060824241056,0.1286541730786965,43,4.539355342625473,1.0454265335064714,43,3.8834934611402634,1.2356856750333407,43,2.0409396347382764,0.0,43,2.1284682215024517,0.4100274456407626,43,1.0428864162733549,0.2009013097015695,43,-9.779427405454,1.7763568394002505e-15,43,-2.3505971907267043,4.440892098500625e-16,43
mahler,GPFA50,condition_mean_neural_and_behavior,published_input_causal_train_only;raw_preprocessing_fail,full,y,55062,D_beh,behavior,48,0.5461569078382549,0.0871569703090651,48,4.3175949811146,0.9118138788092292,48,3.453007438251628,1.0749149560452922,48,1.61084714920401,0.0,48,2.995013063363161,0.3137732971265597,48,1.8592782467555211,0.194787753314527,48,-9.731016958911502,0.0,48,-4.073202900066352,0.0,48
mahler,GPFA50,condition_mean_neural_and_behavior,published_input_causal_train_only;raw_preprocessing_fail,full,y,55062,D_beh,objective,48,0.6363953202922786,0.0709745998457086,48,4.447650781045504,0.9421945480966007,48,3.724874608290156,1.074914956045292,48,1.4521471502251002,0.0,48,2.995013063363161,0.3137732971265597,48,2.0624721557308416,0.2160754143117803,48,-9.748598131887618,1.7763568394002505e-15,48,-4.665194359846269,8.88178419700125e-16,48
mahler,GPFA50,condition_mean_neural_and_behavior,published_input_causal_train_only;raw_preprocessing_fail,full,y,55062,D_obj,behavior,48,0.5473303547360721,0.087980797233577,48,4.422616988097247,0.8797429472761698,48,3.594784693751901,1.0294828931517737,48,1.61084714920401,0.0,48,2.988615084586814,0.3084041532389603,48,1.855306436779939,0.1914546351535317,48,-9.731016958911502,0.0,48,-4.073202900066352,0.0,48
mahler,GPFA50,condition_mean_neural_and_behavior,published_input_causal_train_only;raw_preprocessing_fail,full,y,55062,D_obj,objective,48,0.6348898261406694,0.0713157420836416,48,4.561861421530506,0.9062642661543227,48,3.8666518637904295,1.0294828931517737,48,1.4521471502251002,0.0,48,2.988615084586814,0.3084041532389603,48,2.058066280764689,0.2123780315177797,48,-9.748598131887618,1.7763568394002505e-15,48,-4.665194359846269,8.88178419700125e-16,48
mahler,GPFA50,condition_mean_neural_and_behavior,published_input_causal_train_only;raw_preprocessing_fail,full,y,241919,D_beh,behavior,43,0.4969790893530184,0.1359815741341482,43,4.912480332049469,1.1013962932839338,43,4.383464789103167,1.2475042802232494,43,2.0935774641683618,4.440892098500625e-16,43,2.1367090008239207,0.4298918908159007,43,1.0206018346078694,0.2053384210393514,43,-9.779427405454,1.7763568394002505e-15,43,-2.3505971907267043,4.440892098500625e-16,43
mahler,GPFA50,condition_mean_neural_and_behavior,published_input_causal_train_only;raw_preprocessing_fail,full,y,241919,D_beh,objective,43,0.3874741417122911,0.1379256932116083,43,4.7546711825218,1.0543619215214757,43,4.088578633263396,1.2475042802232497,43,2.0409396347382764,0.0,43,2.1367090008239207,0.4298918908159007,43,1.0469241541766252,0.2106342997601831,43,-9.779427405454,1.7763568394002505e-15,43,-2.3505971907267043,4.440892098500625e-16,43
mahler,GPFA50,condition_mean_neural_and_behavior,published_input_causal_train_only;raw_preprocessing_fail,full,y,241919,D_obj,behavior,43,0.5235693953370407,0.1282954357725928,43,4.701662123662854,1.0875820536443803,43,4.178379616980035,1.2356856750333407,43,2.0935774641683618,4.440892098500625e-16,43,2.1284682215024517,0.4100274456407626,43,1.0166656156417644,0.1958501429531002,43,-9.779427405454,1.7763568394002505e-15,43,-2.3505971907267043,4.440892098500625e-16,43
mahler,GPFA50,condition_mean_neural_and_behavior,published_input_causal_train_only;raw_preprocessing_fail,full,y,241919,D_obj,objective,43,0.4238060824241056,0.1286541730786965,43,4.539355342625473,1.0454265335064714,43,3.8834934611402634,1.2356856750333407,43,2.0409396347382764,0.0,43,2.1284682215024517,0.4100274456407626,43,1.0428864162733549,0.2009013097015695,43,-9.779427405454,1.7763568394002505e-15,43,-2.3505971907267043,4.440892098500625e-16,43
mahler,GPFA50,condition_mean_neural_and_behavior,published_input_causal_train_only;raw_preprocessing_fail,hidden,y,55062,D_beh,behavior,48,0.8721526059151657,0.0598276194972171,48,2.1665658047690317,0.927196334362625,48,1.3338567847386802,1.22020786087454,48,0.9916251137903644,1.1102230246251563e-16,48,2.2228403618317967,0.4868657913110244,48,2.241613620832237,0.4909776734577044,48,-7.271097802891869,0.0,48,-4.073202900066352,0.0,48
mahler,GPFA50,condition_mean_neural_and_behavior,published_input_causal_train_only;raw_preprocessing_fail,hidden,y,55062,D_beh,objective,48,0.8721526059151657,0.0598276194972171,48,2.758046768866321,1.0722877871540326,48,2.1388592286685726,1.22020786087454,48,0.7992495609745421,1.1102230246251563e-16,48,2.2228403618317967,0.4868657913110244,48,2.781159315397608,0.6091536549827796,48,-7.7659039885672465,0.0,48,-5.188401602250759,0.0,48
mahler,GPFA50,condition_mean_neural_and_behavior,published_input_causal_train_only;raw_preprocessing_fail,hidden,y,55062,D_obj,behavior,48,0.8868097008089336,0.0528665035840143,48,2.2957129671843166,0.9353031574330531,48,1.5200056110976423,1.1881949802440095,48,0.9916251137903644,1.1102230246251563e-16,48,2.2920437394211897,0.4936496658792602,48,2.3114014636641627,0.4978188420343103,48,-7.271097802891869,0.0,48,-4.073202900066352,0.0,48
mahler,GPFA50,condition_mean_neural_and_behavior,published_input_causal_train_only;raw_preprocessing_fail,hidden,y,55062,D_obj,objective,48,0.8868097008089336,0.0528665035840144,48,2.9272110151411654,1.05566468368577,48,2.3250080550275345,1.1881949802440095,48,0.7992495609745421,1.1102230246251563e-16,48,2.2920437394211897,0.4936496658792602,48,2.8677447587540126,0.617641460168389,48,-7.7659039885672465,0.0,48,-5.188401602250759,0.0,48
mahler,GPFA50,condition_mean_neural_and_behavior,published_input_causal_train_only;raw_preprocessing_fail,hidden,y,241919,D_beh,behavior,43,0.171997759827207,0.3151927800389429,43,4.038627201783649,1.3648407503272992,43,3.6625954561248384,1.5159322112890568,43,0.962335147559266,0.0,43,1.381828430564172,0.2699171556949827,43,1.4359118380627072,0.2804814480480769,43,-9.704911758516433,1.7763568394002505e-15,43,-6.551616548151529,1.7763568394002505e-15,43
mahler,GPFA50,condition_mean_neural_and_behavior,published_input_causal_train_only;raw_preprocessing_fail,hidden,y,241919,D_beh,objective,43,0.1719977598272071,0.315192780038943,43,3.5285027059773237,1.2510726288467102,43,2.908997502312084,1.5159322112890568,43,1.3845973850563935,2.2204460492503126e-16,43,1.381828430564172,0.2699171556949827,43,0.9980001735362888,0.19494270219497,43,-9.643129693583315,1.7763568394002505e-15,43,-5.106202705459141,8.88178419700125e-16,43
mahler,GPFA50,condition_mean_neural_and_behavior,published_input_causal_train_only;raw_preprocessing_fail,hidden,y,241919,D_obj,behavior,43,0.2486491417684901,0.3096515844418881,43,3.89320778692666,1.3016670465713387,43,3.5248155782376744,1.4435384761628245,43,0.962335147559266,0.0,43,1.4293161991217318,0.2807444832341062,43,1.485258231237685,0.2917325465521526,43,-9.704911758516433,1.7763568394002505e-15,43,-6.551616548151529,1.7763568394002505e-15,43
mahler,GPFA50,condition_mean_neural_and_behavior,published_input_causal_train_only;raw_preprocessing_fail,hidden,y,241919,D_obj,objective,43,0.2486491417684901,0.3096515844418881,43,3.369402477677822,1.1982128770521747,43,2.7712176244249207,1.4435384761628245,43,1.3845973850563935,2.2204460492503126e-16,43,1.4293161991217318,0.2807444832341062,43,1.0322973411245593,0.2027625404064098,43,-9.643129693583315,1.7763568394002505e-15,43,-5.106202705459141,8.88178419700125e-16,43
mahler,GPFA50,condition_mean_neural_and_behavior,published_input_causal_train_only;raw_preprocessing_fail,no_bounce,y,55062,D_beh,behavior,48,,,0,,,0,,,0,,,0,,,0,,,0,,,0,,,0
mahler,GPFA50,condition_mean_neural_and_behavior,published_input_causal_train_only;raw_preprocessing_fail,no_bounce,y,55062,D_beh,objective,48,,,0,,,0,,,0,,,0,,,0,,,0,,,0,,,0
mahler,GPFA50,condition_mean_neural_and_behavior,published_input_causal_train_only;raw_preprocessing_fail,no_bounce,y,55062,D_obj,behavior,48,,,0,,,0,,,0,,,0,,,0,,,0,,,0,,,0
mahler,GPFA50,condition_mean_neural_and_behavior,published_input_causal_train_only;raw_preprocessing_fail,no_bounce,y,55062,D_obj,objective,48,,,0,,,0,,,0,,,0,,,0,,,0,,,0,,,0
mahler,GPFA50,condition_mean_neural_and_behavior,published_input_causal_train_only;raw_preprocessing_fail,no_bounce,y,241919,D_beh,behavior,43,,,0,,,0,,,0,,,0,,,0,,,0,,,0,,,0
mahler,GPFA50,condition_mean_neural_and_behavior,published_input_causal_train_only;raw_preprocessing_fail,no_bounce,y,241919,D_beh,objective,43,,,0,,,0,,,0,,,0,,,0,,,0,,,0,,,0
mahler,GPFA50,condition_mean_neural_and_behavior,published_input_causal_train_only;raw_preprocessing_fail,no_bounce,y,241919,D_obj,behavior,43,,,0,,,0,,,0,,,0,,,0,,,0,,,0,,,0
mahler,GPFA50,condition_mean_neural_and_behavior,published_input_causal_train_only;raw_preprocessing_fail,no_bounce,y,241919,D_obj,objective,43,,,0,,,0,,,0,,,0,,,0,,,0,,,0,,,0
mahler,GPFA50,condition_mean_neural_and_behavior,published_input_causal_train_only;raw_preprocessing_fail,post_bounce,y,55062,D_beh,behavior,48,0.6378598867359676,0.1320386796274006,48,2.7210935838828973,0.915731301819484,48,2.0251949235386375,1.1530979545713682,48,1.7028019301868291,0.0,48,2.0850591330397346,0.4115787434258053,48,1.2244871796750687,0.2417067634992917,48,-9.731016958911502,0.0,48,-4.073202900066352,0.0,48
mahler,GPFA50,condition_mean_neural_and_behavior,published_input_causal_train_only;raw_preprocessing_fail,post_bounce,y,55062,D_beh,objective,48,0.6378598867359676,0.1320386796274006,48,3.119854856258956,1.0008523065642494,48,2.591584861118903,1.153097954571368,48,1.3724578736477444,0.0,48,2.0850591330397346,0.4115787434258053,48,1.5192153967524156,0.2998844272953191,48,-9.748598131887618,1.7763568394002505e-15,48,-5.188401602250759,0.0,48
mahler,GPFA50,condition_mean_neural_and_behavior,published_input_causal_train_only;raw_preprocessing_fail,post_bounce,y,55062,D_obj,behavior,48,0.6515840536522931,0.1301886058833456,48,2.829624648982568,0.9166174246563972,48,2.1805786193905177,1.1296128340546934,48,1.7028019301868291,0.0,48,2.1299010842395227,0.4168604821968428,48,1.2508213941276385,0.2448085563017334,48,-9.731016958911502,0.0,48,-4.073202900066352,0.0,48
mahler,GPFA50,condition_mean_neural_and_behavior,published_input_causal_train_only;raw_preprocessing_fail,post_bounce,y,55062,D_obj,objective,48,0.6515840536522931,0.1301886058833456,48,3.2521295236615213,0.9877393144790768,48,2.746968556970782,1.1296128340546936,48,1.3724578736477444,0.0,48,2.1299010842395227,0.4168604821968428,48,1.5518881308747432,0.3037328068138828,48,-9.748598131887618,1.7763568394002505e-15,48,-5.188401602250759,0.0,48
mahler,GPFA50,condition_mean_neural_and_behavior,published_input_causal_train_only;raw_preprocessing_fail,post_bounce,y,241919,D_beh,behavior,43,0.171997759827207,0.3151927800389429,43,4.038627201783649,1.3648407503272992,43,3.6625954561248384,1.5159322112890568,43,0.962335147559266,0.0,43,1.381828430564172,0.2699171556949827,43,1.4359118380627072,0.2804814480480769,43,-9.704911758516433,1.7763568394002505e-15,43,-6.551616548151529,1.7763568394002505e-15,43
mahler,GPFA50,condition_mean_neural_and_behavior,published_input_causal_train_only;raw_preprocessing_fail,post_bounce,y,241919,D_beh,objective,43,0.1719977598272071,0.315192780038943,43,3.5285027059773237,1.2510726288467102,43,2.908997502312084,1.5159322112890568,43,1.3845973850563935,2.2204460492503126e-16,43,1.381828430564172,0.2699171556949827,43,0.9980001735362888,0.19494270219497,43,-9.643129693583315,1.7763568394002505e-15,43,-5.106202705459141,8.88178419700125e-16,43
mahler,GPFA50,condition_mean_neural_and_behavior,published_input_causal_train_only;raw_preprocessing_fail,post_bounce,y,241919,D_obj,behavior,43,0.2486491417684901,0.3096515844418881,43,3.89320778692666,1.3016670465713387,43,3.5248155782376744,1.4435384761628245,43,0.962335147559266,0.0,43,1.4293161991217318,0.2807444832341062,43,1.485258231237685,0.2917325465521526,43,-9.704911758516433,1.7763568394002505e-15,43,-6.551616548151529,1.7763568394002505e-15,43
mahler,GPFA50,condition_mean_neural_and_behavior,published_input_causal_train_only;raw_preprocessing_fail,post_bounce,y,241919,D_obj,objective,43,0.2486491417684901,0.3096515844418881,43,3.369402477677822,1.1982128770521747,43,2.7712176244249207,1.4435384761628245,43,1.3845973850563935,2.2204460492503126e-16,43,1.4293161991217318,0.2807444832341062,43,1.0322973411245593,0.2027625404064098,43,-9.643129693583315,1.7763568394002505e-15,43,-5.106202705459141,8.88178419700125e-16,43
mahler,GPFA50,condition_mean_neural_and_behavior,published_input_causal_train_only;raw_preprocessing_fail,visible,y,55062,D_beh,behavior,48,0.7439502434219029,0.0586705201135081,48,4.945686398661504,0.9964514396934688,48,4.346965228288968,1.1032311619858706,48,1.5046637919323622,0.0,48,3.1737387776038046,0.3550444211392838,48,2.1092677278609435,0.2359626270286722,48,-9.731016958911502,0.0,48,-4.665194359846269,8.88178419700125e-16,48
mahler,GPFA50,condition_mean_neural_and_behavior,published_input_causal_train_only;raw_preprocessing_fail,visible,y,55062,D_beh,objective,48,0.7480398381738476,0.0585042051082464,48,4.982965449152016,0.9990405859691096,48,4.4005721026461835,1.1032311619858703,48,1.5364848660738346,0.0,48,3.1737387776038046,0.3550444211392838,48,2.065584144485348,0.2310757684496597,48,-9.748598131887618,1.7763568394002505e-15,48,-4.665194359846269,8.88178419700125e-16,48
mahler,GPFA50,condition_mean_neural_and_behavior,published_input_causal_train_only;raw_preprocessing_fail,visible,y,55062,D_obj,behavior,48,0.7356174816653249,0.0582627113121017,48,5.051942898953137,0.9591208353476648,48,4.474528990856307,1.0600087750364595,48,1.5046637919323622,0.0,48,3.1465202325759165,0.3430380563779357,48,2.0911782748058303,0.2279831934663554,48,-9.731016958911502,0.0,48,-4.665194359846269,8.88178419700125e-16,48
mahler,GPFA50,condition_mean_neural_and_behavior,published_input_causal_train_only;raw_preprocessing_fail,visible,y,55062,D_obj,objective,48,0.7402809189517404,0.0580406518256924,48,5.089559841701688,0.9618391777900476,48,4.52813586521352,1.0600087750364595,48,1.5364848660738346,0.0,48,3.1465202325759165,0.3430380563779357,48,2.0478693295666424,0.2232615914105926,48,-9.748598131887618,1.7763568394002505e-15,48,-4.665194359846269,8.88178419700125e-16,48
mahler,GPFA50,condition_mean_neural_and_behavior,published_input_causal_train_only;raw_preprocessing_fail,visible,y,241919,D_beh,behavior,43,0.2538364896420257,0.3111518024800475,43,5.277806406874586,1.0823943667076743,43,4.759614607525664,1.211436313031645,43,2.143047194149576,4.440892098500625e-16,43,1.378134938383203,0.2372364309126717,43,0.6430726034151047,0.1107005163303527,43,-9.504285545649289,0.0,43,-2.3505971907267043,4.440892098500625e-16,43
mahler,GPFA50,condition_mean_neural_and_behavior,published_input_causal_train_only;raw_preprocessing_fail,visible,y,241919,D_beh,objective,43,0.2538364896420256,0.3111518024800474,43,5.2778064068745865,1.082394366707674,43,4.759614607525664,1.211436313031645,43,2.143047194149576,4.440892098500625e-16,43,1.378134938383203,0.2372364309126717,43,0.6430726034151046,0.1107005163303527,43,-9.504285545649289,0.0,43,-2.3505971907267043,4.440892098500625e-16,43
mahler,GPFA50,condition_mean_neural_and_behavior,published_input_causal_train_only;raw_preprocessing_fail,visible,y,241919,D_obj,behavior,43,0.3051509969533799,0.2857782531098239,43,5.037587855737823,1.091881032864944,43,4.513409152883926,1.2406855874679048,43,2.143047194149576,4.440892098500625e-16,43,1.4213404692579343,0.2480761277924091,43,0.6632333964170882,0.1157585929370319,43,-9.504285545649289,0.0,43,-2.3505971907267043,4.440892098500625e-16,43
mahler,GPFA50,condition_mean_neural_and_behavior,published_input_causal_train_only;raw_preprocessing_fail,visible,y,241919,D_obj,objective,43,0.3051509969533799,0.2857782531098239,43,5.037587855737823,1.0918810328649438,43,4.513409152883926,1.2406855874679048,43,2.143047194149576,4.440892098500625e-16,43,1.4213404692579343,0.2480761277924091,43,0.663233396417088,0.1157585929370319,43,-9.504285545649289,0.0,43,-2.3505971907267043,4.440892098500625e-16,43
perle,FA50,condition_mean_neural_and_behavior,published_input_causal_train_only;raw_preprocessing_fail,bounce,y,55062,D_beh,behavior,48,0.5307790775031213,0.0979447187811857,48,4.972241564864642,1.0263662064730386,48,4.70231338153794,1.0710425202631135,48,1.6887035381392277,0.0,48,1.584402144298822,0.1942907083168042,48,0.938235817309097,0.1150531777359169,48,-9.724284465186212,1.7763568394002505e-15,48,-3.645220963368722,0.0,48
perle,FA50,condition_mean_neural_and_behavior,published_input_causal_train_only;raw_preprocessing_fail,bounce,y,55062,D_beh,objective,48,0.5046317787661512,0.1119442703164733,48,5.306938455117851,1.034269345197954,48,5.078517011579778,1.0710425202631135,48,1.4521483920529905,0.0,48,1.584402144298822,0.1942907083168042,48,1.0910745437378175,0.1337953540974719,48,-9.748608529906408,0.0,48,-4.665178098081944,0.0,48
perle,FA50,condition_mean_neural_and_behavior,published_input_causal_train_only;raw_preprocessing_fail,bounce,y,55062,D_obj,behavior,48,0.52209301709899,0.100161584880065,48,4.904798785954742,1.0090487661805188,48,4.62468293481638,1.0539204326614986,48,1.6887035381392277,0.0,48,1.5935666081089093,0.193863432653435,48,0.9436627401544092,0.1148001577985986,48,-9.724284465186212,1.7763568394002505e-15,48,-3.645220963368722,0.0,48
perle,FA50,condition_mean_neural_and_behavior,published_input_causal_train_only;raw_preprocessing_fail,bounce,y,55062,D_obj,objective,48,0.4929723263184286,0.1151699937546031,48,5.239628312701427,1.0147100591969758,48,5.0008865648582175,1.0539204326614988,48,1.4521483920529905,0.0,48,1.5935666081089093,0.193863432653435,48,1.0973855129612389,0.1335011171822175,48,-9.748608529906408,0.0,48,-4.665178098081944,0.0,48
perle,FA50,condition_mean_neural_and_behavior,published_input_causal_train_only;raw_preprocessing_fail,bounce,y,241919,D_beh,behavior,43,0.5869155732473746,0.1413188938593388,43,4.597660529509618,1.1044877336987462,43,4.281059340728481,1.1306424573844942,43,2.041393599836602,4.440892098500625e-16,43,1.4815830705043684,0.2287566273349527,43,0.7257704102839146,0.1120590499319988,43,-9.779563339898322,1.7763568394002505e-15,43,-2.3510365731939884,4.440892098500625e-16,43
perle,FA50,condition_mean_neural_and_behavior,published_input_causal_train_only;raw_preprocessing_fail,bounce,y,241919,D_beh,objective,43,0.583214490541756,0.1423718355272546,43,4.636124678860935,1.1053359512097294,43,4.320184383158857,1.1306424573844938,43,2.0409070934012004,4.440892098500625e-16,43,1.4815830705043684,0.2287566273349527,43,0.7259434176571407,0.1120857622939252,43,-9.779563339898322,1.7763568394002505e-15,43,-2.351036573193989,4.440892098500625e-16,43
perle,FA50,condition_mean_neural_and_behavior,published_input_causal_train_only;raw_preprocessing_fail,bounce,y,241919,D_obj,behavior,43,0.5916038758664266,0.1433411450582094,43,4.470520887267653,1.0624144622522618,43,4.147683320098888,1.0863293786335542,43,2.041393599836602,4.440892098500625e-16,43,1.4947237972859253,0.2302606617808239,43,0.732207545573556,0.1127958184052573,43,-9.779563339898322,1.7763568394002505e-15,43,-2.3510365731939884,4.440892098500625e-16,43
perle,FA50,condition_mean_neural_and_behavior,published_input_causal_train_only;raw_preprocessing_fail,bounce,y,241919,D_obj,objective,43,0.5872747149373854,0.1445981919598879,43,4.509418406209157,1.0630735573515022,43,4.186808362529264,1.086329378633554,43,2.0409070934012004,4.440892098500625e-16,43,1.4947237972859253,0.2302606617808239,43,0.7323820874153301,0.1128227063962482,43,-9.779563339898322,1.7763568394002505e-15,43,-2.351036573193989,4.440892098500625e-16,43
perle,FA50,condition_mean_neural_and_behavior,published_input_causal_train_only;raw_preprocessing_fail,full,y,55062,D_beh,behavior,48,0.5307790775031213,0.0979447187811857,48,4.972241564864642,1.0263662064730386,48,4.70231338153794,1.0710425202631135,48,1.6887035381392277,0.0,48,1.584402144298822,0.1942907083168042,48,0.938235817309097,0.1150531777359169,48,-9.724284465186212,1.7763568394002505e-15,48,-3.645220963368722,0.0,48
perle,FA50,condition_mean_neural_and_behavior,published_input_causal_train_only;raw_preprocessing_fail,full,y,55062,D_beh,objective,48,0.5046317787661512,0.1119442703164733,48,5.306938455117851,1.034269345197954,48,5.078517011579778,1.0710425202631135,48,1.4521483920529905,0.0,48,1.584402144298822,0.1942907083168042,48,1.0910745437378175,0.1337953540974719,48,-9.748608529906408,0.0,48,-4.665178098081944,0.0,48
perle,FA50,condition_mean_neural_and_behavior,published_input_causal_train_only;raw_preprocessing_fail,full,y,55062,D_obj,behavior,48,0.52209301709899,0.100161584880065,48,4.904798785954742,1.0090487661805188,48,4.62468293481638,1.0539204326614986,48,1.6887035381392277,0.0,48,1.5935666081089093,0.193863432653435,48,0.9436627401544092,0.1148001577985986,48,-9.724284465186212,1.7763568394002505e-15,48,-3.645220963368722,0.0,48
perle,FA50,condition_mean_neural_and_behavior,published_input_causal_train_only;raw_preprocessing_fail,full,y,55062,D_obj,objective,48,0.4929723263184286,0.1151699937546031,48,5.239628312701427,1.0147100591969758,48,5.0008865648582175,1.0539204326614988,48,1.4521483920529905,0.0,48,1.5935666081089093,0.193863432653435,48,1.0973855129612389,0.1335011171822175,48,-9.748608529906408,0.0,48,-4.665178098081944,0.0,48
perle,FA50,condition_mean_neural_and_behavior,published_input_causal_train_only;raw_preprocessing_fail,full,y,241919,D_beh,behavior,43,0.5869155732473746,0.1413188938593388,43,4.597660529509618,1.1044877336987462,43,4.281059340728481,1.1306424573844942,43,2.041393599836602,4.440892098500625e-16,43,1.4815830705043684,0.2287566273349527,43,0.7257704102839146,0.1120590499319988,43,-9.779563339898322,1.7763568394002505e-15,43,-2.3510365731939884,4.440892098500625e-16,43
perle,FA50,condition_mean_neural_and_behavior,published_input_causal_train_only;raw_preprocessing_fail,full,y,241919,D_beh,objective,43,0.583214490541756,0.1423718355272546,43,4.636124678860935,1.1053359512097294,43,4.320184383158857,1.1306424573844938,43,2.0409070934012004,4.440892098500625e-16,43,1.4815830705043684,0.2287566273349527,43,0.7259434176571407,0.1120857622939252,43,-9.779563339898322,1.7763568394002505e-15,43,-2.351036573193989,4.440892098500625e-16,43
perle,FA50,condition_mean_neural_and_behavior,published_input_causal_train_only;raw_preprocessing_fail,full,y,241919,D_obj,behavior,43,0.5916038758664266,0.1433411450582094,43,4.470520887267653,1.0624144622522618,43,4.147683320098888,1.0863293786335542,43,2.041393599836602,4.440892098500625e-16,43,1.4947237972859253,0.2302606617808239,43,0.732207545573556,0.1127958184052573,43,-9.779563339898322,1.7763568394002505e-15,43,-2.3510365731939884,4.440892098500625e-16,43
perle,FA50,condition_mean_neural_and_behavior,published_input_causal_train_only;raw_preprocessing_fail,full,y,241919,D_obj,objective,43,0.5872747149373854,0.1445981919598879,43,4.509418406209157,1.0630735573515022,43,4.186808362529264,1.086329378633554,43,2.0409070934012004,4.440892098500625e-16,43,1.4947237972859253,0.2302606617808239,43,0.7323820874153301,0.1128227063962482,43,-9.779563339898322,1.7763568394002505e-15,43,-2.351036573193989,4.440892098500625e-16,43
perle,FA50,condition_mean_neural_and_behavior,published_input_causal_train_only;raw_preprocessing_fail,hidden,y,55062,D_beh,behavior,48,0.6344818315635553,0.1186836167899312,48,4.2319808086652655,0.9858689744837817,48,4.083986549284873,1.0144150991689196,48,1.0654560178244996,0.0,48,1.3610944036989456,0.2375504859905243,48,1.2774759172866603,0.2229566326684855,48,-7.08121337743948,8.88178419700125e-16,48,-3.645220963368722,0.0,48
perle,FA50,condition_mean_neural_and_behavior,published_input_causal_train_only;raw_preprocessing_fail,hidden,y,55062,D_beh,objective,48,0.6344818315635552,0.1186836167899312,48,5.309578193132626,1.0002548813171976,48,5.197932589205499,1.0144150991689196,48,0.7992495568464376,0.0,48,1.3610944036989456,0.2375504859905243,48,1.7029654781034262,0.297216912984996,48,-7.765914396826599,0.0,48,-5.188412023822852,0.0,48
perle,FA50,condition_mean_neural_and_behavior,published_input_causal_train_only;raw_preprocessing_fail,hidden,y,55062,D_obj,behavior,48,0.626811357997422,0.116926661309444,48,4.169421949780244,0.9478744962042964,48,4.022332052694153,0.9741320586037404,48,1.0654560178244996,0.0,48,1.3301113533821844,0.2381902332033777,48,1.2483963027381186,0.2235570771750168,48,-7.08121337743948,8.88178419700125e-16,48,-3.645220963368722,0.0,48
perle,FA50,condition_mean_neural_and_behavior,published_input_causal_train_only;raw_preprocessing_fail,hidden,y,55062,D_obj,objective,48,0.6268113579974219,0.116926661309444,48,5.245462230089301,0.961703023888458,48,5.136278092614778,0.9741320586037407,48,0.7992495568464376,0.0,48,1.3301113533821844,0.2381902332033777,48,1.66420030138064,0.2980173478521452,48,-7.765914396826599,0.0,48,-5.188412023822852,0.0,48
perle,FA50,condition_mean_neural_and_behavior,published_input_causal_train_only;raw_preprocessing_fail,hidden,y,241919,D_beh,behavior,43,0.7363006120999486,0.1094444049765806,43,4.786522802931638,1.24654109538988,43,4.64075027882198,1.2858508273363545,43,1.4410336445405618,0.0,43,1.5872836520899274,0.3054953234755663,43,1.1014896550843498,0.2119973566425411,43,-9.635367165839266,1.7763568394002505e-15,43,-4.913514804082322,0.0,43
perle,FA50,condition_mean_neural_and_behavior,published_input_causal_train_only;raw_preprocessing_fail,hidden,y,241919,D_beh,objective,43,0.7363006120999486,0.1094444049765807,43,4.880652567743839,1.2475342894021435,43,4.7407364983662745,1.2858508273363545,43,1.3850045820275747,2.2204460492503126e-16,43,1.5872836520899274,0.3054953234755663,43,1.1460493869025523,0.2205735110481275,43,-9.643557832185932,0.0,43,-5.105296576824238,8.88178419700125e-16,43
perle,FA50,condition_mean_neural_and_behavior,published_input_causal_train_only;raw_preprocessing_fail,hidden,y,241919,D_obj,behavior,43,0.7408124695288725,0.1064050005145421,43,4.690934325789211,1.2094589925638386,43,4.5420240719709195,1.2446328718848547,43,1.4410336445405618,0.0,43,1.6192469679174315,0.3088342081215945,43,1.1236704805970634,0.2143143633680105,43,-9.635367165839266,1.7763568394002505e-15,43,-4.913514804082322,0.0,43
perle,FA50,condition_mean_neural_and_behavior,published_input_causal_train_only;raw_preprocessing_fail,hidden,y,241919,D_obj,objective,43,0.7408124695288725,0.1064050005145421,43,4.785347297619752,1.2100975270609486,43,4.642010291515211,1.2446328718848547,43,1.3850045820275747,2.2204460492503126e-16,43,1.6192469679174315,0.3088342081215945,43,1.1691275169262894,0.2229842501094671,43,-9.643557832185932,0.0,43,-5.105296576824238,8.88178419700125e-16,43
perle,FA50,condition_mean_neural_and_behavior,published_input_causal_train_only;raw_preprocessing_fail,no_bounce,y,55062,D_beh,behavior,48,,,0,,,0,,,0,,,0,,,0,,,0,,,0,,,0
perle,FA50,condition_mean_neural_and_behavior,published_input_causal_train_only;raw_preprocessing_fail,no_bounce,y,55062,D_beh,objective,48,,,0,,,0,,,0,,,0,,,0,,,0,,,0,,,0
perle,FA50,condition_mean_neural_and_behavior,published_input_causal_train_only;raw_preprocessing_fail,no_bounce,y,55062,D_obj,behavior,48,,,0,,,0,,,0,,,0,,,0,,,0,,,0,,,0
perle,FA50,condition_mean_neural_and_behavior,published_input_causal_train_only;raw_preprocessing_fail,no_bounce,y,55062,D_obj,objective,48,,,0,,,0,,,0,,,0,,,0,,,0,,,0,,,0
perle,FA50,condition_mean_neural_and_behavior,published_input_causal_train_only;raw_preprocessing_fail,no_bounce,y,241919,D_beh,behavior,43,,,0,,,0,,,0,,,0,,,0,,,0,,,0,,,0
perle,FA50,condition_mean_neural_and_behavior,published_input_causal_train_only;raw_preprocessing_fail,no_bounce,y,241919,D_beh,objective,43,,,0,,,0,,,0,,,0,,,0,,,0,,,0,,,0
perle,FA50,condition_mean_neural_and_behavior,published_input_causal_train_only;raw_preprocessing_fail,no_bounce,y,241919,D_obj,behavior,43,,,0,,,0,,,0,,,0,,,0,,,0,,,0,,,0
perle,FA50,condition_mean_neural_and_behavior,published_input_causal_train_only;raw_preprocessing_fail,no_bounce,y,241919,D_obj,objective,43,,,0,,,0,,,0,,,0,,,0,,,0,,,0,,,0
perle,FA50,condition_mean_neural_and_behavior,published_input_causal_train_only;raw_preprocessing_fail,post_bounce,y,55062,D_beh,behavior,48,0.7539847979465617,0.0671359112941959,48,4.5560850689452,1.0709980057273405,48,4.368186156737171,1.1108219945407851,48,1.829583114072156,0.0,48,1.736824548845341,0.2090930657521368,48,0.9493007098101388,0.1142845406387427,48,-9.724284465186212,1.7763568394002505e-15,48,-3.645220963368722,0.0,48
perle,FA50,condition_mean_neural_and_behavior,published_input_causal_train_only;raw_preprocessing_fail,post_bounce,y,55062,D_beh,objective,48,0.7539847979465617,0.067135911294196,48,5.285761190315678,1.080335409489586,48,5.151943719324334,1.1108219945407851,48,1.372457866559033,0.0,48,1.736824548845341,0.2090930657521368,48,1.2654847854818545,0.1523493513694273,48,-9.748608529906408,0.0,48,-5.188412023822852,0.0,48
perle,FA50,condition_mean_neural_and_behavior,published_input_causal_train_only;raw_preprocessing_fail,post_bounce,y,55062,D_obj,behavior,48,0.7514345762476025,0.0667696075512364,48,4.501034507576726,1.0333714854409768,48,4.310613349376848,1.0701053134287737,48,1.829583114072156,0.0,48,1.727013850822208,0.2108936324194057,48,0.9439384510815384,0.115268681043964,48,-9.724284465186212,1.7763568394002505e-15,48,-3.645220963368722,0.0,48
perle,FA50,condition_mean_neural_and_behavior,published_input_causal_train_only;raw_preprocessing_fail,post_bounce,y,55062,D_obj,objective,48,0.7514345762476025,0.0667696075512364,48,5.229053137033846,1.041346446968038,48,5.09437091196401,1.0701053134287737,48,1.372457866559033,0.0,48,1.727013850822208,0.2108936324194057,48,1.258336516480541,0.15366127992559,48,-9.748608529906408,0.0,48,-5.188412023822852,0.0,48
perle,FA50,condition_mean_neural_and_behavior,published_input_causal_train_only;raw_preprocessing_fail,post_bounce,y,241919,D_beh,behavior,43,0.7363006120999486,0.1094444049765806,43,4.786522802931638,1.24654109538988,43,4.64075027882198,1.2858508273363545,43,1.4410336445405618,0.0,43,1.5872836520899274,0.3054953234755663,43,1.1014896550843498,0.2119973566425411,43,-9.635367165839266,1.7763568394002505e-15,43,-4.913514804082322,0.0,43
perle,FA50,condition_mean_neural_and_behavior,published_input_causal_train_only;raw_preprocessing_fail,post_bounce,y,241919,D_beh,objective,43,0.7363006120999486,0.1094444049765807,43,4.880652567743839,1.2475342894021435,43,4.7407364983662745,1.2858508273363545,43,1.3850045820275747,2.2204460492503126e-16,43,1.5872836520899274,0.3054953234755663,43,1.1460493869025523,0.2205735110481275,43,-9.643557832185932,0.0,43,-5.105296576824238,8.88178419700125e-16,43
perle,FA50,condition_mean_neural_and_behavior,published_input_causal_train_only;raw_preprocessing_fail,post_bounce,y,241919,D_obj,behavior,43,0.7408124695288725,0.1064050005145421,43,4.690934325789211,1.2094589925638386,43,4.5420240719709195,1.2446328718848547,43,1.4410336445405618,0.0,43,1.6192469679174315,0.3088342081215945,43,1.1236704805970634,0.2143143633680105,43,-9.635367165839266,1.7763568394002505e-15,43,-4.913514804082322,0.0,43
perle,FA50,condition_mean_neural_and_behavior,published_input_causal_train_only;raw_preprocessing_fail,post_bounce,y,241919,D_obj,objective,43,0.7408124695288725,0.1064050005145421,43,4.785347297619752,1.2100975270609486,43,4.642010291515211,1.2446328718848547,43,1.3850045820275747,2.2204460492503126e-16,43,1.6192469679174315,0.3088342081215945,43,1.1691275169262894,0.2229842501094671,43,-9.643557832185932,0.0,43,-5.105296576824238,8.88178419700125e-16,43
perle,FA50,condition_mean_neural_and_behavior,published_input_causal_train_only;raw_preprocessing_fail,visible,y,55062,D_beh,behavior,48,0.3604975683682702,0.1569504938984729,48,5.247510318732183,1.065963264163082,48,4.958293505581717,1.1214311881201586,48,1.4944473923529151,2.2204460492503126e-16,48,1.493477556135924,0.2327982825474737,48,0.9993510402427318,0.1557754951687842,48,-9.724284465186212,1.7763568394002505e-15,48,-4.665178098081944,0.0,48
perle,FA50,condition_mean_neural_and_behavior,published_input_causal_train_only;raw_preprocessing_fail,visible,y,55062,D_beh,objective,48,0.398395383521316,0.1613175220541369,48,5.307584335556721,1.0722143335252423,48,5.032472751846938,1.1214311881201589,48,1.5364906902542164,0.0,48,1.493477556135924,0.2327982825474737,48,0.972005600560342,0.1515129795605574,48,-9.748608529906408,0.0,48,-4.665178098081944,0.0,48
perle,FA50,condition_mean_neural_and_behavior,published_input_causal_train_only;raw_preprocessing_fail,visible,y,55062,D_obj,behavior,48,0.3444327114478829,0.1624810761564193,48,5.174322972220045,1.0559921980290248,48,4.869122239046136,1.1147937476258405,48,1.4944473923529151,2.2204460492503126e-16,48,1.5128861458955534,0.235233674614466,48,1.012338175058546,0.1574051223336173,48,-9.724284465186212,1.7763568394002505e-15,48,-4.665178098081944,0.0,48
perle,FA50,condition_mean_neural_and_behavior,published_input_causal_train_only;raw_preprocessing_fail,visible,y,55062,D_obj,objective,48,0.3818796452634024,0.166864404162416,48,5.234254487490822,1.0616346181290968,48,4.943301485311356,1.1147937476258407,48,1.5364906902542164,0.0,48,1.5128861458955534,0.235233674614466,48,0.984637365843878,0.1530980149157597,48,-9.748608529906408,0.0,48,-4.665178098081944,0.0,48
perle,FA50,condition_mean_neural_and_behavior,published_input_causal_train_only;raw_preprocessing_fail,visible,y,241919,D_beh,behavior,43,0.5391892977284211,0.2061488637664769,43,4.324877062082988,1.0329171350928843,43,3.9319587287505446,1.0553475857545656,43,2.1429596563521867,4.440892098500625e-16,43,1.324414473160006,0.2354505970152905,43,0.6180305211225796,0.1098716890527384,43,-9.504432718909268,1.7763568394002505e-15,43,-2.3510365731939884,4.440892098500625e-16,43
perle,FA50,condition_mean_neural_and_behavior,published_input_causal_train_only;raw_preprocessing_fail,visible,y,241919,D_beh,objective,43,0.5391892977284211,0.2061488637664769,43,4.32487706208299,1.0329171350928847,43,3.9319587287505446,1.0553475857545656,43,2.1429596563521867,4.440892098500625e-16,43,1.324414473160006,0.2354505970152905,43,0.6180305211225796,0.1098716890527384,43,-9.504432718909273,1.7763568394002505e-15,43,-2.351036573193989,4.440892098500625e-16,43
perle,FA50,condition_mean_neural_and_behavior,published_input_causal_train_only;raw_preprocessing_fail,visible,y,241919,D_obj,behavior,43,0.5491967534425445,0.207375016568221,43,4.17978038489819,0.9962316146175096,43,3.7802846273331543,1.0162471924350178,43,2.1429596563521867,4.440892098500625e-16,43,1.327695179807172,0.2419480609914314,43,0.619561444319123,0.1129036938582796,43,-9.504432718909268,1.7763568394002505e-15,43,-2.3510365731939884,4.440892098500625e-16,43
perle,FA50,condition_mean_neural_and_behavior,published_input_causal_train_only;raw_preprocessing_fail,visible,y,241919,D_obj,objective,43,0.5491967534425445,0.207375016568221,43,4.179780384898192,0.9962316146175096,43,3.7802846273331543,1.0162471924350178,43,2.1429596563521867,4.440892098500625e-16,43,1.327695179807172,0.2419480609914314,43,0.619561444319123,0.1129036938582796,43,-9.504432718909273,1.7763568394002505e-15,43,-2.351036573193989,4.440892098500625e-16,43
perle,GPFA50,condition_mean_neural_and_behavior,published_input_causal_train_only;raw_preprocessing_fail,bounce,y,55062,D_beh,behavior,48,0.6117316055087967,0.0990061835529105,48,4.858591075888761,1.0577648895429153,48,4.638862109412074,1.1000462950937566,48,1.6887035381392277,0.0,48,1.48167890530142,0.227605296200039,48,0.8774061709695198,0.1347810856432716,48,-9.724284465186212,1.7763568394002505e-15,48,-3.645220963368722,0.0,48
perle,GPFA50,condition_mean_neural_and_behavior,published_input_causal_train_only;raw_preprocessing_fail,bounce,y,55062,D_beh,objective,48,0.5939875556804866,0.1174678915892499,48,5.193589854703591,1.0681026412726318,48,5.015065739453912,1.1000462950937566,48,1.4521483920529905,0.0,48,1.48167890530142,0.227605296200039,48,1.020335740761783,0.1567369405534785,48,-9.748608529906408,0.0,48,-4.665178098081944,0.0,48
perle,GPFA50,condition_mean_neural_and_behavior,published_input_causal_train_only;raw_preprocessing_fail,bounce,y,55062,D_obj,behavior,48,0.6022145908171733,0.1009896098332712,48,4.793428411844248,1.0376673139649806,48,4.5641393314642285,1.0799032860827724,48,1.6887035381392277,0.0,48,1.4992608186124363,0.2250038323087945,48,0.8878176570083242,0.1332405761148134,48,-9.724284465186212,1.7763568394002505e-15,48,-3.645220963368722,0.0,48
perle,GPFA50,condition_mean_neural_and_behavior,published_input_causal_train_only;raw_preprocessing_fail,bounce,y,55062,D_obj,objective,48,0.5816293721298762,0.121162846057557,48,5.128939610167618,1.045388610336904,48,4.940342961506065,1.079903286082772,48,1.4521483920529905,0.0,48,1.4992608186124363,0.2250038323087945,48,1.0324432591168178,0.1549454818392857,48,-9.748608529906408,0.0,48,-4.665178098081944,0.0,48
perle,GPFA50,condition_mean_neural_and_behavior,published_input_causal_train_only;raw_preprocessing_fail,bounce,y,241919,D_beh,behavior,43,0.6693072798981436,0.142905093547027,43,4.5034152118124124,1.1535940519894303,43,4.242394141584596,1.1661750358621634,43,2.041393599836602,4.440892098500625e-16,43,1.3429159922941891,0.2728802411751181,43,0.6578427562434207,0.1336735067636932,43,-9.779563339898322,1.7763568394002505e-15,43,-2.3510365731939884,4.440892098500625e-16,43
perle,GPFA50,condition_mean_neural_and_behavior,published_input_causal_train_only;raw_preprocessing_fail,bounce,y,241919,D_beh,objective,43,0.6647152752903122,0.1441356260570942,43,4.542734791631994,1.154012006230438,43,4.281519184014972,1.1661750358621632,43,2.0409070934012004,4.440892098500625e-16,43,1.3429159922941891,0.2728802411751181,43,0.6579995711888094,0.1337053715269123,43,-9.779563339898322,1.7763568394002505e-15,43,-2.351036573193989,4.440892098500625e-16,43
perle,GPFA50,condition_mean_neural_and_behavior,published_input_causal_train_only;raw_preprocessing_fail,bounce,y,241919,D_obj,behavior,43,0.6781521738169368,0.1431383540780933,43,4.365257313328442,1.1105463243938964,43,4.101895300481688,1.1205710588646127,43,2.041393599836602,4.440892098500625e-16,43,1.362618173182211,0.2769691073895349,43,0.6674940948630768,0.1356764846385842,43,-9.779563339898322,1.7763568394002505e-15,43,-2.3510365731939884,4.440892098500625e-16,43
perle,GPFA50,condition_mean_neural_and_behavior,published_input_causal_train_only;raw_preprocessing_fail,bounce,y,241919,D_obj,objective,43,0.6729370840665808,0.1445923438114612,43,4.405079281983476,1.1106780997005044,43,4.141020342912064,1.1205710588646125,43,2.0409070934012004,4.440892098500625e-16,43,1.362618173182211,0.2769691073895349,43,0.6676532104709327,0.1357088268667644,43,-9.779563339898322,1.7763568394002505e-15,43,-2.351036573193989,4.440892098500625e-16,43
perle,GPFA50,condition_mean_neural_and_behavior,published_input_causal_train_only;raw_preprocessing_fail,full,y,55062,D_beh,behavior,48,0.6117316055087967,0.0990061835529105,48,4.858591075888761,1.0577648895429153,48,4.638862109412074,1.1000462950937566,48,1.6887035381392277,0.0,48,1.48167890530142,0.227605296200039,48,0.8774061709695198,0.1347810856432716,48,-9.724284465186212,1.7763568394002505e-15,48,-3.645220963368722,0.0,48
perle,GPFA50,condition_mean_neural_and_behavior,published_input_causal_train_only;raw_preprocessing_fail,full,y,55062,D_beh,objective,48,0.5939875556804866,0.1174678915892499,48,5.193589854703591,1.0681026412726318,48,5.015065739453912,1.1000462950937566,48,1.4521483920529905,0.0,48,1.48167890530142,0.227605296200039,48,1.020335740761783,0.1567369405534785,48,-9.748608529906408,0.0,48,-4.665178098081944,0.0,48
perle,GPFA50,condition_mean_neural_and_behavior,published_input_causal_train_only;raw_preprocessing_fail,full,y,55062,D_obj,behavior,48,0.6022145908171733,0.1009896098332712,48,4.793428411844248,1.0376673139649806,48,4.5641393314642285,1.0799032860827724,48,1.6887035381392277,0.0,48,1.4992608186124363,0.2250038323087945,48,0.8878176570083242,0.1332405761148134,48,-9.724284465186212,1.7763568394002505e-15,48,-3.645220963368722,0.0,48
perle,GPFA50,condition_mean_neural_and_behavior,published_input_causal_train_only;raw_preprocessing_fail,full,y,55062,D_obj,objective,48,0.5816293721298762,0.121162846057557,48,5.128939610167618,1.045388610336904,48,4.940342961506065,1.079903286082772,48,1.4521483920529905,0.0,48,1.4992608186124363,0.2250038323087945,48,1.0324432591168178,0.1549454818392857,48,-9.748608529906408,0.0,48,-4.665178098081944,0.0,48
perle,GPFA50,condition_mean_neural_and_behavior,published_input_causal_train_only;raw_preprocessing_fail,full,y,241919,D_beh,behavior,43,0.6693072798981436,0.142905093547027,43,4.5034152118124124,1.1535940519894303,43,4.242394141584596,1.1661750358621634,43,2.041393599836602,4.440892098500625e-16,43,1.3429159922941891,0.2728802411751181,43,0.6578427562434207,0.1336735067636932,43,-9.779563339898322,1.7763568394002505e-15,43,-2.3510365731939884,4.440892098500625e-16,43
perle,GPFA50,condition_mean_neural_and_behavior,published_input_causal_train_only;raw_preprocessing_fail,full,y,241919,D_beh,objective,43,0.6647152752903122,0.1441356260570942,43,4.542734791631994,1.154012006230438,43,4.281519184014972,1.1661750358621632,43,2.0409070934012004,4.440892098500625e-16,43,1.3429159922941891,0.2728802411751181,43,0.6579995711888094,0.1337053715269123,43,-9.779563339898322,1.7763568394002505e-15,43,-2.351036573193989,4.440892098500625e-16,43
perle,GPFA50,condition_mean_neural_and_behavior,published_input_causal_train_only;raw_preprocessing_fail,full,y,241919,D_obj,behavior,43,0.6781521738169368,0.1431383540780933,43,4.365257313328442,1.1105463243938964,43,4.101895300481688,1.1205710588646127,43,2.041393599836602,4.440892098500625e-16,43,1.362618173182211,0.2769691073895349,43,0.6674940948630768,0.1356764846385842,43,-9.779563339898322,1.7763568394002505e-15,43,-2.3510365731939884,4.440892098500625e-16,43
perle,GPFA50,condition_mean_neural_and_behavior,published_input_causal_train_only;raw_preprocessing_fail,full,y,241919,D_obj,objective,43,0.6729370840665808,0.1445923438114612,43,4.405079281983476,1.1106780997005044,43,4.141020342912064,1.1205710588646125,43,2.0409070934012004,4.440892098500625e-16,43,1.362618173182211,0.2769691073895349,43,0.6676532104709327,0.1357088268667644,43,-9.779563339898322,1.7763568394002505e-15,43,-2.351036573193989,4.440892098500625e-16,43
perle,GPFA50,condition_mean_neural_and_behavior,published_input_causal_train_only;raw_preprocessing_fail,hidden,y,55062,D_beh,behavior,48,0.8543025562506599,0.0715008819421552,48,4.063293050438742,1.0445763241467745,48,4.006797113404176,1.06841572762755,48,1.0654560178244996,0.0,48,1.155495090689664,0.2495247508399719,48,1.0845075454630315,0.2341952616209009,48,-7.08121337743948,8.88178419700125e-16,48,-3.645220963368722,0.0,48
perle,GPFA50,condition_mean_neural_and_behavior,published_input_causal_train_only;raw_preprocessing_fail,hidden,y,55062,D_beh,objective,48,0.8543025562506599,0.0715008819421553,48,5.166548132958299,1.0539994984724972,48,5.120743153324802,1.06841572762755,48,0.7992495568464376,0.0,48,1.155495090689664,0.2495247508399719,48,1.4457250314267902,0.3121987978629732,48,-7.765914396826599,0.0,48,-5.188412023822852,0.0,48
perle,GPFA50,condition_mean_neural_and_behavior,published_input_causal_train_only;raw_preprocessing_fail,hidden,y,55062,D_obj,behavior,48,0.8454629712386555,0.0769167033003758,48,4.018765085161929,0.9977068714515658,48,3.961258159875712,1.0192477156790447,48,1.0654560178244996,0.0,48,1.1285786583872772,0.2499110758282958,48,1.0592447172917232,0.2345578528324205,48,-7.08121337743948,8.88178419700125e-16,48,-3.645220963368722,0.0,48
perle,GPFA50,condition_mean_neural_and_behavior,published_input_causal_train_only;raw_preprocessing_fail,hidden,y,55062,D_obj,objective,48,0.8454629712386555,0.0769167033003758,48,5.120092452427765,1.0069490685283815,48,5.075204199796338,1.0192477156790447,48,0.7992495568464376,0.0,48,1.1285786583872772,0.2499110758282958,48,1.412047900082996,0.3126821575158058,48,-7.765914396826599,0.0,48,-5.188412023822852,0.0,48
perle,GPFA50,condition_mean_neural_and_behavior,published_input_causal_train_only;raw_preprocessing_fail,hidden,y,241919,D_beh,behavior,43,0.7941640589622593,0.1089047756939935,43,4.738412087069928,1.287543396294654,43,4.627154041788294,1.31892120177904,43,1.4410336445405618,0.0,43,1.490520372759296,0.3479045496913585,43,1.0343411331208103,0.2414270832672192,43,-9.635367165839266,1.7763568394002505e-15,43,-4.913514804082322,0.0,43
perle,GPFA50,condition_mean_neural_and_behavior,published_input_causal_train_only;raw_preprocessing_fail,hidden,y,241919,D_beh,objective,43,0.7941640589622595,0.1089047756939935,43,4.833518086978579,1.28797221129036,43,4.727140261332587,1.31892120177904,43,1.3850045820275747,2.2204460492503126e-16,43,1.490520372759296,0.3479045496913585,43,1.076184434406168,0.2511937896855507,43,-9.643557832185932,0.0,43,-5.105296576824238,8.88178419700125e-16,43
perle,GPFA50,condition_mean_neural_and_behavior,published_input_causal_train_only;raw_preprocessing_fail,hidden,y,241919,D_obj,behavior,43,0.8083148210582543,0.1005026123182357,43,4.619703320263618,1.2419832740278205,43,4.511168539749743,1.2686682401459195,43,1.4410336445405618,0.0,43,1.5203833492264454,0.3522949688196357,43,1.055064435855821,0.2444737984809205,43,-9.635367165839266,1.7763568394002505e-15,43,-4.913514804082322,0.0,43
perle,GPFA50,condition_mean_neural_and_behavior,published_input_causal_train_only;raw_preprocessing_fail,hidden,y,241919,D_obj,objective,43,0.8083148210582543,0.1005026123182358,43,4.715416619129633,1.241897101628965,43,4.6111547592940365,1.2686682401459195,43,1.3850045820275747,2.2204460492503126e-16,43,1.5203833492264454,0.3522949688196357,43,1.0977460789340376,0.2543637569082222,43,-9.643557832185932,0.0,43,-5.105296576824238,8.88178419700125e-16,43
perle,GPFA50,condition_mean_neural_and_behavior,published_input_causal_train_only;raw_preprocessing_fail,no_bounce,y,55062,D_beh,behavior,48,,,0,,,0,,,0,,,0,,,0,,,0,,,0,,,0
perle,GPFA50,condition_mean_neural_and_behavior,published_input_causal_train_only;raw_preprocessing_fail,no_bounce,y,55062,D_beh,objective,48,,,0,,,0,,,0,,,0,,,0,,,0,,,0,,,0
perle,GPFA50,condition_mean_neural_and_behavior,published_input_causal_train_only;raw_preprocessing_fail,no_bounce,y,55062,D_obj,behavior,48,,,0,,,0,,,0,,,0,,,0,,,0,,,0,,,0
perle,GPFA50,condition_mean_neural_and_behavior,published_input_causal_train_only;raw_preprocessing_fail,no_bounce,y,55062,D_obj,objective,48,,,0,,,0,,,0,,,0,,,0,,,0,,,0,,,0
perle,GPFA50,condition_mean_neural_and_behavior,published_input_causal_train_only;raw_preprocessing_fail,no_bounce,y,241919,D_beh,behavior,43,,,0,,,0,,,0,,,0,,,0,,,0,,,0,,,0
perle,GPFA50,condition_mean_neural_and_behavior,published_input_causal_train_only;raw_preprocessing_fail,no_bounce,y,241919,D_beh,objective,43,,,0,,,0,,,0,,,0,,,0,,,0,,,0,,,0
perle,GPFA50,condition_mean_neural_and_behavior,published_input_causal_train_only;raw_preprocessing_fail,no_bounce,y,241919,D_obj,behavior,43,,,0,,,0,,,0,,,0,,,0,,,0,,,0,,,0
perle,GPFA50,condition_mean_neural_and_behavior,published_input_causal_train_only;raw_preprocessing_fail,no_bounce,y,241919,D_obj,objective,43,,,0,,,0,,,0,,,0,,,0,,,0,,,0,,,0
perle,GPFA50,condition_mean_neural_and_behavior,published_input_causal_train_only;raw_preprocessing_fail,post_bounce,y,55062,D_beh,behavior,48,0.8032915374068379,0.0686186047033445,48,4.446049416289918,1.1197620064710947,48,4.29105889772013,1.165463319886209,48,1.829583114072156,0.0,48,1.6058548712313987,0.2537689250804975,48,0.8777162725650663,0.1387031412394689,48,-9.724284465186212,1.7763568394002505e-15,48,-3.645220963368722,0.0,48
perle,GPFA50,condition_mean_neural_and_behavior,published_input_causal_train_only;raw_preprocessing_fail,post_bounce,y,55062,D_beh,objective,48,0.8032915374068379,0.0686186047033445,48,5.177274184970027,1.1306627184754072,48,5.074816460307291,1.1654633198862088,48,1.372457866559033,0.0,48,1.6058548712313987,0.2537689250804975,48,1.170057682905435,0.1849010678314927,48,-9.748608529906408,0.0,48,-5.188412023822852,0.0,48
perle,GPFA50,condition_mean_neural_and_behavior,published_input_causal_train_only;raw_preprocessing_fail,post_bounce,y,55062,D_obj,behavior,48,0.8029650832053624,0.0630115408119867,48,4.386307066326848,1.079230551635482,48,4.23060420802872,1.1200072625382818,48,1.829583114072156,0.0,48,1.6092491767254025,0.2562915517879581,48,0.8795715069449072,0.1400819398783817,48,-9.724284465186212,1.7763568394002505e-15,48,-3.645220963368722,0.0,48
perle,GPFA50,condition_mean_neural_and_behavior,published_input_causal_train_only;raw_preprocessing_fail,post_bounce,y,55062,D_obj,objective,48,0.8029650832053624,0.0630115408119868,48,5.117626468270415,1.0878368472547644,48,5.014361770615881,1.1200072625382815,48,1.372457866559033,0.0,48,1.6092491767254025,0.2562915517879581,48,1.1725308411543751,0.1867391036422278,48,-9.748608529906408,0.0,48,-5.188412023822852,0.0,48
perle,GPFA50,condition_mean_neural_and_behavior,published_input_causal_train_only;raw_preprocessing_fail,post_bounce,y,241919,D_beh,behavior,43,0.7941640589622593,0.1089047756939935,43,4.738412087069928,1.287543396294654,43,4.627154041788294,1.31892120177904,43,1.4410336445405618,0.0,43,1.490520372759296,0.3479045496913585,43,1.0343411331208103,0.2414270832672192,43,-9.635367165839266,1.7763568394002505e-15,43,-4.913514804082322,0.0,43
perle,GPFA50,condition_mean_neural_and_behavior,published_input_causal_train_only;raw_preprocessing_fail,post_bounce,y,241919,D_beh,objective,43,0.7941640589622595,0.1089047756939935,43,4.833518086978579,1.28797221129036,43,4.727140261332587,1.31892120177904,43,1.3850045820275747,2.2204460492503126e-16,43,1.490520372759296,0.3479045496913585,43,1.076184434406168,0.2511937896855507,43,-9.643557832185932,0.0,43,-5.105296576824238,8.88178419700125e-16,43
perle,GPFA50,condition_mean_neural_and_behavior,published_input_causal_train_only;raw_preprocessing_fail,post_bounce,y,241919,D_obj,behavior,43,0.8083148210582543,0.1005026123182357,43,4.619703320263618,1.2419832740278205,43,4.511168539749743,1.2686682401459195,43,1.4410336445405618,0.0,43,1.5203833492264454,0.3522949688196357,43,1.055064435855821,0.2444737984809205,43,-9.635367165839266,1.7763568394002505e-15,43,-4.913514804082322,0.0,43
perle,GPFA50,condition_mean_neural_and_behavior,published_input_causal_train_only;raw_preprocessing_fail,post_bounce,y,241919,D_obj,objective,43,0.8083148210582543,0.1005026123182358,43,4.715416619129633,1.241897101628965,43,4.6111547592940365,1.2686682401459195,43,1.3850045820275747,2.2204460492503126e-16,43,1.5203833492264454,0.3522949688196357,43,1.0977460789340376,0.2543637569082222,43,-9.643557832185932,0.0,43,-5.105296576824238,8.88178419700125e-16,43
perle,GPFA50,condition_mean_neural_and_behavior,published_input_causal_train_only;raw_preprocessing_fail,visible,y,55062,D_beh,behavior,48,0.4399452532216609,0.1773314020058675,48,5.1685718939987115,1.0923817929928004,48,4.928336456536162,1.1358484923883656,48,1.4944473923529151,2.2204460492503126e-16,48,1.3978943636719918,0.2805248073477718,48,0.9353921528619976,0.1877113967231076,48,-9.724284465186212,1.7763568394002505e-15,48,-4.665178098081944,0.0,48
perle,GPFA50,condition_mean_neural_and_behavior,published_input_causal_train_only;raw_preprocessing_fail,visible,y,55062,D_beh,objective,48,0.4817374214674383,0.1799663544621076,48,5.2279134399787255,1.0989893124463237,48,5.002515702801382,1.1358484923883656,48,1.5364906902542164,0.0,48,1.3978943636719918,0.2805248073477718,48,0.9097968328338562,0.1825750127398157,48,-9.748608529906408,0.0,48,-4.665178098081944,0.0,48
perle,GPFA50,condition_mean_neural_and_behavior,published_input_causal_train_only;raw_preprocessing_fail,visible,y,55062,D_obj,behavior,48,0.4218656435805223,0.1830139565414357,48,5.096416672791036,1.0803272386982825,48,4.840562069514021,1.1276059093933686,48,1.4944473923529151,2.2204460492503126e-16,48,1.4232491914081666,0.2822884118315648,48,0.952358175129436,0.1888915014847857,48,-9.724284465186212,1.7763568394002505e-15,48,-4.665178098081944,0.0,48
perle,GPFA50,condition_mean_neural_and_behavior,published_input_causal_train_only;raw_preprocessing_fail,visible,y,55062,D_obj,objective,48,0.4636605319830753,0.1856314465004881,48,5.15530959015883,1.0863380136762204,48,4.91474131577924,1.1276059093933684,48,1.5364906902542164,0.0,48,1.4232491914081666,0.2822884118315648,48,0.9262986104866578,0.1837228260620697,48,-9.748608529906408,0.0,48,-4.665178098081944,0.0,48
perle,GPFA50,condition_mean_neural_and_behavior,published_input_causal_train_only;raw_preprocessing_fail,visible,y,241919,D_beh,behavior,43,0.639393763517715,0.2289875664733052,43,4.236990626939771,1.0833873378301024,43,3.9039752462023967,1.0914155681280833,43,2.1429596563521867,4.440892098500625e-16,43,1.1208758033808566,0.2722747213008123,43,0.5230503523752037,0.1270554583208005,43,-9.504432718909268,1.7763568394002505e-15,43,-2.3510365731939884,4.440892098500625e-16,43
perle,GPFA50,condition_mean_neural_and_behavior,published_input_causal_train_only;raw_preprocessing_fail,visible,y,241919,D_beh,objective,43,0.6393937635177152,0.2289875664733053,43,4.236990626939772,1.0833873378301024,43,3.9039752462023967,1.091415568128083,43,2.1429596563521867,4.440892098500625e-16,43,1.1208758033808566,0.2722747213008123,43,0.5230503523752037,0.1270554583208005,43,-9.504432718909273,1.7763568394002505e-15,43,-2.351036573193989,4.440892098500625e-16,43
perle,GPFA50,condition_mean_neural_and_behavior,published_input_causal_train_only;raw_preprocessing_fail,visible,y,241919,D_obj,behavior,43,0.6528871999549613,0.2247514366459474,43,4.08566415526132,1.0483553591206165,43,3.749615756481472,1.0535687135469571,43,2.1429596563521867,4.440892098500625e-16,43,1.1366625968647506,0.2809313448130095,43,0.5304171702418391,0.1310950227085561,43,-9.504432718909268,1.7763568394002505e-15,43,-2.3510365731939884,4.440892098500625e-16,43
perle,GPFA50,condition_mean_neural_and_behavior,published_input_causal_train_only;raw_preprocessing_fail,visible,y,241919,D_obj,objective,43,0.6528871999549614,0.2247514366459474,43,4.085664155261321,1.0483553591206167,43,3.749615756481472,1.0535687135469571,43,2.1429596563521867,4.440892098500625e-16,43,1.1366625968647506,0.2809313448130095,43,0.5304171702418391,0.1310950227085561,43,-9.504432718909273,1.7763568394002505e-15,43,-2.351036573193989,4.440892098500625e-16,43
