animal,epoch,n_bins,path_RMS_pooled_bins,path_MAE_pooled_bins,representation,RMSE_obj_mean_of_100_splits,RMSE_beh_mean_of_100_splits
mahler,full,3369,0.6760126872081405,0.37194371105648905,FA50,4.590940151401528,4.612900317848208
mahler,full,3369,0.6760126872081405,0.37194371105648905,GPFA50,4.445833751468284,4.478077894011661
mahler,visible,1931,0.2839654199843683,0.16407815239367254,FA50,4.769149111161894,4.79649901164624
mahler,visible,1931,0.2839654199843683,0.16407815239367254,GPFA50,4.660302701503806,4.693987245103272
mahler,hidden,1360,1.0005724071016489,0.6666792545208899,FA50,4.36301316203922,4.373486407643398
mahler,hidden,1360,1.0005724071016489,0.6666792545208899,GPFA50,4.156329153101766,4.180625035168833
mahler,bounce,1207,0.8452850757465236,0.374402618779976,FA50,5.928237060166724,6.091899678660608
mahler,bounce,1207,0.8452850757465236,0.374402618779976,GPFA50,5.725306876037973,5.899677347772902
mahler,no_bounce,2162,0.5596682619744137,0.37057095359938974,FA50,3.6318989960435335,3.524901375677021
mahler,no_bounce,2162,0.5596682619744137,0.37057095359938974,GPFA50,3.523483676177414,3.428810225119962
mahler,post_bounce,631,1.169074416249946,0.7161710948770686,FA50,5.809147654288516,6.061824044257877
mahler,post_bounce,631,1.169074416249946,0.7161710948770686,GPFA50,5.48885338329459,5.751643567888741
perle,full,3369,0.5611976311752394,0.2931337563655819,FA50,3.8586265549022647,3.8828563889236847
perle,full,3369,0.5611976311752394,0.2931337563655819,GPFA50,3.8004724502741656,3.826547471198373
perle,visible,1931,0.1958029988482959,0.1138133778693568,FA50,3.977709151735113,3.991762812875626
perle,visible,1931,0.1958029988482959,0.1138133778693568,GPFA50,3.9696094448918418,3.9850652942471054
perle,hidden,1360,0.8471515758086808,0.5489223323265577,FA50,3.703782625336467,3.7421240253166856
perle,hidden,1360,0.8471515758086808,0.5489223323265577,GPFA50,3.5718022318022844,3.612968092360424
perle,bounce,1207,0.7845527156168898,0.3543018118382946,FA50,5.115919825456997,5.258546784984027
perle,bounce,1207,0.7845527156168898,0.3543018118382946,GPFA50,5.065806394194122,5.210803426305888
perle,no_bounce,2162,0.38358188971349116,0.2589848928338686,FA50,2.927697626619952,2.8384164196697466
perle,no_bounce,2162,0.38358188971349116,0.2589848928338686,GPFA50,2.85714033178933,2.7679043902228586
perle,post_bounce,631,1.0850783177700005,0.6777215323119193,FA50,4.89679151353988,5.127953008123708
perle,post_bounce,631,1.0850783177700005,0.6777215323119193,GPFA50,4.803556931599879,5.03922444387738
