animal,condition_id,condition_index,n_all_source_behavior_records,n_valid_terminal_endpoints,n_behavior_trials_in_mean,mean_endpoint,n_condition_time_rows,candidate_status,n_neural_trials,data_mode
mahler,29337,0,123,109,109,-0.8000917431192659,50,valid_condition_mean,0,condition_mean_neural_and_behavior
mahler,55062,1,104,102,102,-3.8916666666666662,50,valid_condition_mean,0,condition_mean_neural_and_behavior
mahler,58244,2,101,96,96,-5.6365624999999993,50,valid_condition_mean,0,condition_mean_neural_and_behavior
mahler,59920,3,100,95,0,,0,unknown_geometry_or_no_valid_trial,0,condition_mean_neural_and_behavior
mahler,68220,4,107,104,104,5.3043269230769221,52,valid_condition_mean,0,condition_mean_neural_and_behavior
mahler,72780,5,106,98,98,4.806836734693877,49,valid_condition_mean,0,condition_mean_neural_and_behavior
mahler,77046,6,100,97,97,5.7519587628865976,47,valid_condition_mean,0,condition_mean_neural_and_behavior
mahler,77944,7,101,96,96,6.486562499999998,45,valid_condition_mean,0,condition_mean_neural_and_behavior
mahler,90751,8,97,94,94,5.423723404255318,53,valid_condition_mean,0,condition_mean_neural_and_behavior
mahler,93053,9,90,84,84,-6.8505952380952371,50,valid_condition_mean,0,condition_mean_neural_and_behavior
mahler,99902,10,104,98,98,-4.7166326530612235,49,valid_condition_mean,0,condition_mean_neural_and_behavior
mahler,105802,11,101,97,97,-1.8367010309278347,46,valid_condition_mean,0,condition_mean_neural_and_behavior
mahler,118879,12,94,92,92,6.5265217391304313,42,valid_condition_mean,0,condition_mean_neural_and_behavior
mahler,122957,13,108,99,99,-1.365151515151515,42,valid_condition_mean,0,condition_mean_neural_and_behavior
mahler,126479,14,95,88,88,-7.1805681818181792,44,valid_condition_mean,0,condition_mean_neural_and_behavior
mahler,158705,15,98,92,92,-1.1881521739130434,48,valid_condition_mean,0,condition_mean_neural_and_behavior
mahler,159613,16,108,101,101,5.0831683168316832,50,valid_condition_mean,0,condition_mean_neural_and_behavior
mahler,163248,17,101,98,98,-2.6957142857142857,36,valid_condition_mean,0,condition_mean_neural_and_behavior
mahler,167848,18,101,90,90,-1.7982222222222219,44,valid_condition_mean,0,condition_mean_neural_and_behavior
mahler,179553,19,108,95,95,0.039368421052631532,39,valid_condition_mean,0,condition_mean_neural_and_behavior
mahler,182748,20,87,82,82,6.8870731707317061,49,valid_condition_mean,0,condition_mean_neural_and_behavior
mahler,183171,21,102,99,99,6.6506060606060595,39,valid_condition_mean,0,condition_mean_neural_and_behavior
mahler,184642,22,89,86,86,-6.4481395348837189,44,valid_condition_mean,0,condition_mean_neural_and_behavior
mahler,187617,23,104,90,90,-2.9428888888888882,38,valid_condition_mean,0,condition_mean_neural_and_behavior
mahler,197632,24,99,95,95,3.9547368421052638,47,valid_condition_mean,0,condition_mean_neural_and_behavior
mahler,199564,25,98,97,97,4.6636082474226797,42,valid_condition_mean,0,condition_mean_neural_and_behavior
mahler,204372,26,103,97,97,-6.5861855670103067,45,valid_condition_mean,0,condition_mean_neural_and_behavior
mahler,204678,27,105,91,91,6.8971428571428559,40,valid_condition_mean,0,condition_mean_neural_and_behavior
mahler,206128,28,97,91,91,-6.755164835164833,34,valid_condition_mean,0,condition_mean_neural_and_behavior
mahler,217817,29,100,94,94,-3.0437234042553181,39,valid_condition_mean,0,condition_mean_neural_and_behavior
mahler,218791,30,104,97,97,-3.2825773195876287,44,valid_condition_mean,0,condition_mean_neural_and_behavior
mahler,226533,31,116,103,103,-0.98864077669902928,36,valid_condition_mean,0,condition_mean_neural_and_behavior
mahler,232533,32,103,101,101,-6.4785148514851452,36,valid_condition_mean,0,condition_mean_neural_and_behavior
mahler,241919,33,88,80,80,-6.4982499999999987,46,valid_condition_mean,0,condition_mean_neural_and_behavior
mahler,242380,34,98,93,93,6.7945161290322558,44,valid_condition_mean,0,condition_mean_neural_and_behavior
mahler,244437,35,104,97,97,6.675567010309277,36,valid_condition_mean,0,condition_mean_neural_and_behavior
mahler,245662,36,104,95,95,4.4414736842105249,47,valid_condition_mean,0,condition_mean_neural_and_behavior
mahler,248856,37,98,88,88,2.8764772727272723,31,valid_condition_mean,0,condition_mean_neural_and_behavior
mahler,251629,38,107,98,98,-4.7322448979591822,50,valid_condition_mean,0,condition_mean_neural_and_behavior
mahler,258471,39,103,92,92,-5.8557608695652164,44,valid_condition_mean,0,condition_mean_neural_and_behavior
mahler,269179,40,93,90,90,-5.9292222222222195,36,valid_condition_mean,0,condition_mean_neural_and_behavior
mahler,270569,41,93,87,87,-6.5557471264367804,49,valid_condition_mean,0,condition_mean_neural_and_behavior
mahler,273073,42,102,97,97,5.8168041237113384,33,valid_condition_mean,0,condition_mean_neural_and_behavior
mahler,273515,43,101,89,89,5.6080898876404479,34,valid_condition_mean,0,condition_mean_neural_and_behavior
mahler,287936,44,112,99,99,-1.109292929292929,35,valid_condition_mean,0,condition_mean_neural_and_behavior
mahler,297652,45,100,94,94,5.8270212765957421,33,valid_condition_mean,0,condition_mean_neural_and_behavior
mahler,301600,46,108,96,96,-0.68708333333333327,32,valid_condition_mean,0,condition_mean_neural_and_behavior
mahler,320246,47,112,100,100,4.9843999999999982,33,valid_condition_mean,0,condition_mean_neural_and_behavior
mahler,325813,48,78,76,76,-7.2205263157894723,37,valid_condition_mean,0,condition_mean_neural_and_behavior
mahler,328386,49,104,102,102,-6.7633333333333301,32,valid_condition_mean,0,condition_mean_neural_and_behavior
mahler,330797,50,95,93,93,-6.7926881720430083,36,valid_condition_mean,0,condition_mean_neural_and_behavior
mahler,332165,51,96,81,81,-6.6132098765432081,63,valid_condition_mean,0,condition_mean_neural_and_behavior
mahler,340684,52,185,173,173,-6.1809248554913276,65,valid_condition_mean,0,condition_mean_neural_and_behavior
mahler,351612,53,106,94,94,-6.3008510638297857,40,valid_condition_mean,0,condition_mean_neural_and_behavior
mahler,356164,54,112,104,104,-2.6399038461538455,30,valid_condition_mean,0,condition_mean_neural_and_behavior
mahler,356765,55,103,95,95,-1.6946315789473678,31,valid_condition_mean,0,condition_mean_neural_and_behavior
mahler,370777,56,104,99,99,-1.5162626262626262,31,valid_condition_mean,0,condition_mean_neural_and_behavior
mahler,377134,57,100,95,95,2.7038947368421042,36,valid_condition_mean,0,condition_mean_neural_and_behavior
mahler,379400,58,97,87,87,3.943218390804597,70,valid_condition_mean,0,condition_mean_neural_and_behavior
mahler,381514,59,94,82,82,5.1746341463414618,65,valid_condition_mean,0,condition_mean_neural_and_behavior
mahler,388571,60,101,96,96,-4.4872916666666649,70,valid_condition_mean,0,condition_mean_neural_and_behavior
mahler,394672,61,89,83,83,-3.0149397590361438,63,valid_condition_mean,0,condition_mean_neural_and_behavior
mahler,396358,62,114,99,99,-0.32282828282828285,30,valid_condition_mean,0,condition_mean_neural_and_behavior
mahler,400995,63,106,97,97,-7.1645360824742239,32,valid_condition_mean,0,condition_mean_neural_and_behavior
mahler,401673,64,101,96,96,-6.9062499999999973,32,valid_condition_mean,0,condition_mean_neural_and_behavior
mahler,406460,65,110,101,101,-4.9804950495049489,65,valid_condition_mean,0,condition_mean_neural_and_behavior
mahler,413189,66,106,96,96,0.89958333333333318,40,valid_condition_mean,0,condition_mean_neural_and_behavior
mahler,413513,67,109,96,96,-1.3918749999999998,31,valid_condition_mean,0,condition_mean_neural_and_behavior
mahler,420020,68,101,100,100,3.3813,28,valid_condition_mean,0,condition_mean_neural_and_behavior
mahler,428615,69,106,93,93,2.226451612903225,65,valid_condition_mean,0,condition_mean_neural_and_behavior
mahler,435203,70,99,92,92,2.7532608695652168,28,valid_condition_mean,0,condition_mean_neural_and_behavior
mahler,448412,71,114,105,105,4.1204761904761895,33,valid_condition_mean,0,condition_mean_neural_and_behavior
mahler,454477,72,89,89,89,-6.0493258426966277,35,valid_condition_mean,0,condition_mean_neural_and_behavior
mahler,456038,73,89,87,87,6.0535632183908019,38,valid_condition_mean,0,condition_mean_neural_and_behavior
mahler,460651,74,115,93,93,0.70559139784946201,31,valid_condition_mean,0,condition_mean_neural_and_behavior
mahler,463174,75,90,81,81,4.6949382716049373,65,valid_condition_mean,0,condition_mean_neural_and_behavior
mahler,464785,76,94,89,89,-5.2528089887640439,54,valid_condition_mean,0,condition_mean_neural_and_behavior
mahler,465431,77,105,102,102,-5.2599999999999989,55,valid_condition_mean,0,condition_mean_neural_and_behavior
mahler,469268,78,89,83,83,6.1834939759036134,36,valid_condition_mean,0,condition_mean_neural_and_behavior
perle,29337,0,1134,1048,1048,-0.50837786259541984,50,valid_condition_mean,0,condition_mean_neural_and_behavior
perle,55062,1,1144,1095,1095,-3.4501461187214604,50,valid_condition_mean,0,condition_mean_neural_and_behavior
perle,58244,2,1174,1151,1151,-6.2415551694178966,50,valid_condition_mean,0,condition_mean_neural_and_behavior
perle,59920,3,1111,1087,0,,0,unknown_geometry_or_no_valid_trial,0,condition_mean_neural_and_behavior
perle,68220,4,1081,1043,1043,5.6220613614573329,52,valid_condition_mean,0,condition_mean_neural_and_behavior
perle,72780,5,1103,1064,1064,5.5061466165413524,49,valid_condition_mean,0,condition_mean_neural_and_behavior
perle,77046,6,1106,1081,1081,6.5211748381128567,47,valid_condition_mean,0,condition_mean_neural_and_behavior
perle,77944,7,1156,1123,1123,6.8826536064113961,45,valid_condition_mean,0,condition_mean_neural_and_behavior
perle,90751,8,1123,1095,1095,6.1948310502283093,53,valid_condition_mean,0,condition_mean_neural_and_behavior
perle,93053,9,1077,1034,1034,-5.4436170212765944,50,valid_condition_mean,0,condition_mean_neural_and_behavior
perle,99902,10,1166,1125,1125,-3.4992799999999993,49,valid_condition_mean,0,condition_mean_neural_and_behavior
perle,105802,11,1097,1025,1025,-1.2505365853658534,46,valid_condition_mean,0,condition_mean_neural_and_behavior
perle,118879,12,1129,1096,1096,7.0612043795620423,42,valid_condition_mean,0,condition_mean_neural_and_behavior
perle,122957,13,1098,1024,1024,-1.2232031249999999,42,valid_condition_mean,0,condition_mean_neural_and_behavior
perle,126479,14,1105,1066,1066,-7.631500938086301,44,valid_condition_mean,0,condition_mean_neural_and_behavior
perle,158705,15,1143,1090,1090,-0.28884403669724762,48,valid_condition_mean,0,condition_mean_neural_and_behavior
perle,159613,16,1152,1120,1120,5.0400446428571417,50,valid_condition_mean,0,condition_mean_neural_and_behavior
perle,163248,17,1142,1078,1078,-1.673191094619666,36,valid_condition_mean,0,condition_mean_neural_and_behavior
perle,167848,18,1107,1058,1058,-1.4180056710775044,44,valid_condition_mean,0,condition_mean_neural_and_behavior
perle,179553,19,1171,1084,1084,0.77331180811808109,39,valid_condition_mean,0,condition_mean_neural_and_behavior
perle,182748,20,1115,1091,1091,7.149349220898257,49,valid_condition_mean,0,condition_mean_neural_and_behavior
perle,183171,21,1158,1124,1124,7.2774822064056925,39,valid_condition_mean,0,condition_mean_neural_and_behavior
perle,184642,22,1090,1057,1057,-6.4477767265846717,44,valid_condition_mean,0,condition_mean_neural_and_behavior
perle,187617,23,1150,1123,1123,-2.5946571682991979,38,valid_condition_mean,0,condition_mean_neural_and_behavior
perle,197632,24,1147,1110,1110,3.8438378378378371,47,valid_condition_mean,0,condition_mean_neural_and_behavior
perle,199564,25,1136,1095,1095,5.0212876712328756,42,valid_condition_mean,0,condition_mean_neural_and_behavior
perle,204372,26,1114,1078,1078,-6.9739424860853418,45,valid_condition_mean,0,condition_mean_neural_and_behavior
perle,204678,27,1083,1040,1040,7.1501346153846139,40,valid_condition_mean,0,condition_mean_neural_and_behavior
perle,206128,28,1119,1076,1076,-6.6702881040892175,34,valid_condition_mean,0,condition_mean_neural_and_behavior
perle,217817,29,1141,1095,1095,-2.5416164383561641,39,valid_condition_mean,0,condition_mean_neural_and_behavior
perle,218791,30,1116,1063,1063,-2.4044684854186262,44,valid_condition_mean,0,condition_mean_neural_and_behavior
perle,226533,31,1140,1105,1105,0.77446153846153853,36,valid_condition_mean,0,condition_mean_neural_and_behavior
perle,232533,32,1156,1129,1129,-6.6515323294951267,36,valid_condition_mean,0,condition_mean_neural_and_behavior
perle,241919,33,1066,1008,1008,-4.8335317460317446,46,valid_condition_mean,0,condition_mean_neural_and_behavior
perle,242380,34,1183,1148,1148,7.5894337979094058,44,valid_condition_mean,0,condition_mean_neural_and_behavior
perle,244437,35,1113,1085,1085,7.5060092165898595,36,valid_condition_mean,0,condition_mean_neural_and_behavior
perle,245662,36,1120,1090,1090,4.6229082568807334,47,valid_condition_mean,0,condition_mean_neural_and_behavior
perle,248856,37,1125,1101,1101,4.9335513169845591,31,valid_condition_mean,0,condition_mean_neural_and_behavior
perle,251629,38,1148,1069,1069,-3.6743217960710939,50,valid_condition_mean,0,condition_mean_neural_and_behavior
perle,258471,39,1143,1118,1118,-5.7333184257602845,44,valid_condition_mean,0,condition_mean_neural_and_behavior
perle,269179,40,1055,1032,1032,-5.9163953488372085,36,valid_condition_mean,0,condition_mean_neural_and_behavior
perle,270569,41,1171,1139,1139,-7.0694029850746256,49,valid_condition_mean,0,condition_mean_neural_and_behavior
perle,273073,42,1096,1066,1066,6.4855159474671646,33,valid_condition_mean,0,condition_mean_neural_and_behavior
perle,273515,43,1066,1051,1051,6.1648049476688849,34,valid_condition_mean,0,condition_mean_neural_and_behavior
perle,287936,44,1081,1049,1049,0.74012392755004774,35,valid_condition_mean,0,condition_mean_neural_and_behavior
perle,297652,45,1174,1145,1145,6.9413449781659358,33,valid_condition_mean,0,condition_mean_neural_and_behavior
perle,301600,46,1176,1130,1130,0.31216814159292033,32,valid_condition_mean,0,condition_mean_neural_and_behavior
perle,320246,47,1146,1115,1115,5.9240807174887875,33,valid_condition_mean,0,condition_mean_neural_and_behavior
perle,325813,48,1021,983,983,-5.9937538148524903,37,valid_condition_mean,0,condition_mean_neural_and_behavior
perle,328386,49,1141,1124,1124,-6.9439857651245527,32,valid_condition_mean,0,condition_mean_neural_and_behavior
perle,330797,50,1048,1016,1016,-6.680196850393699,36,valid_condition_mean,0,condition_mean_neural_and_behavior
perle,332165,51,955,879,879,-6.3615585893060276,63,valid_condition_mean,0,condition_mean_neural_and_behavior
perle,340684,52,2194,2073,2073,-5.9994500723588988,65,valid_condition_mean,0,condition_mean_neural_and_behavior
perle,351612,53,1099,1066,1066,-6.0176172607879908,40,valid_condition_mean,0,condition_mean_neural_and_behavior
perle,356164,54,1128,1105,1105,-2.706461538461538,30,valid_condition_mean,0,condition_mean_neural_and_behavior
perle,356765,55,1137,1096,1096,-1.8800821167883208,31,valid_condition_mean,0,condition_mean_neural_and_behavior
perle,370777,56,1106,1044,1044,-1.1172126436781609,31,valid_condition_mean,0,condition_mean_neural_and_behavior
perle,377134,57,1103,1038,1038,2.668901734104046,36,valid_condition_mean,0,condition_mean_neural_and_behavior
perle,379400,58,1094,1031,1031,3.0100387972841895,70,valid_condition_mean,0,condition_mean_neural_and_behavior
perle,381514,59,1148,1086,1086,4.031473296500919,65,valid_condition_mean,0,condition_mean_neural_and_behavior
perle,388571,60,1156,1079,1079,-4.1992678405931407,70,valid_condition_mean,0,condition_mean_neural_and_behavior
perle,394672,61,1148,992,992,-2.3078528225806445,63,valid_condition_mean,0,condition_mean_neural_and_behavior
perle,396358,62,1105,1039,1039,-0.43637151106833488,30,valid_condition_mean,0,condition_mean_neural_and_behavior
perle,400995,63,1179,1147,1147,-7.771830863121183,32,valid_condition_mean,0,condition_mean_neural_and_behavior
perle,401673,64,1063,1042,1042,-7.5077351247600745,32,valid_condition_mean,0,condition_mean_neural_and_behavior
perle,406460,65,1113,1043,1043,-4.3830009587727696,65,valid_condition_mean,0,condition_mean_neural_and_behavior
perle,413189,66,1148,1099,1099,1.8757233848953587,40,valid_condition_mean,0,condition_mean_neural_and_behavior
perle,413513,67,1104,1069,1069,-1.7089055191768006,31,valid_condition_mean,0,condition_mean_neural_and_behavior
perle,420020,68,1138,1104,1104,4.1146467391304338,28,valid_condition_mean,0,condition_mean_neural_and_behavior
perle,428615,69,1155,1074,1074,3.1923277467411539,65,valid_condition_mean,0,condition_mean_neural_and_behavior
perle,435203,70,1060,1034,1034,3.3511702127659571,28,valid_condition_mean,0,condition_mean_neural_and_behavior
perle,448412,71,1126,1092,1092,4.2397252747252736,33,valid_condition_mean,0,condition_mean_neural_and_behavior
perle,454477,72,1111,1084,1084,-5.6211346863468625,35,valid_condition_mean,0,condition_mean_neural_and_behavior
perle,456038,73,1161,1118,1118,5.351654740608228,38,valid_condition_mean,0,condition_mean_neural_and_behavior
perle,460651,74,1136,1084,1084,1.0998247232472322,31,valid_condition_mean,0,condition_mean_neural_and_behavior
perle,463174,75,1096,949,949,4.9013382507903049,65,valid_condition_mean,0,condition_mean_neural_and_behavior
perle,464785,76,1113,1067,1067,-5.0858200562324258,54,valid_condition_mean,0,condition_mean_neural_and_behavior
perle,465431,77,1146,1101,1101,-4.9908356039963664,55,valid_condition_mean,0,condition_mean_neural_and_behavior
perle,469268,78,1122,1083,1083,6.4377100646352705,36,valid_condition_mean,0,condition_mean_neural_and_behavior
