animal,representation,epoch,coordinate,comparison,left_cell,right_cell,n_rounds,Delta_r,Delta_r_sd,Delta_r_n_finite,Delta_RMSE,Delta_RMSE_sd,Delta_RMSE_n_finite
mahler,FA50,full,x,own_trajectory,OO,BB,100,0,0,100,0,0,100
mahler,FA50,full,x,same_behavior_target,OB,BB,100,0,0,100,0,0,100
mahler,FA50,full,x,same_objective_target,OO,BO,100,0,0,100,0,0,100
mahler,FA50,full,x,fixed_objective_head_reference,OO,OB,100,0,0,100,0,0,100
mahler,FA50,full,x,fixed_behavior_head_reference,BO,BB,100,0,0,100,0,0,100
mahler,FA50,full,y,own_trajectory,OO,BB,100,-0.023175763328511387,0.010542121054526721,100,-0.021960166446681376,0.053550949617451181,100
mahler,FA50,full,y,same_behavior_target,OB,BB,100,-0.011144406829129554,0.007557675930934757,100,-0.032589862633474666,0.031270809966220642,100
mahler,FA50,full,y,same_objective_target,OO,BO,100,-0.011070809607705314,0.0075343022652700686,100,-0.033986192132138375,0.031846035611406191,100
mahler,FA50,full,y,fixed_objective_head_reference,OO,OB,100,-0.012031356499381836,0.0074835824282525852,100,0.01062969618679329,0.046533582251953982,100
mahler,FA50,full,y,fixed_behavior_head_reference,BO,BB,100,-0.012104953720806071,0.0077323877150167744,100,0.012026025685456999,0.046461195842731326,100
mahler,FA50,visible,x,own_trajectory,OO,BB,100,0,0,100,0,0,100
mahler,FA50,visible,x,same_behavior_target,OB,BB,100,0,0,100,0,0,100
mahler,FA50,visible,x,same_objective_target,OO,BO,100,0,0,100,0,0,100
mahler,FA50,visible,x,fixed_objective_head_reference,OO,OB,100,0,0,100,0,0,100
mahler,FA50,visible,x,fixed_behavior_head_reference,BO,BB,100,0,0,100,0,0,100
mahler,FA50,visible,y,own_trajectory,OO,BB,100,-0.020262637973752381,0.0091867301622967825,100,-0.027349900484346667,0.028135183059445557,100
mahler,FA50,visible,y,same_behavior_target,OB,BB,100,-0.010929353032768112,0.0080004966954402307,100,-0.029922564715970969,0.026669955163409052,100
mahler,FA50,visible,y,same_objective_target,OO,BO,100,-0.011361448708217233,0.0079289984243000738,100,-0.032060201554102254,0.02661365704552944,100
mahler,FA50,visible,y,fixed_objective_head_reference,OO,OB,100,-0.0093332849409842669,0.0038743131454803213,100,0.0025726642316242997,0.015744012748356441,100
mahler,FA50,visible,y,fixed_behavior_head_reference,BO,BB,100,-0.0089011892655351463,0.0039298625763208141,100,0.0047103010697555894,0.015997348550058282,100
mahler,FA50,hidden,x,own_trajectory,OO,BB,100,0,0,100,0,0,100
mahler,FA50,hidden,x,same_behavior_target,OB,BB,100,0,0,100,0,0,100
mahler,FA50,hidden,x,same_objective_target,OO,BO,100,0,0,100,0,0,100
mahler,FA50,hidden,x,fixed_objective_head_reference,OO,OB,100,0,0,100,0,0,100
mahler,FA50,hidden,x,fixed_behavior_head_reference,BO,BB,100,0,0,100,0,0,100
mahler,FA50,hidden,y,own_trajectory,OO,BB,100,-0.02378226476579802,0.020609111075321571,100,-0.010473245604178602,0.13877505386382136,100
mahler,FA50,hidden,y,same_behavior_target,OB,BB,100,-0.010401812657497551,0.011239511341849815,100,-0.033373260952232489,0.057539675582039589,100
mahler,FA50,hidden,y,same_objective_target,OO,BO,100,-0.0097901919542414464,0.011196992484567028,100,-0.033459783178170596,0.058140438981967302,100
mahler,FA50,hidden,y,fixed_objective_head_reference,OO,OB,100,-0.01338045210830046,0.01602185724182922,100,0.022900015348053887,0.11437338009104474,100
mahler,FA50,hidden,y,fixed_behavior_head_reference,BO,BB,100,-0.013992072811556568,0.01640060713097681,100,0.022986537573991998,0.11425892283462552,100
mahler,FA50,bounce,x,own_trajectory,OO,BB,100,0,0,100,0,0,100
mahler,FA50,bounce,x,same_behavior_target,OB,BB,100,0,0,100,0,0,100
mahler,FA50,bounce,x,same_objective_target,OO,BO,100,0,0,100,0,0,100
mahler,FA50,bounce,x,fixed_objective_head_reference,OO,OB,100,0,0,100,0,0,100
mahler,FA50,bounce,x,fixed_behavior_head_reference,BO,BB,100,0,0,100,0,0,100
mahler,FA50,bounce,y,own_trajectory,OO,BB,100,-0.013153563629430513,0.01440534822341284,100,-0.1636626184938845,0.11557527657600439,100
mahler,FA50,bounce,y,same_behavior_target,OB,BB,100,-0.015343907934751828,0.010003002068123761,100,-0.071345492160263896,0.044767679732905172,100
mahler,FA50,bounce,y,same_objective_target,OO,BO,100,-0.01484485268101921,0.0098578583649547562,100,-0.067724546606710914,0.04405710916159291,100
mahler,FA50,bounce,y,fixed_objective_head_reference,OO,OB,100,0.0021903443053213133,0.011158147961550204,100,-0.092317126333620617,0.10232299002150777,100
mahler,FA50,bounce,y,fixed_behavior_head_reference,BO,BB,100,0.0016912890515886981,0.011551044298763229,100,-0.095938071887173598,0.10253756794923845,100
mahler,FA50,no_bounce,x,own_trajectory,OO,BB,100,0,0,100,0,0,100
mahler,FA50,no_bounce,x,same_behavior_target,OB,BB,100,0,0,100,0,0,100
mahler,FA50,no_bounce,x,same_objective_target,OO,BO,100,0,0,100,0,0,100
mahler,FA50,no_bounce,x,fixed_objective_head_reference,OO,OB,100,0,0,100,0,0,100
mahler,FA50,no_bounce,x,fixed_behavior_head_reference,BO,BB,100,0,0,100,0,0,100
mahler,FA50,no_bounce,y,own_trajectory,OO,BB,100,-0.029733669390657341,0.010419738733385637,100,0.10699762036651318,0.052069836179265708,100
mahler,FA50,no_bounce,y,same_behavior_target,OB,BB,100,-0.0077965598479384467,0.007970520190194617,100,0.00062983346196892058,0.032259160387914099,100
mahler,FA50,no_bounce,y,same_objective_target,OO,BO,100,-0.0085236500997003389,0.0080406941357759817,100,-0.006685981868041182,0.032624179895833785,100
mahler,FA50,no_bounce,y,fixed_objective_head_reference,OO,OB,100,-0.02193710954271889,0.0080306374908876207,100,0.10636778690454424,0.048088855535301588,100
mahler,FA50,no_bounce,y,fixed_behavior_head_reference,BO,BB,100,-0.021210019290957002,0.0082972945310018226,100,0.11368360223455434,0.048388425544924292,100
mahler,FA50,post_bounce,x,own_trajectory,OO,BB,100,0,0,100,0,0,100
mahler,FA50,post_bounce,x,same_behavior_target,OB,BB,100,0,0,100,0,0,100
mahler,FA50,post_bounce,x,same_objective_target,OO,BO,100,0,0,100,0,0,100
mahler,FA50,post_bounce,x,fixed_objective_head_reference,OO,OB,100,0,0,100,0,0,100
mahler,FA50,post_bounce,x,fixed_behavior_head_reference,BO,BB,100,0,0,100,0,0,100
mahler,FA50,post_bounce,y,own_trajectory,OO,BB,100,-0.011719706009653828,0.022412883563759624,100,-0.25267638996935848,0.22044119611691537,100
mahler,FA50,post_bounce,y,same_behavior_target,OB,BB,100,-0.01272472485729496,0.011820114583805599,100,-0.074189544059660037,0.059177147522732329,100
mahler,FA50,post_bounce,y,same_objective_target,OO,BO,100,-0.011736996540280785,0.011780447862511787,100,-0.067366598062733332,0.059012309044403591,100
mahler,FA50,post_bounce,y,fixed_objective_head_reference,OO,OB,100,0.0010050188476411314,0.019109596213387602,100,-0.17848684590969849,0.20135738824555591,100
mahler,FA50,post_bounce,y,fixed_behavior_head_reference,BO,BB,100,1.729053062695607e-05,0.019667367461099212,100,-0.18530979190662522,0.20175391877049667,100
mahler,GPFA50,full,x,own_trajectory,OO,BB,100,0,0,100,0,0,100
mahler,GPFA50,full,x,same_behavior_target,OB,BB,100,0,0,100,0,0,100
mahler,GPFA50,full,x,same_objective_target,OO,BO,100,0,0,100,0,0,100
mahler,GPFA50,full,x,fixed_objective_head_reference,OO,OB,100,0,0,100,0,0,100
mahler,GPFA50,full,x,fixed_behavior_head_reference,BO,BB,100,0,0,100,0,0,100
mahler,GPFA50,full,y,own_trajectory,OO,BB,100,-0.024771004931334138,0.014595352994069541,100,-0.032244142543377291,0.063514117324348821,100
mahler,GPFA50,full,y,same_behavior_target,OB,BB,100,-0.012357291405811989,0.011606940009272777,100,-0.036889184024751165,0.048798262252155736,100
mahler,GPFA50,full,y,same_objective_target,OO,BO,100,-0.012575576235348194,0.011520901560100501,100,-0.040235426100578148,0.048856131717727708,100
mahler,GPFA50,full,y,fixed_objective_head_reference,OO,OB,100,-0.01241371352552215,0.0090682700302984892,100,0.0046450414813738747,0.048467983581356698,100
mahler,GPFA50,full,y,fixed_behavior_head_reference,BO,BB,100,-0.012195428695985945,0.0093569795443531386,100,0.007991283557200855,0.048657270626641998,100
mahler,GPFA50,visible,x,own_trajectory,OO,BB,100,0,0,100,0,0,100
mahler,GPFA50,visible,x,same_behavior_target,OB,BB,100,0,0,100,0,0,100
mahler,GPFA50,visible,x,same_objective_target,OO,BO,100,0,0,100,0,0,100
mahler,GPFA50,visible,x,fixed_objective_head_reference,OO,OB,100,0,0,100,0,0,100
mahler,GPFA50,visible,x,fixed_behavior_head_reference,BO,BB,100,0,0,100,0,0,100
mahler,GPFA50,visible,y,own_trajectory,OO,BB,100,-0.021913108308409576,0.013579690754175922,100,-0.033684543599465044,0.046584221693701647,100
mahler,GPFA50,visible,y,same_behavior_target,OB,BB,100,-0.011934768682615284,0.012100730109123367,100,-0.032421031095928615,0.04373387176589643,100
mahler,GPFA50,visible,y,same_objective_target,OO,BO,100,-0.012457505830555667,0.012020067039736192,100,-0.035270709793318235,0.043605138747199297,100
mahler,GPFA50,visible,y,fixed_objective_head_reference,OO,OB,100,-0.0099783396257942959,0.0046929685439004425,100,-0.0012635125035364281,0.017499992771097882,100
mahler,GPFA50,visible,y,fixed_behavior_head_reference,BO,BB,100,-0.0094556024778539097,0.0047303108763072149,100,0.0015861661938531934,0.017603781316446881,100
mahler,GPFA50,hidden,x,own_trajectory,OO,BB,100,0,0,100,0,0,100
mahler,GPFA50,hidden,x,same_behavior_target,OB,BB,100,0,0,100,0,0,100
mahler,GPFA50,hidden,x,same_objective_target,OO,BO,100,0,0,100,0,0,100
mahler,GPFA50,hidden,x,fixed_objective_head_reference,OO,OB,100,0,0,100,0,0,100
mahler,GPFA50,hidden,x,fixed_behavior_head_reference,BO,BB,100,0,0,100,0,0,100
mahler,GPFA50,hidden,y,own_trajectory,OO,BB,100,-0.024922257006278661,0.023287912312899835,100,-0.024295882067066312,0.1474534134424588,100
mahler,GPFA50,hidden,y,same_behavior_target,OB,BB,100,-0.011935406762557881,0.01432947715683648,100,-0.040013312704135391,0.077600966903209584,100
mahler,GPFA50,hidden,y,same_objective_target,OO,BO,100,-0.011780617028435626,0.014195769051814147,100,-0.04399862100788926,0.077317750673183736,100
mahler,GPFA50,hidden,y,fixed_objective_head_reference,OO,OB,100,-0.012986850243720784,0.018215445462976217,100,0.015717430637069079,0.11923235997631425,100
mahler,GPFA50,hidden,y,fixed_behavior_head_reference,BO,BB,100,-0.013141639977843038,0.018699368977612717,100,0.019702738940822945,0.11970576765888034,100
mahler,GPFA50,bounce,x,own_trajectory,OO,BB,100,0,0,100,0,0,100
mahler,GPFA50,bounce,x,same_behavior_target,OB,BB,100,0,0,100,0,0,100
mahler,GPFA50,bounce,x,same_objective_target,OO,BO,100,0,0,100,0,0,100
mahler,GPFA50,bounce,x,fixed_objective_head_reference,OO,OB,100,0,0,100,0,0,100
mahler,GPFA50,bounce,x,fixed_behavior_head_reference,BO,BB,100,0,0,100,0,0,100
mahler,GPFA50,bounce,y,own_trajectory,OO,BB,100,-0.01425421794516258,0.019595097591474753,100,-0.17437047173493234,0.11998639522225708,100
mahler,GPFA50,bounce,y,same_behavior_target,OB,BB,100,-0.016018946364572465,0.017702580308065635,100,-0.083997867617016733,0.08212856925790922,100
mahler,GPFA50,bounce,y,same_objective_target,OO,BO,100,-0.015774927923973621,0.017516099701467912,100,-0.080373765090838739,0.081260696589434703,100
mahler,GPFA50,bounce,y,fixed_objective_head_reference,OO,OB,100,0.0017647284194098882,0.012159749448615748,100,-0.090372604117915659,0.1018276541259194,100
mahler,GPFA50,bounce,y,fixed_behavior_head_reference,BO,BB,100,0.0015207099788110418,0.012636168974405761,100,-0.093996706644093639,0.1023915919651731,100
mahler,GPFA50,no_bounce,x,own_trajectory,OO,BB,100,0,0,100,0,0,100
mahler,GPFA50,no_bounce,x,same_behavior_target,OB,BB,100,0,0,100,0,0,100
mahler,GPFA50,no_bounce,x,same_objective_target,OO,BO,100,0,0,100,0,0,100
mahler,GPFA50,no_bounce,x,fixed_objective_head_reference,OO,OB,100,0,0,100,0,0,100
mahler,GPFA50,no_bounce,x,fixed_behavior_head_reference,BO,BB,100,0,0,100,0,0,100
mahler,GPFA50,no_bounce,y,own_trajectory,OO,BB,100,-0.033164020803817952,0.012941437013719925,100,0.094673451057452507,0.055435968861893226,100
mahler,GPFA50,no_bounce,y,same_behavior_target,OB,BB,100,-0.009483705429784741,0.010570126916393875,100,0.0017320859463512716,0.041218478027512745,100
mahler,GPFA50,no_bounce,y,same_objective_target,OO,BO,100,-0.010686262752181928,0.010452798576952787,100,-0.0092578699310162764,0.041566812943184983,100
mahler,GPFA50,no_bounce,y,fixed_objective_head_reference,OO,OB,100,-0.023680315374033215,0.010231899537328625,100,0.092941365111101237,0.047187434559685458,100
mahler,GPFA50,no_bounce,y,fixed_behavior_head_reference,BO,BB,100,-0.022477758051636033,0.010384325424510656,100,0.10393132098846879,0.047597829609604757,100
mahler,GPFA50,post_bounce,x,own_trajectory,OO,BB,100,0,0,100,0,0,100
mahler,GPFA50,post_bounce,x,same_behavior_target,OB,BB,100,0,0,100,0,0,100
mahler,GPFA50,post_bounce,x,same_objective_target,OO,BO,100,0,0,100,0,0,100
mahler,GPFA50,post_bounce,x,fixed_objective_head_reference,OO,OB,100,0,0,100,0,0,100
mahler,GPFA50,post_bounce,x,fixed_behavior_head_reference,BO,BB,100,0,0,100,0,0,100
mahler,GPFA50,post_bounce,y,own_trajectory,OO,BB,100,-0.012681664714396204,0.025377316203246708,100,-0.26279018459415171,0.22139907770595271,100
mahler,GPFA50,post_bounce,y,same_behavior_target,OB,BB,100,-0.012411185571221926,0.018367020403976364,100,-0.085306204530602475,0.091047397127915125,100
mahler,GPFA50,post_bounce,y,same_objective_target,OO,BO,100,-0.011787703718040925,0.018408767427661579,100,-0.078390285944002783,0.090516590035094283,100
mahler,GPFA50,post_bounce,y,fixed_objective_head_reference,OO,OB,100,-0.00027047914317427648,0.020677959300303517,100,-0.17748398006354921,0.20385167374229068,100
mahler,GPFA50,post_bounce,y,fixed_behavior_head_reference,BO,BB,100,-0.00089396099635527862,0.021360175074463812,100,-0.18439989865014894,0.20491387457569754,100
perle,FA50,full,x,own_trajectory,OO,BB,100,0,0,100,0,0,100
perle,FA50,full,x,same_behavior_target,OB,BB,100,0,0,100,0,0,100
perle,FA50,full,x,same_objective_target,OO,BO,100,0,0,100,0,0,100
perle,FA50,full,x,fixed_objective_head_reference,OO,OB,100,0,0,100,0,0,100
perle,FA50,full,x,fixed_behavior_head_reference,BO,BB,100,0,0,100,0,0,100
perle,FA50,full,y,own_trajectory,OO,BB,100,-0.010822204255608158,0.006662878061807897,100,-0.024229834021420125,0.053090443274778076,100
perle,FA50,full,y,same_behavior_target,OB,BB,100,-0.0042049000785139238,0.0050608159304239208,100,-0.021617531708966086,0.022049021556067281,100
perle,FA50,full,y,same_objective_target,OO,BO,100,-0.0046380666985887499,0.0049935751795384216,100,-0.02426405402194029,0.022267714230817567,100
perle,FA50,full,y,fixed_objective_head_reference,OO,OB,100,-0.0066173041770942343,0.0054767118680975552,100,-0.00261230231245404,0.049469830444607184,100
perle,FA50,full,y,fixed_behavior_head_reference,BO,BB,100,-0.0061841375570194082,0.0057020551515767001,100,3.4220000520166491e-05,0.048913647627337034,100
perle,FA50,visible,x,own_trajectory,OO,BB,100,0,0,100,0,0,100
perle,FA50,visible,x,same_behavior_target,OB,BB,100,0,0,100,0,0,100
perle,FA50,visible,x,same_objective_target,OO,BO,100,0,0,100,0,0,100
perle,FA50,visible,x,fixed_objective_head_reference,OO,OB,100,0,0,100,0,0,100
perle,FA50,visible,x,fixed_behavior_head_reference,BO,BB,100,0,0,100,0,0,100
perle,FA50,visible,y,own_trajectory,OO,BB,100,-0.0053025170514080719,0.0060698453835545552,100,-0.014053661140513677,0.021701751230972597,100
perle,FA50,visible,y,same_behavior_target,OB,BB,100,-0.0048545277040936809,0.0060305522003084788,100,-0.021846483972443643,0.022640065826793218,100
perle,FA50,visible,y,same_objective_target,OO,BO,100,-0.0052184345818101149,0.0060479670327782589,100,-0.023193681478975128,0.022725937813024105,100
perle,FA50,visible,y,fixed_objective_head_reference,OO,OB,100,-0.00044798934731439142,0.0024272363640853211,100,0.0077928228319299638,0.014109514756172654,100
perle,FA50,visible,y,fixed_behavior_head_reference,BO,BB,100,-8.4082469597956955e-05,0.0024367764330366806,100,0.0091400203384614503,0.014116217560327526,100
perle,FA50,hidden,x,own_trajectory,OO,BB,100,0,0,100,0,0,100
perle,FA50,hidden,x,same_behavior_target,OB,BB,100,0,0,100,0,0,100
perle,FA50,hidden,x,same_objective_target,OO,BO,100,0,0,100,0,0,100
perle,FA50,hidden,x,fixed_objective_head_reference,OO,OB,100,0,0,100,0,0,100
perle,FA50,hidden,x,fixed_behavior_head_reference,BO,BB,100,0,0,100,0,0,100
perle,FA50,hidden,y,own_trajectory,OO,BB,100,-0.017463892109078415,0.0161259910666951,100,-0.038341399980218752,0.13694912139131674,100
perle,FA50,hidden,y,same_behavior_target,OB,BB,100,-0.0031191572473121734,0.0098695380830023174,100,-0.01997156509742494,0.040635943054412246,100
perle,FA50,hidden,y,same_objective_target,OO,BO,100,-0.0034836424226514073,0.0098754676708951647,100,-0.024912187296586223,0.041882986111931378,100
perle,FA50,hidden,y,fixed_objective_head_reference,OO,OB,100,-0.01434473486176624,0.011894102386818282,100,-0.018369834882793808,0.11715295326857636,100
perle,FA50,hidden,y,fixed_behavior_head_reference,BO,BB,100,-0.013980249686427006,0.012293629417743927,100,-0.013429212683632525,0.11571410700161895,100
perle,FA50,bounce,x,own_trajectory,OO,BB,100,0,0,100,0,0,100
perle,FA50,bounce,x,same_behavior_target,OB,BB,100,0,0,100,0,0,100
perle,FA50,bounce,x,same_objective_target,OO,BO,100,0,0,100,0,0,100
perle,FA50,bounce,x,fixed_objective_head_reference,OO,OB,100,0,0,100,0,0,100
perle,FA50,bounce,x,fixed_behavior_head_reference,BO,BB,100,0,0,100,0,0,100
perle,FA50,bounce,y,own_trajectory,OO,BB,100,-0.0092402741038641462,0.010568779959115034,100,-0.14262695952702964,0.10610788197796145,100
perle,FA50,bounce,y,same_behavior_target,OB,BB,100,-0.0068352669362152238,0.0062679764391622775,100,-0.03873207678711181,0.032609557902243617,100
perle,FA50,bounce,y,same_objective_target,OO,BO,100,-0.0060407165715830628,0.0059914478167458242,100,-0.036120544134648373,0.032607498981143922,100
perle,FA50,bounce,y,fixed_objective_head_reference,OO,OB,100,-0.0024050071676489215,0.0070735987285480782,100,-0.1038948827399178,0.09818782176422497,100
perle,FA50,bounce,y,fixed_behavior_head_reference,BO,BB,100,-0.0031995575322810834,0.0075782497912552857,100,-0.1065064153923812,0.098284225362070432,100
perle,FA50,no_bounce,x,own_trajectory,OO,BB,100,0,0,100,0,0,100
perle,FA50,no_bounce,x,same_behavior_target,OB,BB,100,0,0,100,0,0,100
perle,FA50,no_bounce,x,same_objective_target,OO,BO,100,0,0,100,0,0,100
perle,FA50,no_bounce,x,fixed_objective_head_reference,OO,OB,100,0,0,100,0,0,100
perle,FA50,no_bounce,x,fixed_behavior_head_reference,BO,BB,100,0,0,100,0,0,100
perle,FA50,no_bounce,y,own_trajectory,OO,BB,100,-0.0070003750074932513,0.0065793333316278412,100,0.089281206950206998,0.03668494525392664,100
perle,FA50,no_bounce,y,same_behavior_target,OB,BB,100,-0.0017811763863185392,0.0064190722240238503,100,-0.0064766288385371155,0.025173140704992769,100
perle,FA50,no_bounce,y,same_objective_target,OO,BO,100,-0.0036677150962828977,0.0064065591737427806,100,-0.014636684292065714,0.025097053234603543,100
perle,FA50,no_bounce,y,fixed_objective_head_reference,OO,OB,100,-0.0052191986211747119,0.0073376685671787236,100,0.095757835788744111,0.04114080005774693,100
perle,FA50,no_bounce,y,fixed_behavior_head_reference,BO,BB,100,-0.0033326599112103537,0.0073092283094650795,100,0.10391789124227271,0.040403720098978239,100
perle,FA50,post_bounce,x,own_trajectory,OO,BB,100,0,0,100,0,0,100
perle,FA50,post_bounce,x,same_behavior_target,OB,BB,100,0,0,100,0,0,100
perle,FA50,post_bounce,x,same_objective_target,OO,BO,100,0,0,100,0,0,100
perle,FA50,post_bounce,x,fixed_objective_head_reference,OO,OB,100,0,0,100,0,0,100
perle,FA50,post_bounce,x,fixed_behavior_head_reference,BO,BB,100,0,0,100,0,0,100
perle,FA50,post_bounce,y,own_trajectory,OO,BB,100,-0.011045496986619949,0.017183681542385802,100,-0.23116149458382723,0.21778536386330929,100
perle,FA50,post_bounce,y,same_behavior_target,OB,BB,100,-0.0050433339832161436,0.0085531867584138898,100,-0.028136955379381979,0.046977288594389349,100
perle,FA50,post_bounce,y,same_objective_target,OO,BO,100,-0.0036023582610787931,0.0083753796859541291,100,-0.023075374169177477,0.047455667700321641,100
perle,FA50,post_bounce,y,fixed_objective_head_reference,OO,OB,100,-0.006002163003403802,0.01327259876275717,100,-0.20302453920444527,0.19569577154753945,100
perle,FA50,post_bounce,y,fixed_behavior_head_reference,BO,BB,100,-0.0074431387255411534,0.014018572884153603,100,-0.20808612041464983,0.196044129804921,100
perle,GPFA50,full,x,own_trajectory,OO,BB,100,0,0,100,0,0,100
perle,GPFA50,full,x,same_behavior_target,OB,BB,100,0,0,100,0,0,100
perle,GPFA50,full,x,same_objective_target,OO,BO,100,0,0,100,0,0,100
perle,GPFA50,full,x,fixed_objective_head_reference,OO,OB,100,0,0,100,0,0,100
perle,GPFA50,full,x,fixed_behavior_head_reference,BO,BB,100,0,0,100,0,0,100
perle,GPFA50,full,y,own_trajectory,OO,BB,100,-0.010999888437026449,0.0069973380728908215,100,-0.026075020924207368,0.054352529409565996,100
perle,GPFA50,full,y,same_behavior_target,OB,BB,100,-0.0039553125379801005,0.0054253195664797213,100,-0.021814595690466461,0.022716231383345647,100
perle,GPFA50,full,y,same_objective_target,OO,BO,100,-0.0043713181449954799,0.0053588881732082871,100,-0.024393364968989126,0.023038764319168341,100
perle,GPFA50,full,y,fixed_objective_head_reference,OO,OB,100,-0.0070445758990463478,0.0056530609372517126,100,-0.0042604252337409051,0.049654281993777812,100
perle,GPFA50,full,y,fixed_behavior_head_reference,BO,BB,100,-0.0066285702920309683,0.0058896537135761382,100,-0.0016816559552182398,0.048879770304840003,100
perle,GPFA50,visible,x,own_trajectory,OO,BB,100,0,0,100,0,0,100
perle,GPFA50,visible,x,same_behavior_target,OB,BB,100,0,0,100,0,0,100
perle,GPFA50,visible,x,same_objective_target,OO,BO,100,0,0,100,0,0,100
perle,GPFA50,visible,x,fixed_objective_head_reference,OO,OB,100,0,0,100,0,0,100
perle,GPFA50,visible,x,fixed_behavior_head_reference,BO,BB,100,0,0,100,0,0,100
perle,GPFA50,visible,y,own_trajectory,OO,BB,100,-0.0054753545412279843,0.0063982961211960258,100,-0.015455849355263833,0.023783584924992156,100
perle,GPFA50,visible,y,same_behavior_target,OB,BB,100,-0.005105476292099698,0.0062202426578752161,100,-0.023637712928317699,0.022939335030099321,100
perle,GPFA50,visible,y,same_objective_target,OO,BO,100,-0.005414843006614818,0.0062440313669443652,100,-0.024745382449075645,0.023063850799622473,100
perle,GPFA50,visible,y,fixed_objective_head_reference,OO,OB,100,-0.00036987824912828704,0.0025839047760104956,100,0.0081818635730538641,0.014350711951508924,100
perle,GPFA50,visible,y,fixed_behavior_head_reference,BO,BB,100,-6.051153461316683e-05,0.0025941935643539467,100,0.0092895330938118099,0.014331024635126746,100
perle,GPFA50,hidden,x,own_trajectory,OO,BB,100,0,0,100,0,0,100
perle,GPFA50,hidden,x,same_behavior_target,OB,BB,100,0,0,100,0,0,100
perle,GPFA50,hidden,x,same_objective_target,OO,BO,100,0,0,100,0,0,100
perle,GPFA50,hidden,x,fixed_objective_head_reference,OO,OB,100,0,0,100,0,0,100
perle,GPFA50,hidden,x,fixed_behavior_head_reference,BO,BB,100,0,0,100,0,0,100
perle,GPFA50,hidden,y,own_trajectory,OO,BB,100,-0.017135245860374074,0.016582123077091084,100,-0.041165860558138444,0.14240179866563399,100
perle,GPFA50,hidden,y,same_behavior_target,OB,BB,100,-0.002206563171299808,0.010039067365350943,100,-0.017446242812743085,0.043215055795493514,100
perle,GPFA50,hidden,y,same_objective_target,OO,BO,100,-0.0026599917046711864,0.010042710274380284,100,-0.02278537709569349,0.044715548010264249,100
perle,GPFA50,hidden,y,fixed_objective_head_reference,OO,OB,100,-0.014928682689074267,0.012338770297549298,100,-0.023719617745395355,0.12019103442453939,100
perle,GPFA50,hidden,y,fixed_behavior_head_reference,BO,BB,100,-0.01447525415570289,0.012654899215121281,100,-0.01838048346244495,0.11829937818666944,100
perle,GPFA50,bounce,x,own_trajectory,OO,BB,100,0,0,100,0,0,100
perle,GPFA50,bounce,x,same_behavior_target,OB,BB,100,0,0,100,0,0,100
perle,GPFA50,bounce,x,same_objective_target,OO,BO,100,0,0,100,0,0,100
perle,GPFA50,bounce,x,fixed_objective_head_reference,OO,OB,100,0,0,100,0,0,100
perle,GPFA50,bounce,x,fixed_behavior_head_reference,BO,BB,100,0,0,100,0,0,100
perle,GPFA50,bounce,y,own_trajectory,OO,BB,100,-0.0091264710172553991,0.010959866451275561,100,-0.14499703211176562,0.10568496946311318,100
perle,GPFA50,bounce,y,same_behavior_target,OB,BB,100,-0.0069748467504610464,0.0066107029143426393,100,-0.041594342779652634,0.033798481901125069,100
perle,GPFA50,bounce,y,same_objective_target,OO,BO,100,-0.0062918001658078563,0.0062925691398178947,100,-0.039331975151393944,0.033856909371759655,100
perle,GPFA50,bounce,y,fixed_objective_head_reference,OO,OB,100,-0.0021516242667943518,0.0075296095988369753,100,-0.103402689332113,0.098315176001761387,100
perle,GPFA50,bounce,y,fixed_behavior_head_reference,BO,BB,100,-0.0028346708514475428,0.0080186188585275094,100,-0.10566505696037169,0.098243190103187827,100
perle,GPFA50,no_bounce,x,own_trajectory,OO,BB,100,0,0,100,0,0,100
perle,GPFA50,no_bounce,x,same_behavior_target,OB,BB,100,0,0,100,0,0,100
perle,GPFA50,no_bounce,x,same_objective_target,OO,BO,100,0,0,100,0,0,100
perle,GPFA50,no_bounce,x,fixed_objective_head_reference,OO,OB,100,0,0,100,0,0,100
perle,GPFA50,no_bounce,x,fixed_behavior_head_reference,BO,BB,100,0,0,100,0,0,100
perle,GPFA50,no_bounce,y,own_trajectory,OO,BB,100,-0.007183378978113779,0.0070735005924450088,100,0.089235941566471771,0.039264734425399586,100
perle,GPFA50,no_bounce,y,same_behavior_target,OB,BB,100,-0.0010116306183924973,0.0067655006558184922,100,-0.003952671359082882,0.025447721902908626,100
perle,GPFA50,no_bounce,y,same_objective_target,OO,BO,100,-0.0027976305305708526,0.0068770998434586018,100,-0.011872659871004831,0.026021059041495334,100
perle,GPFA50,no_bounce,y,fixed_objective_head_reference,OO,OB,100,-0.0061717483597212817,0.0075907367833428583,100,0.093188612925554637,0.042249521186495546,100
perle,GPFA50,no_bounce,y,fixed_behavior_head_reference,BO,BB,100,-0.0043857484475429264,0.007577087177202616,100,0.10110860143747662,0.04155496752636971,100
perle,GPFA50,post_bounce,x,own_trajectory,OO,BB,100,0,0,100,0,0,100
perle,GPFA50,post_bounce,x,same_behavior_target,OB,BB,100,0,0,100,0,0,100
perle,GPFA50,post_bounce,x,same_objective_target,OO,BO,100,0,0,100,0,0,100
perle,GPFA50,post_bounce,x,fixed_objective_head_reference,OO,OB,100,0,0,100,0,0,100
perle,GPFA50,post_bounce,x,fixed_behavior_head_reference,BO,BB,100,0,0,100,0,0,100
perle,GPFA50,post_bounce,y,own_trajectory,OO,BB,100,-0.010858300176779634,0.017568541918869064,100,-0.23566751227750329,0.21913669261835989,100
perle,GPFA50,post_bounce,y,same_behavior_target,OB,BB,100,-0.0049184313085002965,0.0088460487841987463,100,-0.031868699347512852,0.04796648491569528,100
perle,GPFA50,post_bounce,y,same_objective_target,OO,BO,100,-0.0036972301200424397,0.008525991740784904,100,-0.027496913575983002,0.048771888646323848,100
perle,GPFA50,post_bounce,y,fixed_objective_head_reference,OO,OB,100,-0.0059398688682793374,0.01394237727294719,100,-0.20379881292999047,0.19790572845009391,100
perle,GPFA50,post_bounce,y,fixed_behavior_head_reference,BO,BB,100,-0.0071610700567371942,0.014617906877584724,100,-0.2081705987015203,0.19796410665199587,100
