animal,representation,epoch,coordinate,head,target,cell,n_rounds,r,r_sd,r_n_finite,RMSE,RMSE_sd,RMSE_n_finite,bias,bias_sd,bias_n_finite,target_sd,target_sd_sd,target_sd_n_finite,prediction_sd,prediction_sd_sd,prediction_sd_n_finite,amplitude_ratio,amplitude_ratio_sd,amplitude_ratio_n_finite,target_min,target_min_sd,target_min_n_finite,target_max,target_max_sd,target_max_n_finite
mahler,FA50,full,x,D_obj,objective,OO,100,0.92738808028575237,0.0054302935866987808,100,1.3745681068546065,0.067807449278819112,100,-0.016737396054743593,0.20757383721946954,100,3.6126863454700215,0.085167080408235202,100,3.3335543238345173,0.092534944490787738,100,0.92360200719271901,0.042039466840537706,100,-6.0724225908744698,0.45829237084222574,100,9.9920767018422723,0.0041859337851945658,100
mahler,FA50,full,x,D_obj,behavior,OB,100,0.92738808028575237,0.0054302935866987808,100,1.3745681068546065,0.067807449278819112,100,-0.016737396054743593,0.20757383721946954,100,3.6126863454700215,0.085167080408235202,100,3.3335543238345173,0.092534944490787738,100,0.92360200719271901,0.042039466840537706,100,-6.0724225908744698,0.45829237084222574,100,9.9920767018422723,0.0041859337851945658,100
mahler,FA50,full,x,D_beh,objective,BO,100,0.92738808028575237,0.0054302935866987808,100,1.3745681068546065,0.067807449278819112,100,-0.016737396054743593,0.20757383721946954,100,3.6126863454700215,0.085167080408235202,100,3.3335543238345173,0.092534944490787738,100,0.92360200719271901,0.042039466840537706,100,-6.0724225908744698,0.45829237084222574,100,9.9920767018422723,0.0041859337851945658,100
mahler,FA50,full,x,D_beh,behavior,BB,100,0.92738808028575237,0.0054302935866987808,100,1.3745681068546065,0.067807449278819112,100,-0.016737396054743593,0.20757383721946954,100,3.6126863454700215,0.085167080408235202,100,3.3335543238345173,0.092534944490787738,100,0.92360200719271901,0.042039466840537706,100,-6.0724225908744698,0.45829237084222574,100,9.9920767018422723,0.0041859337851945658,100
mahler,FA50,full,y,D_obj,objective,OO,100,0.49277287909596268,0.044021215314783611,100,4.5909401514015276,0.28050531244579169,100,-0.067635563649434363,0.90460029268557596,100,5.1454801627851339,0.23392917975773717,100,2.982968386237046,0.1881527602842136,100,0.58158058758660902,0.053173756650426646,100,-9.8440031137896113,0.035525949194295275,100,9.8333834576094947,0.014186171776248573,100
mahler,FA50,full,y,D_obj,behavior,OB,100,0.48074152259658076,0.044925491809890972,100,4.5803104552147342,0.28633924084588147,100,0.013022073644344451,0.89947485590743037,100,5.0828876281464224,0.2456439176832568,100,2.982968386237046,0.1881527602842136,100,0.58893808535510861,0.055115399710877006,100,-9.8556913040157994,0.040605629660398095,100,9.8322210401670649,0.012894461828605331,100
mahler,FA50,full,y,D_beh,objective,BO,100,0.48170206948825728,0.045624408616363382,100,4.6249263435336649,0.28831888878334,100,-0.14833404122090385,0.90943489480703554,100,5.1454801627851339,0.23392917975773717,100,2.9362170700089116,0.19141386681413183,100,0.57255103522995976,0.054087509341437509,100,-9.8440031137896113,0.035525949194295275,100,9.8333834576094947,0.014186171776248573,100
mahler,FA50,full,y,D_beh,behavior,BB,100,0.46959711576745122,0.046342415347765009,100,4.6129003178482089,0.29287494956920435,100,-0.067676403927125039,0.90798904427417693,100,5.0828876281464224,0.2456439176832568,100,2.9362170700089116,0.19141386681413183,100,0.57986071315831034,0.056693032646203304,100,-9.8556913040157994,0.040605629660398095,100,9.8322210401670649,0.012894461828605331,100
mahler,FA50,visible,x,D_obj,objective,OO,100,0.78232372563466479,0.017029818997985714,100,1.5310902504642856,0.10757383130773855,100,0.12762647385942408,0.27756686432249611,100,2.4024387367608795,0.091244650573487351,100,1.8649437568903104,0.081461678006651897,100,0.77823428442525644,0.057669231277431628,100,-6.0724225908744698,0.45829237084222574,100,5.1613894929827451,0.027078864178942733,100
mahler,FA50,visible,x,D_obj,behavior,OB,100,0.78232372563466479,0.017029818997985714,100,1.5310902504642856,0.10757383130773855,100,0.12762647385942408,0.27756686432249611,100,2.4024387367608795,0.091244650573487351,100,1.8649437568903104,0.081461678006651897,100,0.77823428442525644,0.057669231277431628,100,-6.0724225908744698,0.45829237084222574,100,5.1613894929827451,0.027078864178942733,100
mahler,FA50,visible,x,D_beh,objective,BO,100,0.78232372563466479,0.017029818997985714,100,1.5310902504642856,0.10757383130773855,100,0.12762647385942408,0.27756686432249611,100,2.4024387367608795,0.091244650573487351,100,1.8649437568903104,0.081461678006651897,100,0.77823428442525644,0.057669231277431628,100,-6.0724225908744698,0.45829237084222574,100,5.1613894929827451,0.027078864178942733,100
mahler,FA50,visible,x,D_beh,behavior,BB,100,0.78232372563466479,0.017029818997985714,100,1.5310902504642856,0.10757383130773855,100,0.12762647385942408,0.27756686432249611,100,2.4024387367608795,0.091244650573487351,100,1.8649437568903104,0.081461678006651897,100,0.77823428442525644,0.057669231277431628,100,-6.0724225908744698,0.45829237084222574,100,5.1613894929827451,0.027078864178942733,100
mahler,FA50,visible,y,D_obj,objective,OO,100,0.42993233932285613,0.056718597683717946,100,4.7691491111618936,0.27903887837363395,100,-0.039458930208044848,0.95665234626993956,100,5.1380646824044707,0.27784774215602881,100,2.7519725044808481,0.18657740144549034,100,0.53807330069636639,0.056559147640161241,100,-9.8104411736637793,0.024087926635490829,100,9.8166407995563247,0.030435882568317751,100
mahler,FA50,visible,y,D_obj,behavior,OB,100,0.42059905438187195,0.057243952481931155,100,4.7665764469302694,0.27470654458992305,100,0.0071607232287966248,0.95248951103049861,100,5.1023216561004059,0.28220358605908991,100,2.7519725044808481,0.18657740144549034,100,0.54195319251544438,0.057683373706130359,100,-9.8178540715978837,0.016559715428058182,100,9.8176323430488832,0.02625262168072438,100
mahler,FA50,visible,y,D_beh,objective,BO,100,0.41857089061463898,0.057650353603023327,100,4.8012093127159972,0.28247688794638215,100,-0.092390858514229499,0.9645040341319191,100,5.1380646824044707,0.27784774215602881,100,2.721579135895642,0.19062539983732668,100,0.5322011147168153,0.057359901485780934,100,-9.8104411736637793,0.024087926635490829,100,9.8166407995563247,0.030435882568317751,100
mahler,FA50,visible,y,D_beh,behavior,BB,100,0.40966970134910374,0.058204674561225377,100,4.7964990116462403,0.27788289357400836,100,-0.045771205077387973,0.96101707548862159,100,5.1023216561004059,0.28220358605908991,100,2.721579135895642,0.19062539983732668,100,0.5360531538745571,0.058602187196178795,100,-9.8178540715978837,0.016559715428058182,100,9.8176323430488832,0.02625262168072438,100
mahler,FA50,hidden,x,D_obj,objective,OO,100,0.73642215372574005,0.040936503518163317,100,1.1191721765583231,0.11702118375805745,100,-0.20223074696832058,0.17349312743758261,100,1.3349277433235907,0.0057909944879321025,100,1.5935346481674639,0.083169585016478392,100,1.1937083553202077,0.06181180630250363,100,5.1928845327832001,0.032260966165345163,100,9.9920767018422723,0.0041859337851945658,100
mahler,FA50,hidden,x,D_obj,behavior,OB,100,0.73642215372574005,0.040936503518163317,100,1.1191721765583231,0.11702118375805745,100,-0.20223074696832058,0.17349312743758261,100,1.3349277433235907,0.0057909944879321025,100,1.5935346481674639,0.083169585016478392,100,1.1937083553202077,0.06181180630250363,100,5.1928845327832001,0.032260966165345163,100,9.9920767018422723,0.0041859337851945658,100
mahler,FA50,hidden,x,D_beh,objective,BO,100,0.73642215372574005,0.040936503518163317,100,1.1191721765583231,0.11702118375805745,100,-0.20223074696832058,0.17349312743758261,100,1.3349277433235907,0.0057909944879321025,100,1.5935346481674639,0.083169585016478392,100,1.1937083553202077,0.06181180630250363,100,5.1928845327832001,0.032260966165345163,100,9.9920767018422723,0.0041859337851945658,100
mahler,FA50,hidden,x,D_beh,behavior,BB,100,0.73642215372574005,0.040936503518163317,100,1.1191721765583231,0.11702118375805745,100,-0.20223074696832058,0.17349312743758261,100,1.3349277433235907,0.0057909944879321025,100,1.5935346481674639,0.083169585016478392,100,1.1937083553202077,0.06181180630250363,100,5.1928845327832001,0.032260966165345163,100,9.9920767018422723,0.0041859337851945658,100
mahler,FA50,hidden,y,D_obj,objective,OO,100,0.56443181748902493,0.064910748068200561,100,4.3630131620392198,0.41570641765203781,100,-0.11092247119953855,0.98658030081166614,100,5.1298013515296939,0.279512856271799,100,3.2458116499974601,0.24934745004973391,100,0.6353769981905093,0.067408330992040369,100,-9.7943707482584941,0.155985061941502,100,9.7566296805071477,0.28325303697659493,100
mahler,FA50,hidden,y,D_obj,behavior,OB,100,0.55105136538072441,0.069659170292568837,100,4.3401131466911664,0.44388751627148093,100,0.017970683032966298,0.98457998519442069,100,5.0326120915855048,0.30989497849739267,100,3.2458116499974601,0.24934745004973391,100,0.6480517720261636,0.069798632259982507,100,-9.7821184402978911,0.25808034714836314,100,9.7587611616355918,0.28664444115597937,100
mahler,FA50,hidden,y,D_beh,objective,BO,100,0.55464162553478347,0.070378253477505565,100,4.3964729452173898,0.43876333517704053,100,-0.23000551231737856,0.98709063915826856,100,5.1298013515296939,0.279512856271799,100,3.1843924328202542,0.24645677064796651,100,0.6234194650746292,0.066867408493365268,100,-9.7943707482584941,0.155985061941502,100,9.7566296805071477,0.28325303697659493,100
mahler,FA50,hidden,y,D_beh,behavior,BB,100,0.5406495527232269,0.074794096121746798,100,4.373486407643397,0.46759485932355027,100,-0.1011123580848737,0.99637755583394905,100,5.0326120915855048,0.30989497849739267,100,3.1843924328202542,0.24645677064796651,100,0.6360479781654097,0.071024732125798143,100,-9.7821184402978911,0.25808034714836314,100,9.7587611616355918,0.28664444115597937,100
mahler,FA50,bounce,x,D_obj,objective,OO,100,0.92581248485788503,0.011933064734469702,100,1.4216524614302442,0.12623694871777302,100,0.023477111491040575,0.31789994375864433,100,3.632296617274104,0.15486801335155093,100,3.2517261351576097,0.12900746053622403,100,0.89696551061221319,0.054440742705922633,100,-5.3219647397445842,0.61972247909601774,100,9.9743205976121168,0.018833475899351176,100
mahler,FA50,bounce,x,D_obj,behavior,OB,100,0.92581248485788503,0.011933064734469702,100,1.4216524614302442,0.12623694871777302,100,0.023477111491040575,0.31789994375864433,100,3.632296617274104,0.15486801335155093,100,3.2517261351576097,0.12900746053622403,100,0.89696551061221319,0.054440742705922633,100,-5.3219647397445842,0.61972247909601774,100,9.9743205976121168,0.018833475899351176,100
mahler,FA50,bounce,x,D_beh,objective,BO,100,0.92581248485788503,0.011933064734469702,100,1.4216524614302442,0.12623694871777302,100,0.023477111491040575,0.31789994375864433,100,3.632296617274104,0.15486801335155093,100,3.2517261351576097,0.12900746053622403,100,0.89696551061221319,0.054440742705922633,100,-5.3219647397445842,0.61972247909601774,100,9.9743205976121168,0.018833475899351176,100
mahler,FA50,bounce,x,D_beh,behavior,BB,100,0.92581248485788503,0.011933064734469702,100,1.4216524614302442,0.12623694871777302,100,0.023477111491040575,0.31789994375864433,100,3.632296617274104,0.15486801335155093,100,3.2517261351576097,0.12900746053622403,100,0.89696551061221319,0.054440742705922633,100,-5.3219647397445842,0.61972247909601774,100,9.9743205976121168,0.018833475899351176,100
mahler,FA50,bounce,y,D_obj,objective,OO,100,0.56600340316679132,0.063812488901286407,100,5.9282370601667242,0.41650482290289287,100,-0.56274570037056026,1.6034574279873768,100,6.8525676938960949,0.259397847365267,100,3.186810483655067,0.36998833055328068,100,0.46571413703362935,0.05732212158945954,100,-9.8440031137896113,0.035525949194295275,100,9.8333834576094947,0.014186171776248573,100
mahler,FA50,bounce,y,D_obj,behavior,OB,100,0.5681937474721126,0.063606202916417331,100,6.0205541865003456,0.41668092176984239,100,-0.49295929441606468,1.6243893269926761,100,6.9700976820716702,0.23565660922263282,100,3.186810483655067,0.36998833055328068,100,0.45770790729599686,0.055552894624761241,100,-9.8556913040157994,0.040605629660398095,100,9.8322210401670649,0.012894461828605331,100
mahler,FA50,bounce,y,D_beh,objective,BO,100,0.55115855048577211,0.066582123102258653,100,5.9959616067734354,0.42251868094604894,100,-0.61018698513793612,1.6259370957346591,100,6.8525676938960949,0.259397847365267,100,3.1317057679054749,0.35546830655869693,100,0.45759952491109074,0.054587337290551083,100,-9.8440031137896113,0.035525949194295275,100,9.8333834576094947,0.014186171776248573,100
mahler,FA50,bounce,y,D_beh,behavior,BB,100,0.55284983953736067,0.066284214955462925,100,6.0918996786606074,0.42375163403327532,100,-0.54040057918344053,1.6523068819428017,100,6.9700976820716702,0.23565660922263282,100,3.1317057679054749,0.35546830655869693,100,0.44977406611772219,0.053213658758790701,100,-9.8556913040157994,0.040605629660398095,100,9.8322210401670649,0.012894461828605331,100
mahler,FA50,no_bounce,x,D_obj,objective,OO,100,0.93017995494239014,0.0062197900399924401,100,1.3460096827636179,0.078559830324600205,100,-0.035178467123565232,0.20358210393517764,100,3.5972698447273439,0.11086293353485675,100,3.3762584137793623,0.092478516655407628,100,0.93984188306311567,0.047007192032186666,100,-5.9974687204766042,0.5576339241240641,100,9.9908863713558951,0.0051940560380274448,100
mahler,FA50,no_bounce,x,D_obj,behavior,OB,100,0.93017995494239014,0.0062197900399924401,100,1.3460096827636179,0.078559830324600205,100,-0.035178467123565232,0.20358210393517764,100,3.5972698447273439,0.11086293353485675,100,3.3762584137793623,0.092478516655407628,100,0.93984188306311567,0.047007192032186666,100,-5.9974687204766042,0.5576339241240641,100,9.9908863713558951,0.0051940560380274448,100
mahler,FA50,no_bounce,x,D_beh,objective,BO,100,0.93017995494239014,0.0062197900399924401,100,1.3460096827636179,0.078559830324600205,100,-0.035178467123565232,0.20358210393517764,100,3.5972698447273439,0.11086293353485675,100,3.3762584137793623,0.092478516655407628,100,0.93984188306311567,0.047007192032186666,100,-5.9974687204766042,0.5576339241240641,100,9.9908863713558951,0.0051940560380274448,100
mahler,FA50,no_bounce,x,D_beh,behavior,BB,100,0.93017995494239014,0.0062197900399924401,100,1.3460096827636179,0.078559830324600205,100,-0.035178467123565232,0.20358210393517764,100,3.5972698447273439,0.11086293353485675,100,3.3762584137793623,0.092478516655407628,100,0.93984188306311567,0.047007192032186666,100,-5.9974687204766042,0.5576339241240641,100,9.9908863713558951,0.0051940560380274448,100
mahler,FA50,no_bounce,y,D_obj,objective,OO,100,0.45584087184540595,0.056991970160088466,100,3.6318989960435339,0.19227776791688403,100,0.21857828442148922,0.65334318257846125,100,3.8107821245431479,0.15374103590127761,100,2.8410871206471433,0.19204187329274727,100,0.74685974808410305,0.060058162222316892,100,-9.2818078399229709,0.38000363666097858,100,8.1536693864588017,0.38399512783044398,100
mahler,FA50,no_bounce,y,D_obj,behavior,OB,100,0.43390376230268701,0.059203739989277582,100,3.5255312091389897,0.19544780137263321,100,0.30410041147180544,0.63655367524027062,100,3.5540625511010013,0.1318818794866804,100,2.8410871206471433,0.19204187329274727,100,0.80056271716386707,0.062563306867682314,100,-8.6684195456152011,0.12662019082529735,100,7.4991031024052033,0.49669843314351569,100
mahler,FA50,no_bounce,y,D_beh,objective,BO,100,0.44731722174570554,0.057930404032848333,100,3.6385849779115755,0.1904152903769496,100,0.12024653696111601,0.64853991667394018,100,3.8107821245431479,0.15374103590127761,100,2.7983174427899895,0.20308515847967268,100,0.73552274584874711,0.061093024556823729,100,-9.2818078399229709,0.38000363666097858,100,8.1536693864588017,0.38399512783044398,100
mahler,FA50,no_bounce,y,D_beh,behavior,BB,100,0.42610720245474865,0.059885810614748576,100,3.5249013756770209,0.19219790267672218,100,0.20576866401143232,0.63517049497136535,100,3.5540625511010013,0.1318818794866804,100,2.7983174427899895,0.20308515847967268,100,0.78845594951262443,0.064290660564288712,100,-8.6684195456152011,0.12662019082529735,100,7.4991031024052033,0.49669843314351569,100
mahler,FA50,post_bounce,x,D_obj,objective,OO,100,0.90702646837434608,0.022974125593973518,100,1.2255171583386739,0.15215288500824364,100,-0.22881797105713342,0.27077259354376176,100,2.7999241907787313,0.27759030867974172,100,2.6462830815789569,0.21323536304621563,100,0.94823769775697575,0.052477046328161941,100,-2.6430699133618947,1.0935324885904865,100,9.9743205976121168,0.018833475899351176,100
mahler,FA50,post_bounce,x,D_obj,behavior,OB,100,0.90702646837434608,0.022974125593973518,100,1.2255171583386739,0.15215288500824364,100,-0.22881797105713342,0.27077259354376176,100,2.7999241907787313,0.27759030867974172,100,2.6462830815789569,0.21323536304621563,100,0.94823769775697575,0.052477046328161941,100,-2.6430699133618947,1.0935324885904865,100,9.9743205976121168,0.018833475899351176,100
mahler,FA50,post_bounce,x,D_beh,objective,BO,100,0.90702646837434608,0.022974125593973518,100,1.2255171583386739,0.15215288500824364,100,-0.22881797105713342,0.27077259354376176,100,2.7999241907787313,0.27759030867974172,100,2.6462830815789569,0.21323536304621563,100,0.94823769775697575,0.052477046328161941,100,-2.6430699133618947,1.0935324885904865,100,9.9743205976121168,0.018833475899351176,100
mahler,FA50,post_bounce,x,D_beh,behavior,BB,100,0.90702646837434608,0.022974125593973518,100,1.2255171583386739,0.15215288500824364,100,-0.22881797105713342,0.27077259354376176,100,2.7999241907787313,0.27759030867974172,100,2.6462830815789569,0.21323536304621563,100,0.94823769775697575,0.052477046328161941,100,-2.6430699133618947,1.0935324885904865,100,9.9743205976121168,0.018833475899351176,100
mahler,FA50,post_bounce,y,D_obj,objective,OO,100,0.61368586745818288,0.075349822409927131,100,5.8091476542885161,0.53092770633503794,100,-0.72702693507902683,1.6851570285120123,100,6.9215387224500819,0.29935053187826333,100,3.3399528409340196,0.34408052929361682,100,0.4831244722941414,0.051090588259527697,100,-9.8439826761680234,0.03556366074911875,100,9.8300066114547686,0.02188655356868149,100
mahler,FA50,post_bounce,y,D_obj,behavior,OB,100,0.61469088630582425,0.072814475447307347,100,5.9876345001982152,0.52623897555528165,100,-0.59552266505314633,1.7234137295273622,100,7.1396354993392901,0.2867146605570251,100,3.3399528409340196,0.34408052929361682,100,0.46826740613020801,0.049087769796993641,100,-9.8556565781132459,0.040672265839016682,100,9.829658911431018,0.018386004449215933,100
mahler,FA50,post_bounce,y,D_beh,objective,BO,100,0.60194887091790217,0.079678232043612643,100,5.8765142523512512,0.54833595728188933,100,-0.80513219809595893,1.7130385752033264,100,6.9215387224500819,0.29935053187826333,100,3.2925983898070101,0.33986670240390243,100,0.47619707056092031,0.049648276522145603,100,-9.8439826761680234,0.03556366074911875,100,9.8300066114547686,0.02188655356868149,100
mahler,FA50,post_bounce,y,D_beh,behavior,BB,100,0.60196616144852921,0.077047903795227593,100,6.0618240442578761,0.54725594591979332,100,-0.67362792807007854,1.7640788664866933,100,7.1396354993392901,0.2867146605570251,100,3.2925983898070101,0.33986670240390243,100,0.46164403879114291,0.048609087164846895,100,-9.8556565781132459,0.040672265839016682,100,9.829658911431018,0.018386004449215933,100
mahler,GPFA50,full,x,D_obj,objective,OO,100,0.93383050953293389,0.0066511483799970138,100,1.31640242902115,0.07820008950665204,100,-0.0056475711516637238,0.21138369508808533,100,3.6126863454700215,0.085167080408235202,100,3.3593535123139642,0.095310163900398134,100,0.93074243017172964,0.042547418891587363,100,-6.0724225908744698,0.45829237084222574,100,9.9920767018422723,0.0041859337851945658,100
mahler,GPFA50,full,x,D_obj,behavior,OB,100,0.93383050953293389,0.0066511483799970138,100,1.31640242902115,0.07820008950665204,100,-0.0056475711516637238,0.21138369508808533,100,3.6126863454700215,0.085167080408235202,100,3.3593535123139642,0.095310163900398134,100,0.93074243017172964,0.042547418891587363,100,-6.0724225908744698,0.45829237084222574,100,9.9920767018422723,0.0041859337851945658,100
mahler,GPFA50,full,x,D_beh,objective,BO,100,0.93383050953293389,0.0066511483799970138,100,1.31640242902115,0.07820008950665204,100,-0.0056475711516637238,0.21138369508808533,100,3.6126863454700215,0.085167080408235202,100,3.3593535123139642,0.095310163900398134,100,0.93074243017172964,0.042547418891587363,100,-6.0724225908744698,0.45829237084222574,100,9.9920767018422723,0.0041859337851945658,100
mahler,GPFA50,full,x,D_beh,behavior,BB,100,0.93383050953293389,0.0066511483799970138,100,1.31640242902115,0.07820008950665204,100,-0.0056475711516637238,0.21138369508808533,100,3.6126863454700215,0.085167080408235202,100,3.3593535123139642,0.095310163900398134,100,0.93074243017172964,0.042547418891587363,100,-6.0724225908744698,0.45829237084222574,100,9.9920767018422723,0.0041859337851945658,100
mahler,GPFA50,full,y,D_obj,objective,OO,100,0.53736603945968342,0.052457563033898189,100,4.4458337514682844,0.30738381226452394,100,-0.087206115604527804,0.88949946096122912,100,5.1454801627851339,0.23392917975773717,100,3.1328255522781552,0.26455353192229997,100,0.61055330261281504,0.062757593181746271,100,-9.8440031137896113,0.035525949194295275,100,9.8333834576094947,0.014186171776248573,100
mahler,GPFA50,full,y,D_obj,behavior,OB,100,0.52495232593416152,0.053483697935629716,100,4.4411887099869105,0.3177416722981688,100,-0.0065484783107490419,0.88401684644940781,100,5.0828876281464224,0.2456439176832568,100,3.1328255522781552,0.26455353192229997,100,0.61828591968334123,0.064698881273476047,100,-9.8556913040157994,0.040605629660398095,100,9.8322210401670649,0.012894461828605331,100
mahler,GPFA50,full,y,D_beh,objective,BO,100,0.5247904632243352,0.054297896276972533,100,4.4860691775688624,0.31404820975468395,100,-0.16082510135469796,0.89695865286240439,100,5.1454801627851339,0.23392917975773717,100,3.0556753089163369,0.25365885504480207,100,0.59558649758704252,0.061142086200719321,100,-9.8440031137896113,0.035525949194295275,100,9.8333834576094947,0.014186171776248573,100
mahler,GPFA50,full,y,D_beh,behavior,BB,100,0.51259503452834931,0.055116524013696981,100,4.478077894011661,0.3225762352256718,100,-0.080167464060919152,0.89509286187452797,100,5.0828876281464224,0.2456439176832568,100,3.0556753089163369,0.25365885504480207,100,0.60316215103962745,0.063322695869700893,100,-9.8556913040157994,0.040605629660398095,100,9.8322210401670649,0.012894461828605331,100
mahler,GPFA50,visible,x,D_obj,objective,OO,100,0.80120717287900978,0.02111568882469176,100,1.4736520455992459,0.11468028406307698,100,0.11733895060356613,0.27849415021539159,100,2.4024387367608795,0.091244650573487351,100,1.8970090979697343,0.091379309770807479,100,0.79163159190356625,0.061037743236502899,100,-6.0724225908744698,0.45829237084222574,100,5.1613894929827451,0.027078864178942733,100
mahler,GPFA50,visible,x,D_obj,behavior,OB,100,0.80120717287900978,0.02111568882469176,100,1.4736520455992459,0.11468028406307698,100,0.11733895060356613,0.27849415021539159,100,2.4024387367608795,0.091244650573487351,100,1.8970090979697343,0.091379309770807479,100,0.79163159190356625,0.061037743236502899,100,-6.0724225908744698,0.45829237084222574,100,5.1613894929827451,0.027078864178942733,100
mahler,GPFA50,visible,x,D_beh,objective,BO,100,0.80120717287900978,0.02111568882469176,100,1.4736520455992459,0.11468028406307698,100,0.11733895060356613,0.27849415021539159,100,2.4024387367608795,0.091244650573487351,100,1.8970090979697343,0.091379309770807479,100,0.79163159190356625,0.061037743236502899,100,-6.0724225908744698,0.45829237084222574,100,5.1613894929827451,0.027078864178942733,100
mahler,GPFA50,visible,x,D_beh,behavior,BB,100,0.80120717287900978,0.02111568882469176,100,1.4736520455992459,0.11468028406307698,100,0.11733895060356613,0.27849415021539159,100,2.4024387367608795,0.091244650573487351,100,1.8970090979697343,0.091379309770807479,100,0.79163159190356625,0.061037743236502899,100,-6.0724225908744698,0.45829237084222574,100,5.1613894929827451,0.027078864178942733,100
mahler,GPFA50,visible,y,D_obj,objective,OO,100,0.46851807199652745,0.065295144300467178,100,4.6603027015038059,0.31221810423641522,100,-0.057459836674048671,0.95127115364978843,100,5.1380646824044707,0.27784774215602881,100,2.8598940027338999,0.26195564073107636,100,0.5588638735067657,0.065118081054846649,100,-9.8104411736637793,0.024087926635490829,100,9.8166407995563247,0.030435882568317751,100
mahler,GPFA50,visible,y,D_obj,behavior,OB,100,0.45853973237073303,0.065901136429542803,100,4.6615662140073431,0.30781307653365775,100,-0.010840183237207203,0.9464203394638091,100,5.1023216561004059,0.28220358605908991,100,2.8598940027338999,0.26195564073107636,100,0.56287970173680213,0.066056326194948181,100,-9.8178540715978837,0.016559715428058182,100,9.8176323430488832,0.02625262168072438,100
mahler,GPFA50,visible,y,D_beh,objective,BO,100,0.45606056616597174,0.065299904633646752,100,4.6955734112971239,0.31061626024917738,100,-0.094254798939705134,0.96346313836944109,100,5.1380646824044707,0.27784774215602881,100,2.8051361819588982,0.25070524700715374,100,0.54821596419406382,0.063388648115454319,100,-9.8104411736637793,0.024087926635490829,100,9.8166407995563247,0.030435882568317751,100
mahler,GPFA50,visible,y,D_beh,behavior,BB,100,0.44660496368811775,0.066005942216936592,100,4.6939872451032718,0.30630579888574472,100,-0.047635145502863685,0.95924429184881987,100,5.1023216561004059,0.28220358605908991,100,2.8051361819588982,0.25070524700715374,100,0.5521607716708441,0.064355598659650501,100,-9.8178540715978837,0.016559715428058182,100,9.8176323430488832,0.02625262168072438,100
mahler,GPFA50,hidden,x,D_obj,objective,OO,100,0.75817877932356315,0.045177590388084658,100,1.0593659451607302,0.13005668627349912,100,-0.16341456839999866,0.18556266718023082,100,1.3349277433235907,0.0057909944879321025,100,1.569157666792427,0.094428012503927045,100,1.1754422269966103,0.070255408685922893,100,5.1928845327832001,0.032260966165345163,100,9.9920767018422723,0.0041859337851945658,100
mahler,GPFA50,hidden,x,D_obj,behavior,OB,100,0.75817877932356315,0.045177590388084658,100,1.0593659451607302,0.13005668627349912,100,-0.16341456839999866,0.18556266718023082,100,1.3349277433235907,0.0057909944879321025,100,1.569157666792427,0.094428012503927045,100,1.1754422269966103,0.070255408685922893,100,5.1928845327832001,0.032260966165345163,100,9.9920767018422723,0.0041859337851945658,100
mahler,GPFA50,hidden,x,D_beh,objective,BO,100,0.75817877932356315,0.045177590388084658,100,1.0593659451607302,0.13005668627349912,100,-0.16341456839999866,0.18556266718023082,100,1.3349277433235907,0.0057909944879321025,100,1.569157666792427,0.094428012503927045,100,1.1754422269966103,0.070255408685922893,100,5.1928845327832001,0.032260966165345163,100,9.9920767018422723,0.0041859337851945658,100
mahler,GPFA50,hidden,x,D_beh,behavior,BB,100,0.75817877932356315,0.045177590388084658,100,1.0593659451607302,0.13005668627349912,100,-0.16341456839999866,0.18556266718023082,100,1.3349277433235907,0.0057909944879321025,100,1.569157666792427,0.094428012503927045,100,1.1754422269966103,0.070255408685922893,100,5.1928845327832001,0.032260966165345163,100,9.9920767018422723,0.0041859337851945658,100
mahler,GPFA50,hidden,y,D_obj,objective,OO,100,0.61773285372630804,0.069899857707538954,100,4.1563291531017672,0.44686339422342791,100,-0.13428076592570742,0.95839194344774092,100,5.1298013515296939,0.279512856271799,100,3.4421028936069824,0.33667847577204985,100,0.67368141190040787,0.080989586766542013,100,-9.7943707482584941,0.155985061941502,100,9.7566296805071477,0.28325303697659493,100
mahler,GPFA50,hidden,y,D_obj,behavior,OB,100,0.60474600348258734,0.075508895866491496,100,4.1406117224646968,0.48774313666185021,100,-0.0053876116932026,0.95595453617626569,100,5.0326120915855048,0.30989497849739267,100,3.4421028936069824,0.33667847577204985,100,0.68726728337823717,0.084755274373362152,100,-9.7821184402978911,0.25808034714836314,100,9.7587611616355918,0.28664444115597937,100
mahler,GPFA50,hidden,y,D_beh,objective,BO,100,0.60595223669787257,0.076612917036135528,100,4.2003277741096561,0.47583348622991428,100,-0.25981588381496828,0.95866699566006819,100,5.1298013515296939,0.279512856271799,100,3.3414038900627445,0.3255384152074593,100,0.65405000057850449,0.07883463837609879,100,-9.7943707482584941,0.155985061941502,100,9.7566296805071477,0.28325303697659493,100
mahler,GPFA50,hidden,y,D_beh,behavior,BB,100,0.59281059672002945,0.081697580100561523,100,4.1806250351688341,0.51585159072029507,100,-0.13092272958246345,0.96780319687750338,100,5.0326120915855048,0.30989497849739267,100,3.3414038900627445,0.3255384152074593,100,0.66735014041644802,0.083315329502591143,100,-9.7821184402978911,0.25808034714836314,100,9.7587611616355918,0.28664444115597937,100
mahler,GPFA50,bounce,x,D_obj,objective,OO,100,0.93116133313831129,0.014620469610020878,100,1.3779013421425739,0.15539381171977895,100,0.074735860253618891,0.33288619758932575,100,3.632296617274104,0.15486801335155093,100,3.2576274535434253,0.13343387403579182,100,0.89852012220490951,0.054098408702150831,100,-5.3219647397445842,0.61972247909601774,100,9.9743205976121168,0.018833475899351176,100
mahler,GPFA50,bounce,x,D_obj,behavior,OB,100,0.93116133313831129,0.014620469610020878,100,1.3779013421425739,0.15539381171977895,100,0.074735860253618891,0.33288619758932575,100,3.632296617274104,0.15486801335155093,100,3.2576274535434253,0.13343387403579182,100,0.89852012220490951,0.054098408702150831,100,-5.3219647397445842,0.61972247909601774,100,9.9743205976121168,0.018833475899351176,100
mahler,GPFA50,bounce,x,D_beh,objective,BO,100,0.93116133313831129,0.014620469610020878,100,1.3779013421425739,0.15539381171977895,100,0.074735860253618891,0.33288619758932575,100,3.632296617274104,0.15486801335155093,100,3.2576274535434253,0.13343387403579182,100,0.89852012220490951,0.054098408702150831,100,-5.3219647397445842,0.61972247909601774,100,9.9743205976121168,0.018833475899351176,100
mahler,GPFA50,bounce,x,D_beh,behavior,BB,100,0.93116133313831129,0.014620469610020878,100,1.3779013421425739,0.15539381171977895,100,0.074735860253618891,0.33288619758932575,100,3.632296617274104,0.15486801335155093,100,3.2576274535434253,0.13343387403579182,100,0.89852012220490951,0.054098408702150831,100,-5.3219647397445842,0.61972247909601774,100,9.9743205976121168,0.018833475899351176,100
mahler,GPFA50,bounce,y,D_obj,objective,OO,100,0.60755301481642054,0.07255307344524109,100,5.7253068760379726,0.47901793100600448,100,-0.65729540794292474,1.5337065576849185,100,6.8525676938960949,0.259397847365267,100,3.4886578014382197,0.57388515261260153,100,0.50960201582914633,0.084667464741608078,100,-9.8440031137896113,0.035525949194295275,100,9.8333834576094947,0.014186171776248573,100
mahler,GPFA50,bounce,y,D_obj,behavior,OB,100,0.60931774323583054,0.07321494859373405,100,5.815679480155886,0.49327612581330216,100,-0.58750900198842915,1.556571071792433,100,6.9700976820716702,0.23565660922263282,100,3.4886578014382197,0.57388515261260153,100,0.50090466985896043,0.082782338725731625,100,-9.8556913040157994,0.040605629660398095,100,9.8322210401670649,0.012894461828605331,100
mahler,GPFA50,bounce,y,D_beh,objective,BO,100,0.59177808689244693,0.075998580493803577,100,5.805680641128812,0.47924634075481543,100,-0.65884124992797732,1.5704787623175649,100,6.8525676938960949,0.259397847365267,100,3.3881126337823946,0.53651290498069559,100,0.49487282874268879,0.078939471949721313,100,-9.8440031137896113,0.035525949194295275,100,9.8333834576094947,0.014186171776248573,100
mahler,GPFA50,bounce,y,D_beh,behavior,BB,100,0.59329879687125797,0.076161257699195892,100,5.8996773477729016,0.49064390236001437,100,-0.58905484397348173,1.5982796369893324,100,6.9700976820716702,0.23565660922263282,100,3.3881126337823946,0.53651290498069559,100,0.48643015010451046,0.077091151875041522,100,-9.8556913040157994,0.040605629660398095,100,9.8322210401670649,0.012894461828605331,100
mahler,GPFA50,no_bounce,x,D_obj,objective,OO,100,0.93772510481673621,0.0067768246384003637,100,1.2777502064671622,0.084468654896543691,100,-0.045643042173150475,0.20689678172369755,100,3.5972698447273439,0.11086293353485675,100,3.4121865748608435,0.095505817244025307,100,0.94987953545145387,0.048521487853565776,100,-5.9974687204766042,0.5576339241240641,100,9.9908863713558951,0.0051940560380274448,100
mahler,GPFA50,no_bounce,x,D_obj,behavior,OB,100,0.93772510481673621,0.0067768246384003637,100,1.2777502064671622,0.084468654896543691,100,-0.045643042173150475,0.20689678172369755,100,3.5972698447273439,0.11086293353485675,100,3.4121865748608435,0.095505817244025307,100,0.94987953545145387,0.048521487853565776,100,-5.9974687204766042,0.5576339241240641,100,9.9908863713558951,0.0051940560380274448,100
mahler,GPFA50,no_bounce,x,D_beh,objective,BO,100,0.93772510481673621,0.0067768246384003637,100,1.2777502064671622,0.084468654896543691,100,-0.045643042173150475,0.20689678172369755,100,3.5972698447273439,0.11086293353485675,100,3.4121865748608435,0.095505817244025307,100,0.94987953545145387,0.048521487853565776,100,-5.9974687204766042,0.5576339241240641,100,9.9908863713558951,0.0051940560380274448,100
mahler,GPFA50,no_bounce,x,D_beh,behavior,BB,100,0.93772510481673621,0.0067768246384003637,100,1.2777502064671622,0.084468654896543691,100,-0.045643042173150475,0.20689678172369755,100,3.5972698447273439,0.11086293353485675,100,3.4121865748608435,0.095505817244025307,100,0.94987953545145387,0.048521487853565776,100,-5.9974687204766042,0.5576339241240641,100,9.9908863713558951,0.0051940560380274448,100
mahler,GPFA50,no_bounce,y,D_obj,objective,OO,100,0.49632792267233272,0.062930609310331162,100,3.5234836761774138,0.20953743563493032,100,0.23997866651198557,0.67700424043711882,100,3.8107821245431479,0.15374103590127761,100,2.877814207101995,0.22144244193307813,100,0.75626507207356264,0.064362212040768377,100,-9.2818078399229709,0.38000363666097858,100,8.1536693864588017,0.38399512783044398,100
mahler,GPFA50,no_bounce,y,D_obj,behavior,OB,100,0.47264760729829947,0.065220084199973577,100,3.4305423110663122,0.21208703186227365,100,0.32550079356230177,0.6589919510368536,100,3.5540625511010013,0.1318818794866804,100,2.877814207101995,0.22144244193307813,100,0.8107522607840868,0.068375197973764165,100,-8.6684195456152011,0.12662019082529735,100,7.4991031024052033,0.49669843314351569,100
mahler,GPFA50,no_bounce,y,D_beh,objective,BO,100,0.48564165992015085,0.062860774795689994,100,3.5327415461084297,0.20371719991583406,100,0.12867293700088472,0.6717626321843313,100,3.8107821245431479,0.15374103590127761,100,2.8177737305939661,0.22802897921353019,100,0.74044968719030724,0.065313387142723695,100,-9.2818078399229709,0.38000363666097858,100,8.1536693864588017,0.38399512783044398,100
mahler,GPFA50,no_bounce,y,D_beh,behavior,BB,100,0.4631639018685148,0.064785589853057213,100,3.4288102251199621,0.20466811935809673,100,0.21419506405120103,0.65672370112563461,100,3.5540625511010013,0.1318818794866804,100,2.8177737305939661,0.22802897921353019,100,0.79382867200217588,0.069734994173214757,100,-8.6684195456152011,0.12662019082529735,100,7.4991031024052033,0.49669843314351569,100
mahler,GPFA50,post_bounce,x,D_obj,objective,OO,100,0.91727478119073158,0.025242322798635523,100,1.1527363317385486,0.17589612612894379,100,-0.1598046639067969,0.29527800060356757,100,2.7999241907787313,0.27759030867974172,100,2.6170114157924242,0.22927342248835272,100,0.93716299886713261,0.051702982042584181,100,-2.6430699133618947,1.0935324885904865,100,9.9743205976121168,0.018833475899351176,100
mahler,GPFA50,post_bounce,x,D_obj,behavior,OB,100,0.91727478119073158,0.025242322798635523,100,1.1527363317385486,0.17589612612894379,100,-0.1598046639067969,0.29527800060356757,100,2.7999241907787313,0.27759030867974172,100,2.6170114157924242,0.22927342248835272,100,0.93716299886713261,0.051702982042584181,100,-2.6430699133618947,1.0935324885904865,100,9.9743205976121168,0.018833475899351176,100
mahler,GPFA50,post_bounce,x,D_beh,objective,BO,100,0.91727478119073158,0.025242322798635523,100,1.1527363317385486,0.17589612612894379,100,-0.1598046639067969,0.29527800060356757,100,2.7999241907787313,0.27759030867974172,100,2.6170114157924242,0.22927342248835272,100,0.93716299886713261,0.051702982042584181,100,-2.6430699133618947,1.0935324885904865,100,9.9743205976121168,0.018833475899351176,100
mahler,GPFA50,post_bounce,x,D_beh,behavior,BB,100,0.91727478119073158,0.025242322798635523,100,1.1527363317385486,0.17589612612894379,100,-0.1598046639067969,0.29527800060356757,100,2.7999241907787313,0.27759030867974172,100,2.6170114157924242,0.22927342248835272,100,0.93716299886713261,0.051702982042584181,100,-2.6430699133618947,1.0935324885904865,100,9.9743205976121168,0.018833475899351176,100
mahler,GPFA50,post_bounce,y,D_obj,objective,OO,100,0.67065646789367717,0.082336291950307464,100,5.4888533832945896,0.59932031865413604,100,-0.81363329812033169,1.6009883833301042,100,6.9215387224500819,0.29935053187826333,100,3.665022596953603,0.54868363115071417,100,0.52974233289614359,0.077211942368877753,100,-9.8439826761680234,0.03556366074911875,100,9.8300066114547686,0.02188655356868149,100
mahler,GPFA50,post_bounce,y,D_obj,behavior,OB,100,0.67038598875050293,0.081926188907420205,100,5.6663373633581413,0.62377541126022429,100,-0.68212902809445131,1.64204331445581,100,7.1396354993392901,0.2867146605570251,100,3.665022596953603,0.54868363115071417,100,0.51365114995626771,0.075653393093822768,100,-9.8556565781132459,0.040672265839016682,100,9.829658911431018,0.018386004449215933,100
mahler,GPFA50,post_bounce,y,D_beh,objective,BO,100,0.65886876417563622,0.087683873527788003,100,5.5672436692385938,0.61954389469045101,100,-0.85692725768054689,1.6359046426363513,100,6.9215387224500819,0.29935053187826333,100,3.5807232411119747,0.53061607390040888,100,0.51751696858347485,0.074303449784405701,100,-9.8439826761680234,0.03556366074911875,100,9.8300066114547686,0.02188655356868149,100
mahler,GPFA50,post_bounce,y,D_beh,behavior,BB,100,0.65797480317928092,0.086479801304542969,100,5.751643567888741,0.64124440355086743,100,-0.72542298765466595,1.6898426044389692,100,7.1396354993392901,0.2867146605570251,100,3.5807232411119747,0.53061607390040888,100,0.50182497891764166,0.072955350436715444,100,-9.8556565781132459,0.040672265839016682,100,9.829658911431018,0.018386004449215933,100
perle,FA50,full,x,D_obj,objective,OO,100,0.95487815919535368,0.0051375690821742828,100,1.1012280873935152,0.080794921896394728,100,-0.013141912866529593,0.20452307311690837,100,3.6126962999441123,0.085170092887022167,100,3.3683137105317384,0.073519475754295266,100,0.93316497139207855,0.037828588689196627,100,-6.07275830763892,0.45841169264841858,100,9.9921033518300941,0.0042297634800912056,100
perle,FA50,full,x,D_obj,behavior,OB,100,0.95487815919535368,0.0051375690821742828,100,1.1012280873935152,0.080794921896394728,100,-0.013141912866529593,0.20452307311690837,100,3.6126962999441123,0.085170092887022167,100,3.3683137105317384,0.073519475754295266,100,0.93316497139207855,0.037828588689196627,100,-6.07275830763892,0.45841169264841858,100,9.9921033518300941,0.0042297634800912056,100
perle,FA50,full,x,D_beh,objective,BO,100,0.95487815919535368,0.0051375690821742828,100,1.1012280873935152,0.080794921896394728,100,-0.013141912866529593,0.20452307311690837,100,3.6126962999441123,0.085170092887022167,100,3.3683137105317384,0.073519475754295266,100,0.93316497139207855,0.037828588689196627,100,-6.07275830763892,0.45841169264841858,100,9.9921033518300941,0.0042297634800912056,100
perle,FA50,full,x,D_beh,behavior,BB,100,0.95487815919535368,0.0051375690821742828,100,1.1012280873935152,0.080794921896394728,100,-0.013141912866529593,0.20452307311690837,100,3.6126962999441123,0.085170092887022167,100,3.3683137105317384,0.073519475754295266,100,0.93316497139207855,0.037828588689196627,100,-6.07275830763892,0.45841169264841858,100,9.9921033518300941,0.0042297634800912056,100
perle,FA50,full,y,D_obj,objective,OO,100,0.70186173541760055,0.036005690499325421,100,3.8586265549022651,0.30446866767308656,100,-0.039755303317607231,0.80488460604490841,100,5.1455780584406252,0.23392129213036378,100,2.6983197540250159,0.16032169260891321,100,0.52602929095578521,0.046154318506963839,100,-9.8443016793729221,0.035573441457567037,100,9.8335111874705987,0.014542433951421319,100
perle,FA50,full,y,D_obj,behavior,OB,100,0.69524443124050639,0.037358254260278098,100,3.8612388572147194,0.30936146868428904,100,-0.10226804816231472,0.80652046846171188,100,5.118979853625186,0.24161111892305309,100,2.6983197540250159,0.16032169260891321,100,0.52882271316207197,0.046664329768961399,100,-9.8535081866385088,0.042247062216099113,100,9.8330108751906753,0.014167151295703638,100
perle,FA50,full,y,D_beh,objective,BO,100,0.69722366871901187,0.037328243442796852,100,3.8828906089242059,0.30806937046950766,100,0.025649159115135899,0.81210027951735109,100,5.1455780584406252,0.23392129213036378,100,2.6706366704128777,0.16048712980964289,100,0.52062293688828998,0.045774523053063745,100,-9.8443016793729221,0.035573441457567037,100,9.8335111874705987,0.014542433951421319,100
perle,FA50,full,y,D_beh,behavior,BB,100,0.69103953116199235,0.038583409013210349,100,3.8828563889236847,0.31326363913966476,100,-0.036863585729571581,0.81506482190845442,100,5.118979853625186,0.24161111892305309,100,2.6706366704128777,0.16048712980964289,100,0.52342187587422417,0.046674230713209044,100,-9.8535081866385088,0.042247062216099113,100,9.8330108751906753,0.014167151295703638,100
perle,FA50,visible,x,D_obj,objective,OO,100,0.84933120160404441,0.016421916605161208,100,1.3054176005469622,0.11218056991502552,100,0.11544097962959259,0.26854652560164172,100,2.4024953291612876,0.091244085429000019,100,2.0181430812574344,0.075930515006203653,100,0.8420601055444763,0.058158236627595658,100,-6.07275830763892,0.45841169264841858,100,5.1612580332159048,0.027127538814215861,100
perle,FA50,visible,x,D_obj,behavior,OB,100,0.84933120160404441,0.016421916605161208,100,1.3054176005469622,0.11218056991502552,100,0.11544097962959259,0.26854652560164172,100,2.4024953291612876,0.091244085429000019,100,2.0181430812574344,0.075930515006203653,100,0.8420601055444763,0.058158236627595658,100,-6.07275830763892,0.45841169264841858,100,5.1612580332159048,0.027127538814215861,100
perle,FA50,visible,x,D_beh,objective,BO,100,0.84933120160404441,0.016421916605161208,100,1.3054176005469622,0.11218056991502552,100,0.11544097962959259,0.26854652560164172,100,2.4024953291612876,0.091244085429000019,100,2.0181430812574344,0.075930515006203653,100,0.8420601055444763,0.058158236627595658,100,-6.07275830763892,0.45841169264841858,100,5.1612580332159048,0.027127538814215861,100
perle,FA50,visible,x,D_beh,behavior,BB,100,0.84933120160404441,0.016421916605161208,100,1.3054176005469622,0.11218056991502552,100,0.11544097962959259,0.26854652560164172,100,2.4024953291612876,0.091244085429000019,100,2.0181430812574344,0.075930515006203653,100,0.8420601055444763,0.058158236627595658,100,-6.07275830763892,0.45841169264841858,100,5.1612580332159048,0.027127538814215861,100
perle,FA50,visible,y,D_obj,objective,OO,100,0.67167896349459966,0.040001857269241804,100,3.9777091517351137,0.31482499858988283,100,0.00090883941833099641,0.8345187267085431,100,5.1381680656864219,0.27784603770419086,100,2.6281864662575583,0.17648050531419199,100,0.51319104474651034,0.046468631558409183,100,-9.8109084148093295,0.023771906994335637,100,9.8170791751585309,0.030715464840450891,100
perle,FA50,visible,y,D_obj,behavior,OB,100,0.67123097414728516,0.040101870910006443,100,3.9699163289031829,0.31525148877579307,100,-0.022120859987238308,0.83331342347657533,100,5.1274618835152923,0.27959270067253944,100,2.6281864662575583,0.17648050531419199,100,0.51427973789288972,0.046616650692455852,100,-9.8140256194385422,0.017996495453745279,100,9.8180581312201909,0.027620715834032188,100
perle,FA50,visible,y,D_beh,objective,BO,100,0.66646052891278951,0.041955239418042099,100,4.0009028332140879,0.31975535891072854,100,0.025644790070910816,0.84155968605695142,100,5.1381680656864219,0.27784603770419086,100,2.6067143761468339,0.17719042601083065,100,0.5089727906624284,0.046051716395911824,100,-9.8109084148093295,0.023771906994335637,100,9.8170791751585309,0.030715464840450891,100
perle,FA50,visible,y,D_beh,behavior,BB,100,0.66637644644319183,0.041985178887458334,100,3.9917628128756264,0.31996409290910921,100,0.0026150906653415588,0.84055680668532229,100,5.1274618835152923,0.27959270067253944,100,2.6067143761468339,0.17719042601083065,100,0.51005570889307561,0.046231498716350884,100,-9.8140256194385422,0.017996495453745279,100,9.8180581312201909,0.027620715834032188,100
perle,FA50,hidden,x,D_obj,objective,OO,100,0.88281982898148004,0.033062610905303103,100,0.73158142816035632,0.13896385187440799,100,-0.2040615198365841,0.15360781068129994,100,1.3349127589834446,0.0057910410103984887,100,1.4791448122877109,0.05845608084627496,100,1.1079906166125291,0.042107831501379214,100,5.1928398202679169,0.032316461706578641,100,9.9921033518300941,0.0042297634800912056,100
perle,FA50,hidden,x,D_obj,behavior,OB,100,0.88281982898148004,0.033062610905303103,100,0.73158142816035632,0.13896385187440799,100,-0.2040615198365841,0.15360781068129994,100,1.3349127589834446,0.0057910410103984887,100,1.4791448122877109,0.05845608084627496,100,1.1079906166125291,0.042107831501379214,100,5.1928398202679169,0.032316461706578641,100,9.9921033518300941,0.0042297634800912056,100
perle,FA50,hidden,x,D_beh,objective,BO,100,0.88281982898148004,0.033062610905303103,100,0.73158142816035632,0.13896385187440799,100,-0.2040615198365841,0.15360781068129994,100,1.3349127589834446,0.0057910410103984887,100,1.4791448122877109,0.05845608084627496,100,1.1079906166125291,0.042107831501379214,100,5.1928398202679169,0.032316461706578641,100,9.9921033518300941,0.0042297634800912056,100
perle,FA50,hidden,x,D_beh,behavior,BB,100,0.88281982898148004,0.033062610905303103,100,0.73158142816035632,0.13896385187440799,100,-0.2040615198365841,0.15360781068129994,100,1.3349127589834446,0.0057910410103984887,100,1.4791448122877109,0.05845608084627496,100,1.1079906166125291,0.042107831501379214,100,5.1928398202679169,0.032316461706578641,100,9.9921033518300941,0.0042297634800912056,100
perle,FA50,hidden,y,D_obj,objective,OO,100,0.73910178401811988,0.042315730476245171,100,3.703782625336467,0.36577360496039402,100,-0.099637779570753371,0.86635891629702921,100,5.1298903644531855,0.27949807106361318,100,2.7722693137248466,0.20464765242837099,100,0.54301831814855483,0.059788629768817929,100,-9.7947671456528376,0.1560080192877939,100,9.7560500401839008,0.28306598672801181,100
perle,FA50,hidden,y,D_obj,behavior,OB,100,0.72475704915635375,0.045580818932265302,100,3.7221524602192608,0.38414939407728754,100,-0.21710441987404289,0.87460347430380925,100,5.0777318535436233,0.30075754816391753,100,2.7722693137248466,0.20464765242837099,100,0.54891352664315329,0.062433386827216164,100,-9.7573117505332547,0.31179319603589922,100,9.762837958571847,0.25909655508229917,100
perle,FA50,hidden,y,D_beh,objective,BO,100,0.73561814159546846,0.045025952039498926,100,3.7286948126330532,0.36754633448738816,100,0.022533410751728943,0.875147643144635,100,5.1298903644531855,0.27949807106361318,100,2.7335598615043337,0.20821426350688943,100,0.53543121483946854,0.059788005361317148,100,-9.7947671456528376,0.1560080192877939,100,9.7560500401839008,0.28306598672801181,100
perle,FA50,hidden,y,D_beh,behavior,BB,100,0.7216378919090416,0.04855492082089273,100,3.7421240253166856,0.3920238626360773,100,-0.094933229551560583,0.88923853750638304,100,5.0777318535436233,0.30075754816391753,100,2.7335598615043337,0.20821426350688943,100,0.5413735374726294,0.063570146617177359,100,-9.7573117505332547,0.31179319603589922,100,9.762837958571847,0.25909655508229917,100
perle,FA50,bounce,x,D_obj,objective,OO,100,0.95280797973538522,0.0093162778311959051,100,1.1622477082679812,0.12912869420149126,100,-0.0088068517681326002,0.31176365427692898,100,3.6322689518920788,0.15488078221137172,100,3.3025515404489378,0.1069253482045002,100,0.91081600926864847,0.047557718417217294,100,-5.3221381314335501,0.61970212725838936,100,9.9746248591609543,0.019033825592277405,100
perle,FA50,bounce,x,D_obj,behavior,OB,100,0.95280797973538522,0.0093162778311959051,100,1.1622477082679812,0.12912869420149126,100,-0.0088068517681326002,0.31176365427692898,100,3.6322689518920788,0.15488078221137172,100,3.3025515404489378,0.1069253482045002,100,0.91081600926864847,0.047557718417217294,100,-5.3221381314335501,0.61970212725838936,100,9.9746248591609543,0.019033825592277405,100
perle,FA50,bounce,x,D_beh,objective,BO,100,0.95280797973538522,0.0093162778311959051,100,1.1622477082679812,0.12912869420149126,100,-0.0088068517681326002,0.31176365427692898,100,3.6322689518920788,0.15488078221137172,100,3.3025515404489378,0.1069253482045002,100,0.91081600926864847,0.047557718417217294,100,-5.3221381314335501,0.61970212725838936,100,9.9746248591609543,0.019033825592277405,100
perle,FA50,bounce,x,D_beh,behavior,BB,100,0.95280797973538522,0.0093162778311959051,100,1.1622477082679812,0.12912869420149126,100,-0.0088068517681326002,0.31176365427692898,100,3.6322689518920788,0.15488078221137172,100,3.3025515404489378,0.1069253482045002,100,0.91081600926864847,0.047557718417217294,100,-5.3221381314335501,0.61970212725838936,100,9.9746248591609543,0.019033825592277405,100
perle,FA50,bounce,y,D_obj,objective,OO,100,0.78682984812839374,0.042242448651161807,100,5.1159198254569969,0.43347662483695287,100,-0.33365601026413833,1.4401040687871267,100,6.8526608764692272,0.2593799030829928,100,2.8886787475153635,0.29557895114841104,100,0.42212800879790069,0.045974571041543059,100,-9.8443016793729221,0.035573441457567037,100,9.8335111874705987,0.014542433951421319,100
perle,FA50,bounce,y,D_obj,behavior,OB,100,0.78442484096074483,0.042919029832529099,100,5.2198147081969148,0.41748076195590289,100,-0.42815933732153616,1.4558805537053154,100,6.9463276987718663,0.23397755628710096,100,2.8886787475153635,0.29557895114841104,100,0.41623092224365144,0.043924148529005891,100,-9.8535081866385088,0.042247062216099113,100,9.8330108751906753,0.014167151295703638,100
perle,FA50,bounce,y,D_beh,objective,BO,100,0.78078913155681062,0.044405682396433832,100,5.1520403695916448,0.43733650464286011,100,-0.27785991043097436,1.4588908977953829,100,6.8526608764692272,0.2593799030829928,100,2.8642526780525954,0.29455574980395582,100,0.41852158103800158,0.045390716738351475,100,-9.8443016793729221,0.035573441457567037,100,9.8335111874705987,0.014542433951421319,100
perle,FA50,bounce,y,D_beh,behavior,BB,100,0.77758957402452977,0.045422867269708067,100,5.2585467849840271,0.42195842621099822,100,-0.3723632374883723,1.4768806635411686,100,6.9463276987718663,0.23397755628710096,100,2.8642526780525954,0.29455574980395582,100,0.41268656789087776,0.043479815057258085,100,-9.8535081866385088,0.042247062216099113,100,9.8330108751906753,0.014167151295703638,100
perle,FA50,no_bounce,x,D_obj,objective,OO,100,0.9575910385555495,0.0057299505684805128,100,1.0646624063376093,0.092529666335567182,100,-0.0091288709074407916,0.19800076696584257,100,3.5973018351343971,0.11086994437210616,100,3.40372096481771,0.070129319017629296,100,0.94743518125618009,0.043456156532405761,100,-5.9978346207958131,0.55781659441473741,100,9.9907640859665552,0.0052619137259032811,100
perle,FA50,no_bounce,x,D_obj,behavior,OB,100,0.9575910385555495,0.0057299505684805128,100,1.0646624063376093,0.092529666335567182,100,-0.0091288709074407916,0.19800076696584257,100,3.5973018351343971,0.11086994437210616,100,3.40372096481771,0.070129319017629296,100,0.94743518125618009,0.043456156532405761,100,-5.9978346207958131,0.55781659441473741,100,9.9907640859665552,0.0052619137259032811,100
perle,FA50,no_bounce,x,D_beh,objective,BO,100,0.9575910385555495,0.0057299505684805128,100,1.0646624063376093,0.092529666335567182,100,-0.0091288709074407916,0.19800076696584257,100,3.5973018351343971,0.11086994437210616,100,3.40372096481771,0.070129319017629296,100,0.94743518125618009,0.043456156532405761,100,-5.9978346207958131,0.55781659441473741,100,9.9907640859665552,0.0052619137259032811,100
perle,FA50,no_bounce,x,D_beh,behavior,BB,100,0.9575910385555495,0.0057299505684805128,100,1.0646624063376093,0.092529666335567182,100,-0.0091288709074407916,0.19800076696584257,100,3.5973018351343971,0.11086994437210616,100,3.40372096481771,0.070129319017629296,100,0.94743518125618009,0.043456156532405761,100,-5.9978346207958131,0.55781659441473741,100,9.9907640859665552,0.0052619137259032811,100
perle,FA50,no_bounce,y,D_obj,objective,OO,100,0.65578791359095301,0.04691340653238886,100,2.9276976266199521,0.1841316460319774,100,0.12641147839951708,0.55297527979278049,100,3.8108987429915571,0.15376129028946389,100,2.5801365451273259,0.17459251977993331,100,0.67786217939393523,0.049557794403682576,100,-9.2821232137055976,0.38004530660131497,100,8.1535362827075524,0.38394824217157014,100
perle,FA50,no_bounce,y,D_obj,behavior,OB,100,0.65056871496977853,0.0478095236693152,100,2.8319397908312087,0.18712736421276291,100,0.079854879447720878,0.54493895333113662,100,3.6558858878362948,0.14686946181391364,100,2.5801365451273259,0.17459251977993331,100,0.70655597747411802,0.051088655155177652,100,-8.6591243187503952,0.12839877826531809,100,7.6497048719025038,0.33316186331645087,100
perle,FA50,no_bounce,y,D_beh,objective,BO,100,0.65212019849467029,0.048290219392929767,100,2.9423343109120181,0.18153509503443407,100,0.19754415008791393,0.55270801742470843,100,3.8108987429915571,0.15376129028946389,100,2.5498596702556044,0.17628549683734462,100,0.66983040401031435,0.048851467374480317,100,-9.2821232137055976,0.38004530660131497,100,8.1535362827075524,0.38394824217157014,100
perle,FA50,no_bounce,y,D_beh,behavior,BB,100,0.64878753858346006,0.048505440410738114,100,2.8384164196697466,0.18229950461528302,100,0.1509875511361177,0.54562832909063741,100,3.6558858878362948,0.14686946181391364,100,2.5498596702556044,0.17628549683734462,100,0.69822616998775278,0.050901747614074823,100,-8.6591243187503952,0.12839877826531809,100,7.6497048719025038,0.33316186331645087,100
perle,FA50,post_bounce,x,D_obj,objective,OO,100,0.9407108579803668,0.022191973370411122,100,0.99234835654060916,0.17577589683961176,100,-0.032742640805479013,0.26266894911440208,100,2.799873007471557,0.27761328914389499,100,2.4583700379390705,0.16345522845013835,100,0.88214284777783991,0.053687151354887046,100,-2.6431113446752574,1.0938517292773591,100,9.9746248591609543,0.019033825592277405,100
perle,FA50,post_bounce,x,D_obj,behavior,OB,100,0.9407108579803668,0.022191973370411122,100,0.99234835654060916,0.17577589683961176,100,-0.032742640805479013,0.26266894911440208,100,2.799873007471557,0.27761328914389499,100,2.4583700379390705,0.16345522845013835,100,0.88214284777783991,0.053687151354887046,100,-2.6431113446752574,1.0938517292773591,100,9.9746248591609543,0.019033825592277405,100
perle,FA50,post_bounce,x,D_beh,objective,BO,100,0.9407108579803668,0.022191973370411122,100,0.99234835654060916,0.17577589683961176,100,-0.032742640805479013,0.26266894911440208,100,2.799873007471557,0.27761328914389499,100,2.4583700379390705,0.16345522845013835,100,0.88214284777783991,0.053687151354887046,100,-2.6431113446752574,1.0938517292773591,100,9.9746248591609543,0.019033825592277405,100
perle,FA50,post_bounce,x,D_beh,behavior,BB,100,0.9407108579803668,0.022191973370411122,100,0.99234835654060916,0.17577589683961176,100,-0.032742640805479013,0.26266894911440208,100,2.799873007471557,0.27761328914389499,100,2.4583700379390705,0.16345522845013835,100,0.88214284777783991,0.053687151354887046,100,-2.6431113446752574,1.0938517292773591,100,9.9746248591609543,0.019033825592277405,100
perle,FA50,post_bounce,y,D_obj,objective,OO,100,0.84100495623017946,0.040302065030141866,100,4.8967915135398803,0.52201285594342084,100,-0.28108561634211443,1.4428933867546707,100,6.9217164483336298,0.29930851766790578,100,2.9961753013482975,0.32498362837017697,100,0.43369690625090018,0.050562835028843386,100,-9.8443016793729221,0.035573441457567037,100,9.8302319651587169,0.022049836565069748,100
perle,FA50,post_bounce,y,D_obj,behavior,OB,100,0.8350027932267754,0.042015125158763829,100,5.099816052744325,0.50565525872832273,100,-0.45851010490768224,1.4761001368090318,100,7.0954278796534833,0.27540170803817166,100,2.9961753013482975,0.32498362837017697,100,0.42282035756761371,0.047640975102823814,100,-9.853449785006509,0.042353145451758847,100,9.8305307523967898,0.019057354478784407,100
perle,FA50,post_bounce,y,D_beh,objective,BO,100,0.83740259796910066,0.042830251798021829,100,4.9198668877090572,0.52413945711763299,100,-0.20801122751633791,1.4644334357415538,100,6.9217164483336298,0.29930851766790578,100,2.9842713320721428,0.32315932762231209,100,0.43191476468232309,0.049778599243725796,100,-9.8443016793729221,0.035573441457567037,100,9.8302319651587169,0.022049836565069748,100
perle,FA50,post_bounce,y,D_beh,behavior,BB,100,0.82995945924355941,0.045065874817429054,100,5.1279530081237068,0.51483786122700004,100,-0.3854357160819058,1.5046004780167865,100,7.0954278796534833,0.27540170803817166,100,2.9842713320721428,0.32315932762231209,100,0.4211275462186479,0.047289601768918992,100,-9.853449785006509,0.042353145451758847,100,9.8305307523967898,0.019057354478784407,100
perle,GPFA50,full,x,D_obj,objective,OO,100,0.95640802603310648,0.0051311209871864848,100,1.0838283442665462,0.082203125715501646,100,-0.007151503432581272,0.20385279089836278,100,3.6126962999441123,0.085170092887022167,100,3.3689806300508867,0.073941953221571738,100,0.93334253140912538,0.037723754494203829,100,-6.07275830763892,0.45841169264841858,100,9.9921033518300941,0.0042297634800912056,100
perle,GPFA50,full,x,D_obj,behavior,OB,100,0.95640802603310648,0.0051311209871864848,100,1.0838283442665462,0.082203125715501646,100,-0.007151503432581272,0.20385279089836278,100,3.6126962999441123,0.085170092887022167,100,3.3689806300508867,0.073941953221571738,100,0.93334253140912538,0.037723754494203829,100,-6.07275830763892,0.45841169264841858,100,9.9921033518300941,0.0042297634800912056,100
perle,GPFA50,full,x,D_beh,objective,BO,100,0.95640802603310648,0.0051311209871864848,100,1.0838283442665462,0.082203125715501646,100,-0.007151503432581272,0.20385279089836278,100,3.6126962999441123,0.085170092887022167,100,3.3689806300508867,0.073941953221571738,100,0.93334253140912538,0.037723754494203829,100,-6.07275830763892,0.45841169264841858,100,9.9921033518300941,0.0042297634800912056,100
perle,GPFA50,full,x,D_beh,behavior,BB,100,0.95640802603310648,0.0051311209871864848,100,1.0838283442665462,0.082203125715501646,100,-0.007151503432581272,0.20385279089836278,100,3.6126962999441123,0.085170092887022167,100,3.3689806300508867,0.073941953221571738,100,0.93334253140912538,0.037723754494203829,100,-6.07275830763892,0.45841169264841858,100,9.9921033518300941,0.0042297634800912056,100
perle,GPFA50,full,y,D_obj,objective,OO,100,0.72038614228752218,0.036739373360552573,100,3.8004724502741656,0.31556227625205241,100,-0.052401968082926985,0.81490744778831925,100,5.1455780584406252,0.23392129213036378,100,2.669720800204423,0.16423819060388073,100,0.5204172349673758,0.045979055778832399,100,-9.8443016793729221,0.035573441457567037,100,9.8335111874705987,0.014542433951421319,100
perle,GPFA50,full,y,D_obj,behavior,OB,100,0.71334156638847579,0.038377487654750367,100,3.8047328755079071,0.32034343308701141,100,-0.11491471292763449,0.81640940597407319,100,5.118979853625186,0.24161111892305309,100,2.669720800204423,0.16423819060388073,100,0.52317799102764728,0.046449469279219224,100,-9.8535081866385088,0.042247062216099113,100,9.8330108751906753,0.014167151295703638,100
perle,GPFA50,full,y,D_beh,objective,BO,100,0.71601482414252671,0.037945118754932068,100,3.8248658152431556,0.31944304146027791,100,0.005259274428173537,0.82012563527681592,100,5.1455780584406252,0.23392129213036378,100,2.6398763389311766,0.16414709901889643,100,0.51459404455446278,0.045610002547212071,100,-9.8443016793729221,0.035573441457567037,100,9.8335111874705987,0.014542433951421319,100
perle,GPFA50,full,y,D_beh,behavior,BB,100,0.70938625385049581,0.039460225221234775,100,3.8265474711983729,0.32455118796494331,100,-0.057253470416533989,0.82277790872747536,100,5.118979853625186,0.24161111892305309,100,2.6398763389311766,0.16414709901889643,100,0.51735744723161314,0.046457418093229917,100,-9.8535081866385088,0.042247062216099113,100,9.8330108751906753,0.014167151295703638,100
perle,GPFA50,visible,x,D_obj,objective,OO,100,0.85270945501911521,0.016318609316549749,100,1.2926516380365802,0.11342893660265482,100,0.11709560387480071,0.267610149691619,100,2.4024953291612876,0.091244085429000019,100,2.0161059951401414,0.07487635839447114,100,0.84119234948813149,0.057633226897406943,100,-6.07275830763892,0.45841169264841858,100,5.1612580332159048,0.027127538814215861,100
perle,GPFA50,visible,x,D_obj,behavior,OB,100,0.85270945501911521,0.016318609316549749,100,1.2926516380365802,0.11342893660265482,100,0.11709560387480071,0.267610149691619,100,2.4024953291612876,0.091244085429000019,100,2.0161059951401414,0.07487635839447114,100,0.84119234948813149,0.057633226897406943,100,-6.07275830763892,0.45841169264841858,100,5.1612580332159048,0.027127538814215861,100
perle,GPFA50,visible,x,D_beh,objective,BO,100,0.85270945501911521,0.016318609316549749,100,1.2926516380365802,0.11342893660265482,100,0.11709560387480071,0.267610149691619,100,2.4024953291612876,0.091244085429000019,100,2.0161059951401414,0.07487635839447114,100,0.84119234948813149,0.057633226897406943,100,-6.07275830763892,0.45841169264841858,100,5.1612580332159048,0.027127538814215861,100
perle,GPFA50,visible,x,D_beh,behavior,BB,100,0.85270945501911521,0.016318609316549749,100,1.2926516380365802,0.11342893660265482,100,0.11709560387480071,0.267610149691619,100,2.4024953291612876,0.091244085429000019,100,2.0161059951401414,0.07487635839447114,100,0.84119234948813149,0.057633226897406943,100,-6.07275830763892,0.45841169264841858,100,5.1612580332159048,0.027127538814215861,100
perle,GPFA50,visible,y,D_obj,objective,OO,100,0.67963295628543097,0.041801524383531852,100,3.9696094448918422,0.32358524463616972,100,-0.0054348630789644858,0.85101519513410395,100,5.1381680656864219,0.27784603770419086,100,2.5555412435958136,0.18488833703855173,100,0.49892227370961706,0.046268385331868632,100,-9.8109084148093295,0.023771906994335637,100,9.8170791751585309,0.030715464840450891,100
perle,GPFA50,visible,y,D_obj,behavior,OB,100,0.67926307803630281,0.04187510068573385,100,3.9614275813187887,0.32427090500128741,100,-0.028464562484533742,0.84968108225612726,100,5.1274618835152923,0.27959270067253944,100,2.5555412435958136,0.18488833703855173,100,0.49998157538357235,0.046422638562912316,100,-9.8140256194385422,0.017996495453745279,100,9.8180581312201909,0.027620715834032188,100
perle,GPFA50,visible,y,D_beh,objective,BO,100,0.67421811327881609,0.043854228595892109,100,3.9943548273409188,0.32893985063544606,100,0.011473047499692232,0.85698477860975775,100,5.1381680656864219,0.27784603770419086,100,2.5294014636176665,0.18490854080067565,100,0.49379017561271837,0.045717109374130538,100,-9.8109084148093295,0.023771906994335637,100,9.8170791751585309,0.030715464840450891,100
perle,GPFA50,visible,y,D_beh,behavior,BB,100,0.67415760174420303,0.043893351999436329,100,3.9850652942471059,0.32951586397349375,100,-0.011556651905877008,0.85585672129822743,100,5.1274618835152923,0.27959270067253944,100,2.5294014636176665,0.18490854080067565,100,0.49484101117936524,0.045893987008928307,100,-9.8140256194385422,0.017996495453745279,100,9.8180581312201909,0.027620715834032188,100
perle,GPFA50,hidden,x,D_obj,objective,OO,100,0.89028096972570137,0.035050932794496746,100,0.69807383476132867,0.1454529424993061,100,-0.18924701430688176,0.15551041291195741,100,1.3349127589834446,0.0057910410103984887,100,1.4584423284449857,0.058722513376704255,100,1.0924804161085937,0.04229161179496508,100,5.1928398202679169,0.032316461706578641,100,9.9921033518300941,0.0042297634800912056,100
perle,GPFA50,hidden,x,D_obj,behavior,OB,100,0.89028096972570137,0.035050932794496746,100,0.69807383476132867,0.1454529424993061,100,-0.18924701430688176,0.15551041291195741,100,1.3349127589834446,0.0057910410103984887,100,1.4584423284449857,0.058722513376704255,100,1.0924804161085937,0.04229161179496508,100,5.1928398202679169,0.032316461706578641,100,9.9921033518300941,0.0042297634800912056,100
perle,GPFA50,hidden,x,D_beh,objective,BO,100,0.89028096972570137,0.035050932794496746,100,0.69807383476132867,0.1454529424993061,100,-0.18924701430688176,0.15551041291195741,100,1.3349127589834446,0.0057910410103984887,100,1.4584423284449857,0.058722513376704255,100,1.0924804161085937,0.04229161179496508,100,5.1928398202679169,0.032316461706578641,100,9.9921033518300941,0.0042297634800912056,100
perle,GPFA50,hidden,x,D_beh,behavior,BB,100,0.89028096972570137,0.035050932794496746,100,0.69807383476132867,0.1454529424993061,100,-0.18924701430688176,0.15551041291195741,100,1.3349127589834446,0.0057910410103984887,100,1.4584423284449857,0.058722513376704255,100,1.0924804161085937,0.04229161179496508,100,5.1928398202679169,0.032316461706578641,100,9.9921033518300941,0.0042297634800912056,100
perle,GPFA50,hidden,y,D_obj,objective,OO,100,0.77049812354544689,0.041437423756439433,100,3.5718022318022844,0.38032401143368316,100,-0.11665515142133642,0.8617710630581118,100,5.1298903644531855,0.27949807106361318,100,2.7981128749492026,0.21517092309509697,100,0.54807404506213719,0.061445598891558546,100,-9.7947671456528376,0.1560080192877939,100,9.7560500401839008,0.28306598672801181,100
perle,GPFA50,hidden,y,D_obj,behavior,OB,100,0.75556944085637257,0.045583369146552803,100,3.5955218495476799,0.39907751076193659,100,-0.23412179172462594,0.87001791074354973,100,5.0777318535436233,0.30075754816391753,100,2.7981128749492026,0.21517092309509697,100,0.55401778580533578,0.064015846656339512,100,-9.7573117505332547,0.31179319603589922,100,9.762837958571847,0.25909655508229917,100
perle,GPFA50,hidden,y,D_beh,objective,BO,100,0.76783813184077554,0.043983304486903629,100,3.5945876088979789,0.38350503667837116,100,-0.0018793129700567564,0.86835207660129587,100,5.1298903644531855,0.27949807106361318,100,2.7608303907816638,0.21869598527824841,100,0.54079427697955618,0.061757303626766784,100,-9.7947671456528376,0.1560080192877939,100,9.7560500401839008,0.28306598672801181,100
perle,GPFA50,hidden,y,D_beh,behavior,BB,100,0.7533628776850726,0.048303344257444869,100,3.6129680923604228,0.40874952097077222,100,-0.11934595327334624,0.88215422296213197,100,5.0777318535436233,0.30075754816391753,100,2.7608303907816638,0.21869598527824841,100,0.5468007259121006,0.065550265084272627,100,-9.7573117505332547,0.31179319603589922,100,9.762837958571847,0.25909655508229917,100
perle,GPFA50,bounce,x,D_obj,objective,OO,100,0.95445117518639888,0.0092206695568605966,100,1.1440528240114975,0.13082243698971832,100,0.0048149425175186156,0.31028591805008521,100,3.6322689518920788,0.15488078221137172,100,3.3043321831022738,0.10797409670244613,100,0.91127162235693504,0.047067854407749327,100,-5.3221381314335501,0.61970212725838936,100,9.9746248591609543,0.019033825592277405,100
perle,GPFA50,bounce,x,D_obj,behavior,OB,100,0.95445117518639888,0.0092206695568605966,100,1.1440528240114975,0.13082243698971832,100,0.0048149425175186156,0.31028591805008521,100,3.6322689518920788,0.15488078221137172,100,3.3043321831022738,0.10797409670244613,100,0.91127162235693504,0.047067854407749327,100,-5.3221381314335501,0.61970212725838936,100,9.9746248591609543,0.019033825592277405,100
perle,GPFA50,bounce,x,D_beh,objective,BO,100,0.95445117518639888,0.0092206695568605966,100,1.1440528240114975,0.13082243698971832,100,0.0048149425175186156,0.31028591805008521,100,3.6322689518920788,0.15488078221137172,100,3.3043321831022738,0.10797409670244613,100,0.91127162235693504,0.047067854407749327,100,-5.3221381314335501,0.61970212725838936,100,9.9746248591609543,0.019033825592277405,100
perle,GPFA50,bounce,x,D_beh,behavior,BB,100,0.95445117518639888,0.0092206695568605966,100,1.1440528240114975,0.13082243698971832,100,0.0048149425175186156,0.31028591805008521,100,3.6322689518920788,0.15488078221137172,100,3.3043321831022738,0.10797409670244613,100,0.91127162235693504,0.047067854407749327,100,-5.3221381314335501,0.61970212725838936,100,9.9746248591609543,0.019033825592277405,100
perle,GPFA50,bounce,y,D_obj,objective,OO,100,0.80302726756865572,0.041791211014520421,100,5.0658063941941229,0.44395127011252961,100,-0.32842617509565231,1.4426210864459756,100,6.8526608764692272,0.2593799030829928,100,2.8640697743343448,0.30678687882122024,100,0.41852257092410938,0.047407108906500559,100,-9.8443016793729221,0.035573441457567037,100,9.8335111874705987,0.014542433951421319,100
perle,GPFA50,bounce,y,D_obj,behavior,OB,100,0.80087564330186156,0.04251642905774948,100,5.1692090835262352,0.42718188401659141,100,-0.42292950215305003,1.4584626441850261,100,6.9463276987718663,0.23397755628710096,100,2.8640697743343448,0.30678687882122024,100,0.41267453446471392,0.045392867074244989,100,-9.8535081866385088,0.042247062216099113,100,9.8330108751906753,0.014167151295703638,100
perle,GPFA50,bounce,y,D_beh,objective,BO,100,0.79673546740284762,0.044095654055191683,100,5.105138369345517,0.44834406454951153,100,-0.27872225931846356,1.459178694768708,100,6.8526608764692272,0.2593799030829928,100,2.836245871784052,0.30577578353408846,100,0.41442251365978405,0.046862555342994543,100,-9.8443016793729221,0.035573441457567037,100,9.8335111874705987,0.014542433951421319,100
perle,GPFA50,bounce,y,D_beh,behavior,BB,100,0.79390079655140011,0.045064119298610254,100,5.2108034263058878,0.4318829131472709,100,-0.37322558637586156,1.4769977379670785,100,6.9463276987718663,0.23397755628710096,100,2.836245871784052,0.30577578353408846,100,0.40864004194468889,0.044951879139736486,100,-9.8535081866385088,0.042247062216099113,100,9.8330108751906753,0.014167151295703638,100
perle,GPFA50,no_bounce,x,D_obj,objective,OO,100,0.95905816782157582,0.0057620396753345418,100,1.04761277396902,0.094728624591829874,100,-0.0074697345250655921,0.19830534476379452,100,3.5973018351343971,0.11086994437210616,100,3.4039776422615051,0.070473164969858379,100,0.94751008521926838,0.043587121451817652,100,-5.9978346207958131,0.55781659441473741,100,9.9907640859665552,0.0052619137259032811,100
perle,GPFA50,no_bounce,x,D_obj,behavior,OB,100,0.95905816782157582,0.0057620396753345418,100,1.04761277396902,0.094728624591829874,100,-0.0074697345250655921,0.19830534476379452,100,3.5973018351343971,0.11086994437210616,100,3.4039776422615051,0.070473164969858379,100,0.94751008521926838,0.043587121451817652,100,-5.9978346207958131,0.55781659441473741,100,9.9907640859665552,0.0052619137259032811,100
perle,GPFA50,no_bounce,x,D_beh,objective,BO,100,0.95905816782157582,0.0057620396753345418,100,1.04761277396902,0.094728624591829874,100,-0.0074697345250655921,0.19830534476379452,100,3.5973018351343971,0.11086994437210616,100,3.4039776422615051,0.070473164969858379,100,0.94751008521926838,0.043587121451817652,100,-5.9978346207958131,0.55781659441473741,100,9.9907640859665552,0.0052619137259032811,100
perle,GPFA50,no_bounce,x,D_beh,behavior,BB,100,0.95905816782157582,0.0057620396753345418,100,1.04761277396902,0.094728624591829874,100,-0.0074697345250655921,0.19830534476379452,100,3.5973018351343971,0.11086994437210616,100,3.4039776422615051,0.070473164969858379,100,0.94751008521926838,0.043587121451817652,100,-5.9978346207958131,0.55781659441473741,100,9.9907640859665552,0.0052619137259032811,100
perle,GPFA50,no_bounce,y,D_obj,objective,OO,100,0.67682861804478123,0.047050886325927625,100,2.85714033178933,0.19656824851487306,100,0.10396344776087708,0.56489390299531461,100,3.8108987429915571,0.15376129028946389,100,2.5468338829556765,0.18203997205964775,100,0.6690626814767543,0.050626226947155385,100,-9.2821232137055976,0.38004530660131497,100,8.1535362827075524,0.38394824217157014,100
perle,GPFA50,no_bounce,y,D_obj,behavior,OB,100,0.67065686968505966,0.048424588970669896,100,2.7639517188637739,0.20112973859660929,100,0.05740684880908091,0.55697070361461176,100,3.6558858878362948,0.14686946181391364,100,2.5468338829556765,0.18203997205964775,100,0.69738568030272585,0.052253594494812469,100,-8.6591243187503952,0.12839877826531809,100,7.6497048719025038,0.33316186331645087,100
perle,GPFA50,no_bounce,y,D_beh,objective,BO,100,0.67403098751421009,0.048476724832871618,100,2.8690129916603344,0.19403365935006989,100,0.16655527088004118,0.56346877348534841,100,3.8108987429915571,0.15376129028946389,100,2.5148567475725834,0.18377254633747364,100,0.66059068827418177,0.050081565719399451,100,-9.2821232137055976,0.38004530660131497,100,8.1535362827075524,0.38394824217157014,100
perle,GPFA50,no_bounce,y,D_beh,behavior,BB,100,0.66964523906666729,0.04908116455355134,100,2.7679043902228582,0.19650898918444781,100,0.11999867192824498,0.55639986017061382,100,3.6558858878362948,0.14686946181391364,100,2.5148567475725834,0.18377254633747364,100,0.68859612004459203,0.052204427370649335,100,-8.6591243187503952,0.12839877826531809,100,7.6497048719025038,0.33316186331645087,100
perle,GPFA50,post_bounce,x,D_obj,objective,OO,100,0.94333384603694881,0.022602571860068751,100,0.97441855722980664,0.17993245524500651,100,-0.015189848223881071,0.26365143430627253,100,2.799873007471557,0.27761328914389499,100,2.4510652014585066,0.16604036443722037,100,0.87948058361245751,0.054027745384192548,100,-2.6431113446752574,1.0938517292773591,100,9.9746248591609543,0.019033825592277405,100
perle,GPFA50,post_bounce,x,D_obj,behavior,OB,100,0.94333384603694881,0.022602571860068751,100,0.97441855722980664,0.17993245524500651,100,-0.015189848223881071,0.26365143430627253,100,2.799873007471557,0.27761328914389499,100,2.4510652014585066,0.16604036443722037,100,0.87948058361245751,0.054027745384192548,100,-2.6431113446752574,1.0938517292773591,100,9.9746248591609543,0.019033825592277405,100
perle,GPFA50,post_bounce,x,D_beh,objective,BO,100,0.94333384603694881,0.022602571860068751,100,0.97441855722980664,0.17993245524500651,100,-0.015189848223881071,0.26365143430627253,100,2.799873007471557,0.27761328914389499,100,2.4510652014585066,0.16604036443722037,100,0.87948058361245751,0.054027745384192548,100,-2.6431113446752574,1.0938517292773591,100,9.9746248591609543,0.019033825592277405,100
perle,GPFA50,post_bounce,x,D_beh,behavior,BB,100,0.94333384603694881,0.022602571860068751,100,0.97441855722980664,0.17993245524500651,100,-0.015189848223881071,0.26365143430627253,100,2.799873007471557,0.27761328914389499,100,2.4510652014585066,0.16604036443722037,100,0.87948058361245751,0.054027745384192548,100,-2.6431113446752574,1.0938517292773591,100,9.9746248591609543,0.019033825592277405,100
perle,GPFA50,post_bounce,y,D_obj,objective,OO,100,0.86077036246794636,0.039622122557982739,100,4.8035569315998785,0.53022088950008872,100,-0.2606262094683936,1.4339430896433654,100,6.9217164483336298,0.29930851766790578,100,3.0056064366521964,0.34141138671087823,100,0.43501727905028026,0.052464391939455145,100,-9.8443016793729221,0.035573441457567037,100,9.8302319651587169,0.022049836565069748,100
perle,GPFA50,post_bounce,y,D_obj,behavior,OB,100,0.85483049359966701,0.04173451420895645,100,5.0073557445298675,0.51309671573513393,100,-0.43805069803396146,1.4674846383499043,100,7.0954278796534833,0.27540170803817166,100,3.0056064366521964,0.34141138671087823,100,0.42411082125325988,0.049561950806458678,100,-9.853449785006509,0.042353145451758847,100,9.8305307523967898,0.019057354478784407,100
perle,GPFA50,post_bounce,y,D_beh,objective,BO,100,0.85707313234790405,0.042255325996317858,100,4.8310538451758598,0.53193823501068871,100,-0.19340495515075296,1.4535931702726541,100,6.9217164483336298,0.29930851766790578,100,2.9884606644445171,0.33941144229733888,100,0.43247270350082867,0.051637958905862341,100,-9.8443016793729221,0.035573441457567037,100,9.8302319651587169,0.022049836565069748,100
perle,GPFA50,post_bounce,y,D_beh,behavior,BB,100,0.84991206229116667,0.044710666400487473,100,5.0392244438773801,0.52117164829922236,100,-0.37082944371632093,1.4937956760110807,100,7.0954278796534833,0.27540170803817166,100,2.9884606644445171,0.33941144229733888,100,0.42166885698528778,0.049095585351699673,100,-9.853449785006509,0.042353145451758847,100,9.8305307523967898,0.019057354478784407,100
