animal,representation,epoch,coordinate,n_rounds,r_obj,r_obj_sd,r_obj_n_finite,r_beh,r_beh_sd,r_beh_n_finite,RMSE_obj,RMSE_obj_sd,RMSE_obj_n_finite,RMSE_beh,RMSE_beh_sd,RMSE_beh_n_finite,Delta_r,Delta_r_sd,Delta_r_n_finite,Delta_RMSE,Delta_RMSE_sd,Delta_RMSE_n_finite,n_conditions_split_mean,n_conditions_sd,n_conditions_n_finite,n_bins_split_mean,n_bins_sd,n_bins_n_finite,n_conditions,n_bins
mahler,FA50,full,x,100,0.92738808028575237,0.0054302935866987808,100,0.92738808028575237,0.0054302935866987808,100,1.3745681068546065,0.067807449278819112,100,1.3745681068546065,0.067807449278819112,100,0,0,100,0,0,100,39.57,0.49507575177946256,100,1701.1500000000001,54.748767109406209,100,78,3369
mahler,FA50,full,y,100,0.49277287909596268,0.044021215314783611,100,0.46959711576745122,0.046342415347765009,100,4.5909401514015276,0.28050531244579169,100,4.6129003178482089,0.29287494956920435,100,-0.023175763328511387,0.010542121054526721,100,-0.021960166446681376,0.053550949617451181,100,39.57,0.49507575177946256,100,1701.1500000000001,54.748767109406209,100,78,3369
mahler,FA50,visible,x,100,0.78232372563466479,0.017029818997985714,100,0.78232372563466479,0.017029818997985714,100,1.5310902504642856,0.10757383130773855,100,1.5310902504642856,0.10757383130773855,100,0,0,100,0,0,100,39.57,0.49507575177946256,100,976.32000000000005,32.690940641101164,100,78,1931
mahler,FA50,visible,y,100,0.42993233932285613,0.056718597683717946,100,0.40966970134910374,0.058204674561225377,100,4.7691491111618936,0.27903887837363395,100,4.7964990116462403,0.27788289357400836,100,-0.020262637973752381,0.0091867301622967825,100,-0.027349900484346667,0.028135183059445557,100,39.57,0.49507575177946256,100,976.32000000000005,32.690940641101164,100,78,1931
mahler,FA50,hidden,x,100,0.73642215372574005,0.040936503518163317,100,0.73642215372574005,0.040936503518163317,100,1.1191721765583231,0.11702118375805745,100,1.1191721765583231,0.11702118375805745,100,0,0,100,0,0,100,39.57,0.49507575177946256,100,685.25999999999999,28.621886730262908,100,78,1360
mahler,FA50,hidden,y,100,0.56443181748902493,0.064910748068200561,100,0.5406495527232269,0.074794096121746798,100,4.3630131620392198,0.41570641765203781,100,4.373486407643397,0.46759485932355027,100,-0.02378226476579802,0.020609111075321571,100,-0.010473245604178602,0.13877505386382136,100,39.57,0.49507575177946256,100,685.25999999999999,28.621886730262908,100,78,1360
mahler,FA50,bounce,x,100,0.92581248485788503,0.011933064734469702,100,0.92581248485788503,0.011933064734469702,100,1.4216524614302442,0.12623694871777302,100,1.4216524614302442,0.12623694871777302,100,0,0,100,0,0,100,12.94,2.1204716456486747,100,600.99000000000001,101.56490486383571,100,26,1207
mahler,FA50,bounce,y,100,0.56600340316679132,0.063812488901286407,100,0.55284983953736067,0.066284214955462925,100,5.9282370601667242,0.41650482290289287,100,6.0918996786606074,0.42375163403327532,100,-0.013153563629430513,0.01440534822341284,100,-0.1636626184938845,0.11557527657600439,100,12.94,2.1204716456486747,100,600.99000000000001,101.56490486383571,100,26,1207
mahler,FA50,no_bounce,x,100,0.93017995494239014,0.0062197900399924401,100,0.93017995494239014,0.0062197900399924401,100,1.3460096827636179,0.078559830324600205,100,1.3460096827636179,0.078559830324600205,100,0,0,100,0,0,100,26.629999999999999,2.1709675262426198,100,1100.1600000000001,107.49313652508239,100,52,2162
mahler,FA50,no_bounce,y,100,0.45584087184540595,0.056991970160088466,100,0.42610720245474865,0.059885810614748576,100,3.6318989960435339,0.19227776791688403,100,3.5249013756770209,0.19219790267672218,100,-0.029733669390657341,0.010419738733385637,100,0.10699762036651318,0.052069836179265708,100,26.629999999999999,2.1709675262426198,100,1100.1600000000001,107.49313652508239,100,52,2162
mahler,FA50,post_bounce,x,100,0.90702646837434608,0.022974125593973518,100,0.90702646837434608,0.022974125593973518,100,1.2255171583386739,0.15215288500824364,100,1.2255171583386739,0.15215288500824364,100,0,0,100,0,0,100,12.94,2.1204716456486747,100,318.60000000000002,56.12557349372922,100,26,631
mahler,FA50,post_bounce,y,100,0.61368586745818288,0.075349822409927131,100,0.60196616144852921,0.077047903795227593,100,5.8091476542885161,0.53092770633503794,100,6.0618240442578761,0.54725594591979332,100,-0.011719706009653828,0.022412883563759624,100,-0.25267638996935848,0.22044119611691537,100,12.94,2.1204716456486747,100,318.60000000000002,56.12557349372922,100,26,631
mahler,GPFA50,full,x,100,0.93383050953293389,0.0066511483799970138,100,0.93383050953293389,0.0066511483799970138,100,1.31640242902115,0.07820008950665204,100,1.31640242902115,0.07820008950665204,100,0,0,100,0,0,100,39.57,0.49507575177946256,100,1701.1500000000001,54.748767109406209,100,78,3369
mahler,GPFA50,full,y,100,0.53736603945968342,0.052457563033898189,100,0.51259503452834931,0.055116524013696981,100,4.4458337514682844,0.30738381226452394,100,4.478077894011661,0.3225762352256718,100,-0.024771004931334138,0.014595352994069541,100,-0.032244142543377291,0.063514117324348821,100,39.57,0.49507575177946256,100,1701.1500000000001,54.748767109406209,100,78,3369
mahler,GPFA50,visible,x,100,0.80120717287900978,0.02111568882469176,100,0.80120717287900978,0.02111568882469176,100,1.4736520455992459,0.11468028406307698,100,1.4736520455992459,0.11468028406307698,100,0,0,100,0,0,100,39.57,0.49507575177946256,100,976.32000000000005,32.690940641101164,100,78,1931
mahler,GPFA50,visible,y,100,0.46851807199652745,0.065295144300467178,100,0.44660496368811775,0.066005942216936592,100,4.6603027015038059,0.31221810423641522,100,4.6939872451032718,0.30630579888574472,100,-0.021913108308409576,0.013579690754175922,100,-0.033684543599465044,0.046584221693701647,100,39.57,0.49507575177946256,100,976.32000000000005,32.690940641101164,100,78,1931
mahler,GPFA50,hidden,x,100,0.75817877932356315,0.045177590388084658,100,0.75817877932356315,0.045177590388084658,100,1.0593659451607302,0.13005668627349912,100,1.0593659451607302,0.13005668627349912,100,0,0,100,0,0,100,39.57,0.49507575177946256,100,685.25999999999999,28.621886730262908,100,78,1360
mahler,GPFA50,hidden,y,100,0.61773285372630804,0.069899857707538954,100,0.59281059672002945,0.081697580100561523,100,4.1563291531017672,0.44686339422342791,100,4.1806250351688341,0.51585159072029507,100,-0.024922257006278661,0.023287912312899835,100,-0.024295882067066312,0.1474534134424588,100,39.57,0.49507575177946256,100,685.25999999999999,28.621886730262908,100,78,1360
mahler,GPFA50,bounce,x,100,0.93116133313831129,0.014620469610020878,100,0.93116133313831129,0.014620469610020878,100,1.3779013421425739,0.15539381171977895,100,1.3779013421425739,0.15539381171977895,100,0,0,100,0,0,100,12.94,2.1204716456486747,100,600.99000000000001,101.56490486383571,100,26,1207
mahler,GPFA50,bounce,y,100,0.60755301481642054,0.07255307344524109,100,0.59329879687125797,0.076161257699195892,100,5.7253068760379726,0.47901793100600448,100,5.8996773477729016,0.49064390236001437,100,-0.01425421794516258,0.019595097591474753,100,-0.17437047173493234,0.11998639522225708,100,12.94,2.1204716456486747,100,600.99000000000001,101.56490486383571,100,26,1207
mahler,GPFA50,no_bounce,x,100,0.93772510481673621,0.0067768246384003637,100,0.93772510481673621,0.0067768246384003637,100,1.2777502064671622,0.084468654896543691,100,1.2777502064671622,0.084468654896543691,100,0,0,100,0,0,100,26.629999999999999,2.1709675262426198,100,1100.1600000000001,107.49313652508239,100,52,2162
mahler,GPFA50,no_bounce,y,100,0.49632792267233272,0.062930609310331162,100,0.4631639018685148,0.064785589853057213,100,3.5234836761774138,0.20953743563493032,100,3.4288102251199621,0.20466811935809673,100,-0.033164020803817952,0.012941437013719925,100,0.094673451057452507,0.055435968861893226,100,26.629999999999999,2.1709675262426198,100,1100.1600000000001,107.49313652508239,100,52,2162
mahler,GPFA50,post_bounce,x,100,0.91727478119073158,0.025242322798635523,100,0.91727478119073158,0.025242322798635523,100,1.1527363317385486,0.17589612612894379,100,1.1527363317385486,0.17589612612894379,100,0,0,100,0,0,100,12.94,2.1204716456486747,100,318.60000000000002,56.12557349372922,100,26,631
mahler,GPFA50,post_bounce,y,100,0.67065646789367717,0.082336291950307464,100,0.65797480317928092,0.086479801304542969,100,5.4888533832945896,0.59932031865413604,100,5.751643567888741,0.64124440355086743,100,-0.012681664714396204,0.025377316203246708,100,-0.26279018459415171,0.22139907770595271,100,12.94,2.1204716456486747,100,318.60000000000002,56.12557349372922,100,26,631
perle,FA50,full,x,100,0.95487815919535368,0.0051375690821742828,100,0.95487815919535368,0.0051375690821742828,100,1.1012280873935152,0.080794921896394728,100,1.1012280873935152,0.080794921896394728,100,0,0,100,0,0,100,39.57,0.49507575177946256,100,1701.1500000000001,54.748767109406209,100,78,3369
perle,FA50,full,y,100,0.70186173541760055,0.036005690499325421,100,0.69103953116199235,0.038583409013210349,100,3.8586265549022651,0.30446866767308656,100,3.8828563889236847,0.31326363913966476,100,-0.010822204255608158,0.006662878061807897,100,-0.024229834021420125,0.053090443274778076,100,39.57,0.49507575177946256,100,1701.1500000000001,54.748767109406209,100,78,3369
perle,FA50,visible,x,100,0.84933120160404441,0.016421916605161208,100,0.84933120160404441,0.016421916605161208,100,1.3054176005469622,0.11218056991502552,100,1.3054176005469622,0.11218056991502552,100,0,0,100,0,0,100,39.57,0.49507575177946256,100,976.32000000000005,32.690940641101164,100,78,1931
perle,FA50,visible,y,100,0.67167896349459966,0.040001857269241804,100,0.66637644644319183,0.041985178887458334,100,3.9777091517351137,0.31482499858988283,100,3.9917628128756264,0.31996409290910921,100,-0.0053025170514080719,0.0060698453835545552,100,-0.014053661140513677,0.021701751230972597,100,39.57,0.49507575177946256,100,976.32000000000005,32.690940641101164,100,78,1931
perle,FA50,hidden,x,100,0.88281982898148004,0.033062610905303103,100,0.88281982898148004,0.033062610905303103,100,0.73158142816035632,0.13896385187440799,100,0.73158142816035632,0.13896385187440799,100,0,0,100,0,0,100,39.57,0.49507575177946256,100,685.25999999999999,28.621886730262908,100,78,1360
perle,FA50,hidden,y,100,0.73910178401811988,0.042315730476245171,100,0.7216378919090416,0.04855492082089273,100,3.703782625336467,0.36577360496039402,100,3.7421240253166856,0.3920238626360773,100,-0.017463892109078415,0.0161259910666951,100,-0.038341399980218752,0.13694912139131674,100,39.57,0.49507575177946256,100,685.25999999999999,28.621886730262908,100,78,1360
perle,FA50,bounce,x,100,0.95280797973538522,0.0093162778311959051,100,0.95280797973538522,0.0093162778311959051,100,1.1622477082679812,0.12912869420149126,100,1.1622477082679812,0.12912869420149126,100,0,0,100,0,0,100,12.94,2.1204716456486747,100,600.99000000000001,101.56490486383571,100,26,1207
perle,FA50,bounce,y,100,0.78682984812839374,0.042242448651161807,100,0.77758957402452977,0.045422867269708067,100,5.1159198254569969,0.43347662483695287,100,5.2585467849840271,0.42195842621099822,100,-0.0092402741038641462,0.010568779959115034,100,-0.14262695952702964,0.10610788197796145,100,12.94,2.1204716456486747,100,600.99000000000001,101.56490486383571,100,26,1207
perle,FA50,no_bounce,x,100,0.9575910385555495,0.0057299505684805128,100,0.9575910385555495,0.0057299505684805128,100,1.0646624063376093,0.092529666335567182,100,1.0646624063376093,0.092529666335567182,100,0,0,100,0,0,100,26.629999999999999,2.1709675262426198,100,1100.1600000000001,107.49313652508239,100,52,2162
perle,FA50,no_bounce,y,100,0.65578791359095301,0.04691340653238886,100,0.64878753858346006,0.048505440410738114,100,2.9276976266199521,0.1841316460319774,100,2.8384164196697466,0.18229950461528302,100,-0.0070003750074932513,0.0065793333316278412,100,0.089281206950206998,0.03668494525392664,100,26.629999999999999,2.1709675262426198,100,1100.1600000000001,107.49313652508239,100,52,2162
perle,FA50,post_bounce,x,100,0.9407108579803668,0.022191973370411122,100,0.9407108579803668,0.022191973370411122,100,0.99234835654060916,0.17577589683961176,100,0.99234835654060916,0.17577589683961176,100,0,0,100,0,0,100,12.94,2.1204716456486747,100,318.60000000000002,56.12557349372922,100,26,631
perle,FA50,post_bounce,y,100,0.84100495623017946,0.040302065030141866,100,0.82995945924355941,0.045065874817429054,100,4.8967915135398803,0.52201285594342084,100,5.1279530081237068,0.51483786122700004,100,-0.011045496986619949,0.017183681542385802,100,-0.23116149458382723,0.21778536386330929,100,12.94,2.1204716456486747,100,318.60000000000002,56.12557349372922,100,26,631
perle,GPFA50,full,x,100,0.95640802603310648,0.0051311209871864848,100,0.95640802603310648,0.0051311209871864848,100,1.0838283442665462,0.082203125715501646,100,1.0838283442665462,0.082203125715501646,100,0,0,100,0,0,100,39.57,0.49507575177946256,100,1701.1500000000001,54.748767109406209,100,78,3369
perle,GPFA50,full,y,100,0.72038614228752218,0.036739373360552573,100,0.70938625385049581,0.039460225221234775,100,3.8004724502741656,0.31556227625205241,100,3.8265474711983729,0.32455118796494331,100,-0.010999888437026449,0.0069973380728908215,100,-0.026075020924207368,0.054352529409565996,100,39.57,0.49507575177946256,100,1701.1500000000001,54.748767109406209,100,78,3369
perle,GPFA50,visible,x,100,0.85270945501911521,0.016318609316549749,100,0.85270945501911521,0.016318609316549749,100,1.2926516380365802,0.11342893660265482,100,1.2926516380365802,0.11342893660265482,100,0,0,100,0,0,100,39.57,0.49507575177946256,100,976.32000000000005,32.690940641101164,100,78,1931
perle,GPFA50,visible,y,100,0.67963295628543097,0.041801524383531852,100,0.67415760174420303,0.043893351999436329,100,3.9696094448918422,0.32358524463616972,100,3.9850652942471059,0.32951586397349375,100,-0.0054753545412279843,0.0063982961211960258,100,-0.015455849355263833,0.023783584924992156,100,39.57,0.49507575177946256,100,976.32000000000005,32.690940641101164,100,78,1931
perle,GPFA50,hidden,x,100,0.89028096972570137,0.035050932794496746,100,0.89028096972570137,0.035050932794496746,100,0.69807383476132867,0.1454529424993061,100,0.69807383476132867,0.1454529424993061,100,0,0,100,0,0,100,39.57,0.49507575177946256,100,685.25999999999999,28.621886730262908,100,78,1360
perle,GPFA50,hidden,y,100,0.77049812354544689,0.041437423756439433,100,0.7533628776850726,0.048303344257444869,100,3.5718022318022844,0.38032401143368316,100,3.6129680923604228,0.40874952097077222,100,-0.017135245860374074,0.016582123077091084,100,-0.041165860558138444,0.14240179866563399,100,39.57,0.49507575177946256,100,685.25999999999999,28.621886730262908,100,78,1360
perle,GPFA50,bounce,x,100,0.95445117518639888,0.0092206695568605966,100,0.95445117518639888,0.0092206695568605966,100,1.1440528240114975,0.13082243698971832,100,1.1440528240114975,0.13082243698971832,100,0,0,100,0,0,100,12.94,2.1204716456486747,100,600.99000000000001,101.56490486383571,100,26,1207
perle,GPFA50,bounce,y,100,0.80302726756865572,0.041791211014520421,100,0.79390079655140011,0.045064119298610254,100,5.0658063941941229,0.44395127011252961,100,5.2108034263058878,0.4318829131472709,100,-0.0091264710172553991,0.010959866451275561,100,-0.14499703211176562,0.10568496946311318,100,12.94,2.1204716456486747,100,600.99000000000001,101.56490486383571,100,26,1207
perle,GPFA50,no_bounce,x,100,0.95905816782157582,0.0057620396753345418,100,0.95905816782157582,0.0057620396753345418,100,1.04761277396902,0.094728624591829874,100,1.04761277396902,0.094728624591829874,100,0,0,100,0,0,100,26.629999999999999,2.1709675262426198,100,1100.1600000000001,107.49313652508239,100,52,2162
perle,GPFA50,no_bounce,y,100,0.67682861804478123,0.047050886325927625,100,0.66964523906666729,0.04908116455355134,100,2.85714033178933,0.19656824851487306,100,2.7679043902228582,0.19650898918444781,100,-0.007183378978113779,0.0070735005924450088,100,0.089235941566471771,0.039264734425399586,100,26.629999999999999,2.1709675262426198,100,1100.1600000000001,107.49313652508239,100,52,2162
perle,GPFA50,post_bounce,x,100,0.94333384603694881,0.022602571860068751,100,0.94333384603694881,0.022602571860068751,100,0.97441855722980664,0.17993245524500651,100,0.97441855722980664,0.17993245524500651,100,0,0,100,0,0,100,12.94,2.1204716456486747,100,318.60000000000002,56.12557349372922,100,26,631
perle,GPFA50,post_bounce,y,100,0.86077036246794636,0.039622122557982739,100,0.84991206229116667,0.044710666400487473,100,4.8035569315998785,0.53022088950008872,100,5.0392244438773801,0.52117164829922236,100,-0.010858300176779634,0.017568541918869064,100,-0.23566751227750329,0.21913669261835989,100,12.94,2.1204716456486747,100,318.60000000000002,56.12557349372922,100,26,631
